Record Length,2500,Points,-500.000000000E-3,0.0,,Record Length,2500,Points,-500.000000000E-3,-4.00000019E-3,
Sample Interval,399.99998990E-6,s,-499.599993229E-3,16.0000008E-3,,Sample Interval,399.99998990E-6,s,-499.599993229E-3,20.0000014E-3,
Trigger Point,1.2500001E3,Samples,-499.199986458E-3,0.0,,Trigger Point,1.2500001E3,Samples,-499.199986458E-3,-4.00000019E-3,
,,,-498.800009489E-3,0.0,,,,,-498.800009489E-3,12.0000001E-3,
,,,-498.400002718E-3,0.0,,,,,-498.400002718E-3,0.0,
,,,-497.999995947E-3,8.000000380E-3,,,,,-497.999995947E-3,8.000000380E-3,
Source,CH1,,-497.599989176E-3,0.0,,Source,CH2,,-497.599989176E-3,-4.00000019E-3,
Vertical Units,Volts,,-497.200012207E-3,0.0,,Vertical Units,Volts,,-497.200012207E-3,8.000000380E-3,
Vertical Scale,200.00000950E-3,,-496.800005436E-3,0.0,,Vertical Scale,100.0000047E-3,,-496.800005436E-3,12.0000001E-3,
Vertical Offset,0,,-496.399998665E-3,0.0,,Vertical Offset,0,,-496.399998665E-3,-20.0000014E-3,
Horizontal Units,s,,-495.999991894E-3,144.0000087E-3,,Horizontal Units,s,,-495.999991894E-3,16.0000008E-3,
Horizontal Scale,99.999997474E-3,,-495.600014925E-3,136.0000074E-3,,Horizontal Scale,99.999997474E-3,,-495.600014925E-3,8.000000380E-3,
Pt Fmt,Y,,-495.200008154E-3,320.00002265E-3,,Pt Fmt,Y,,-495.200008154E-3,32.00000152E-3,
Yzero,-3.56000000,,-494.800001383E-3,368.00003052E-3,,Yzero,-3.56000000,,-494.800001383E-3,-68.000003695E-3,
Probe Atten,10.0000000,,-494.399994612E-3,360.00001431E-3,,Probe Atten,10.0000000,,-494.399994612E-3,92.000007629E-3,
,,,-493.999987841E-3,360.00001431E-3,,,,,-493.999987841E-3,88.000006974E-3,
Note,TBS 1072B - 16:48:46   02/07/2026,,-493.600010872E-3,352.00002789E-3,,Note,TBS 1072B - 16:48:46   02/07/2026,,-493.600010872E-3,108.0000028E-3,
,,,-493.200004101E-3,544.000029564E-3,,,,,-493.200004101E-3,144.0000087E-3,
,,,-492.799997330E-3,1.0080000,,,,,-492.799997330E-3,164.00000453E-3,
,,,-492.399990559E-3,1.0160000,,,,,-492.399990559E-3,220.00001371E-3,
,,,-492.000013590E-3,1.0160000,,,,,-492.000013590E-3,268.00000668E-3,
,,,-491.600006819E-3,1.000000,,,,,-491.600006819E-3,304.00002003E-3,
,,,-491.200000048E-3,1.0160000,,,,,-491.200000048E-3,344.00001168E-3,
,,,-490.799993277E-3,1.0160000,,,,,-490.799993277E-3,364.00002241E-3,
,,,-490.399986506E-3,1.0160000,,,,,-490.399986506E-3,392.00001955E-3,
,,,-490.000009537E-3,1.0080000,,,,,-490.000009537E-3,404.000014067E-3,
,,,-489.600002766E-3,1.0160000,,,,,-489.600002766E-3,428.000032902E-3,
,,,-489.199995995E-3,1.0160000,,,,,-489.199995995E-3,432.000011206E-3,
,,,-488.799989223E-3,1.0160000,,,,,-488.799989223E-3,448.000013828E-3,
,,,-488.400012255E-3,1.0080000,,,,,-488.400012255E-3,436.000019312E-3,
,,,-488.000005484E-3,1.0160000,,,,,-488.000005484E-3,464.000016451E-3,
,,,-487.599998713E-3,1.0160000,,,,,-487.599998713E-3,460.000008345E-3,
,,,-487.199991941E-3,1.0160000,,,,,-487.199991941E-3,468.000024557E-3,
,,,-486.800014973E-3,1.000000,,,,,-486.800014973E-3,468.000024557E-3,
,,,-486.400008202E-3,1.0080000,,,,,-486.400008202E-3,476.000010967E-3,
,,,-486.000001431E-3,1.0160000,,,,,-486.000001431E-3,488.000035286E-3,
,,,-485.599994659E-3,1.0080000,,,,,-485.599994659E-3,472.000032663E-3,
,,,-485.199987888E-3,1.0160000,,,,,-485.199987888E-3,476.000010967E-3,
,,,-484.800010920E-3,1.0080000,,,,,-484.800010920E-3,484.000027180E-3,
,,,-484.400004148E-3,1.0160000,,,,,-484.400004148E-3,488.000035286E-3,
,,,-483.999997377E-3,1.000000,,,,,-483.999997377E-3,480.000019073E-3,
,,,-483.599990606E-3,1.0080000,,,,,-483.599990606E-3,484.000027180E-3,
,,,-483.200013638E-3,1.0160000,,,,,-483.200013638E-3,492.000013590E-3,
,,,-482.800006866E-3,1.0240000,,,,,-482.800006866E-3,488.000035286E-3,
,,,-482.400000095E-3,1.0080000,,,,,-482.400000095E-3,488.000035286E-3,
,,,-481.999993324E-3,1.0080000,,,,,-481.999993324E-3,476.000010967E-3,
,,,-481.599986553E-3,1.0080000,,,,,-481.599986553E-3,488.000035286E-3,
,,,-481.200009584E-3,1.000000,,,,,-481.200009584E-3,476.000010967E-3,
,,,-480.800002813E-3,1.0080000,,,,,-480.800002813E-3,480.000019073E-3,
,,,-480.399996042E-3,1.0160000,,,,,-480.399996042E-3,488.000035286E-3,
,,,-479.999989271E-3,1.0160000,,,,,-479.999989271E-3,484.000027180E-3,
,,,-479.600012302E-3,1.0080000,,,,,-479.600012302E-3,496.000021696E-3,
,,,-479.200005531E-3,1.0080000,,,,,-479.200005531E-3,468.000024557E-3,
,,,-478.799998760E-3,1.0080000,,,,,-478.799998760E-3,492.000013590E-3,
,,,-478.399991989E-3,1.0080000,,,,,-478.399991989E-3,480.000019073E-3,
,,,-478.000015020E-3,1.0080000,,,,,-478.000015020E-3,476.000010967E-3,
,,,-477.600008249E-3,1.0240000,,,,,-477.600008249E-3,496.000021696E-3,
,,,-477.200001478E-3,1.0160000,,,,,-477.200001478E-3,484.000027180E-3,
,,,-476.799994707E-3,1.0080000,,,,,-476.799994707E-3,488.000035286E-3,
,,,-476.399987936E-3,1.0160000,,,,,-476.399987936E-3,484.000027180E-3,
,,,-476.000010967E-3,1.0160000,,,,,-476.000010967E-3,492.000013590E-3,
,,,-475.600004196E-3,1.0080000,,,,,-475.600004196E-3,484.000027180E-3,
,,,-475.199997425E-3,1.0080000,,,,,-475.199997425E-3,484.000027180E-3,
,,,-474.799990654E-3,1.0080000,,,,,-474.799990654E-3,488.000035286E-3,
,,,-474.400013685E-3,1.0160000,,,,,-474.400013685E-3,488.000035286E-3,
,,,-474.000006914E-3,1.0160000,,,,,-474.000006914E-3,496.000021696E-3,
,,,-473.600000143E-3,1.0160000,,,,,-473.600000143E-3,488.000035286E-3,
,,,-473.199993372E-3,1.0160000,,,,,-473.199993372E-3,484.000027180E-3,
,,,-472.799986601E-3,1.0080000,,,,,-472.799986601E-3,488.000035286E-3,
,,,-472.400009632E-3,1.0160000,,,,,-472.400009632E-3,496.000021696E-3,
,,,-472.000002861E-3,1.0080000,,,,,-472.000002861E-3,484.000027180E-3,
,,,-471.599996090E-3,1.0160000,,,,,-471.599996090E-3,496.000021696E-3,
,,,-471.199989319E-3,1.0080000,,,,,-471.199989319E-3,488.000035286E-3,
,,,-470.800012350E-3,1.0160000,,,,,-470.800012350E-3,496.000021696E-3,
,,,-470.400005579E-3,1.0160000,,,,,-470.400005579E-3,488.000035286E-3,
,,,-469.999998808E-3,1.0160000,,,,,-469.999998808E-3,480.000019073E-3,
,,,-469.599992037E-3,1.0160000,,,,,-469.599992037E-3,496.000021696E-3,
,,,-469.200015068E-3,1.0160000,,,,,-469.200015068E-3,496.000021696E-3,
,,,-468.800008297E-3,1.0240000,,,,,-468.800008297E-3,496.000021696E-3,
,,,-468.400001526E-3,1.0080000,,,,,-468.400001526E-3,476.000010967E-3,
,,,-467.999994755E-3,1.0160000,,,,,-467.999994755E-3,496.000021696E-3,
,,,-467.599987984E-3,1.0080000,,,,,-467.599987984E-3,488.000035286E-3,
,,,-467.200011015E-3,1.0080000,,,,,-467.200011015E-3,480.000019073E-3,
,,,-466.800004244E-3,1.0160000,,,,,-466.800004244E-3,500.000000000E-3,
,,,-466.399997473E-3,1.0160000,,,,,-466.399997473E-3,488.000035286E-3,
,,,-465.999990702E-3,1.0080000,,,,,-465.999990702E-3,488.000035286E-3,
,,,-465.600013733E-3,1.0160000,,,,,-465.600013733E-3,484.000027180E-3,
,,,-465.200006962E-3,1.0160000,,,,,-465.200006962E-3,488.000035286E-3,
,,,-464.800000191E-3,1.0160000,,,,,-464.800000191E-3,492.000013590E-3,
,,,-464.399993420E-3,1.0240000,,,,,-464.399993420E-3,496.000021696E-3,
,,,-463.999986649E-3,1.0080000,,,,,-463.999986649E-3,488.000035286E-3,
,,,-463.600009680E-3,1.0160000,,,,,-463.600009680E-3,496.000021696E-3,
,,,-463.200002909E-3,1.0080000,,,,,-463.200002909E-3,492.000013590E-3,
,,,-462.799996138E-3,1.000000,,,,,-462.799996138E-3,476.000010967E-3,
,,,-462.399989367E-3,1.0160000,,,,,-462.399989367E-3,488.000035286E-3,
,,,-462.000012398E-3,1.000000,,,,,-462.000012398E-3,476.000010967E-3,
,,,-461.600005627E-3,1.0080000,,,,,-461.600005627E-3,476.000010967E-3,
,,,-461.199998856E-3,1.0080000,,,,,-461.199998856E-3,488.000035286E-3,
,,,-460.799992085E-3,1.0080000,,,,,-460.799992085E-3,488.000035286E-3,
,,,-460.400015116E-3,1.0160000,,,,,-460.400015116E-3,488.000035286E-3,
,,,-460.000008345E-3,1.0160000,,,,,-460.000008345E-3,492.000013590E-3,
,,,-459.600001574E-3,1.0240000,,,,,-459.600001574E-3,492.000013590E-3,
,,,-459.199994802E-3,1.0080000,,,,,-459.199994802E-3,480.000019073E-3,
,,,-458.799988031E-3,1.0080000,,,,,-458.799988031E-3,484.000027180E-3,
,,,-458.400011063E-3,1.0080000,,,,,-458.400011063E-3,484.000027180E-3,
,,,-458.000004292E-3,1.0080000,,,,,-458.000004292E-3,496.000021696E-3,
,,,-457.599997520E-3,1.0080000,,,,,-457.599997520E-3,484.000027180E-3,
,,,-457.199990749E-3,1.0080000,,,,,-457.199990749E-3,484.000027180E-3,
,,,-456.800013781E-3,1.0080000,,,,,-456.800013781E-3,484.000027180E-3,
,,,-456.400007010E-3,1.0160000,,,,,-456.400007010E-3,492.000013590E-3,
,,,-456.000000238E-3,1.0080000,,,,,-456.000000238E-3,496.000021696E-3,
,,,-455.599993467E-3,1.0160000,,,,,-455.599993467E-3,484.000027180E-3,
,,,-455.199986696E-3,1.0160000,,,,,-455.199986696E-3,496.000021696E-3,
,,,-454.800009727E-3,1.0080000,,,,,-454.800009727E-3,488.000035286E-3,
,,,-454.400002956E-3,1.0320001,,,,,-454.400002956E-3,504.000008106E-3,
,,,-453.999996185E-3,1.0160000,,,,,-453.999996185E-3,484.000027180E-3,
,,,-453.599989414E-3,1.0320001,,,,,-453.599989414E-3,496.000021696E-3,
,,,-453.200012445E-3,1.0160000,,,,,-453.200012445E-3,488.000035286E-3,
,,,-452.800005674E-3,1.0080000,,,,,-452.800005674E-3,480.000019073E-3,
,,,-452.399998903E-3,1.0160000,,,,,-452.399998903E-3,496.000021696E-3,
,,,-451.999992132E-3,1.0080000,,,,,-451.999992132E-3,488.000035286E-3,
,,,-451.600015163E-3,1.0160000,,,,,-451.600015163E-3,480.000019073E-3,
,,,-451.200008392E-3,1.0160000,,,,,-451.200008392E-3,488.000035286E-3,
,,,-450.800001621E-3,1.0160000,,,,,-450.800001621E-3,492.000013590E-3,
,,,-450.399994850E-3,1.0160000,,,,,-450.399994850E-3,484.000027180E-3,
,,,-449.999988079E-3,1.0080000,,,,,-449.999988079E-3,480.000019073E-3,
,,,-449.600011110E-3,1.0160000,,,,,-449.600011110E-3,484.000027180E-3,
,,,-449.200004339E-3,1.0160000,,,,,-449.200004339E-3,484.000027180E-3,
,,,-448.799997568E-3,1.0080000,,,,,-448.799997568E-3,488.000035286E-3,
,,,-448.399990797E-3,1.0160000,,,,,-448.399990797E-3,480.000019073E-3,
,,,-448.000013828E-3,1.0080000,,,,,-448.000013828E-3,488.000035286E-3,
,,,-447.600007057E-3,1.0080000,,,,,-447.600007057E-3,488.000035286E-3,
,,,-447.200000286E-3,1.0080000,,,,,-447.200000286E-3,484.000027180E-3,
,,,-446.799993515E-3,1.0080000,,,,,-446.799993515E-3,476.000010967E-3,
,,,-446.399986744E-3,1.0080000,,,,,-446.399986744E-3,484.000027180E-3,
,,,-446.000009775E-3,1.0080000,,,,,-446.000009775E-3,488.000035286E-3,
,,,-445.600003004E-3,1.0080000,,,,,-445.600003004E-3,488.000035286E-3,
,,,-445.199996233E-3,1.0160000,,,,,-445.199996233E-3,484.000027180E-3,
,,,-444.799989462E-3,1.0080000,,,,,-444.799989462E-3,476.000010967E-3,
,,,-444.400012493E-3,1.0080000,,,,,-444.400012493E-3,488.000035286E-3,
,,,-444.000005722E-3,1.0080000,,,,,-444.000005722E-3,484.000027180E-3,
,,,-443.599998951E-3,1.0240000,,,,,-443.599998951E-3,488.000035286E-3,
,,,-443.199992180E-3,1.0080000,,,,,-443.199992180E-3,492.000013590E-3,
,,,-442.800015211E-3,1.0160000,,,,,-442.800015211E-3,500.000000000E-3,
,,,-442.400008440E-3,1.0080000,,,,,-442.400008440E-3,484.000027180E-3,
,,,-442.000001669E-3,1.0160000,,,,,-442.000001669E-3,492.000013590E-3,
,,,-441.599994898E-3,1.0080000,,,,,-441.599994898E-3,484.000027180E-3,
,,,-441.199988127E-3,1.0160000,,,,,-441.199988127E-3,488.000035286E-3,
,,,-440.800011158E-3,1.0080000,,,,,-440.800011158E-3,488.000035286E-3,
,,,-440.400004387E-3,1.0160000,,,,,-440.400004387E-3,476.000010967E-3,
,,,-439.999997616E-3,1.0080000,,,,,-439.999997616E-3,476.000010967E-3,
,,,-439.599990845E-3,1.0160000,,,,,-439.599990845E-3,488.000035286E-3,
,,,-439.200013876E-3,1.0160000,,,,,-439.200013876E-3,500.000000000E-3,
,,,-438.800007105E-3,1.0160000,,,,,-438.800007105E-3,480.000019073E-3,
,,,-438.400000334E-3,1.0160000,,,,,-438.400000334E-3,496.000021696E-3,
,,,-437.999993563E-3,1.0160000,,,,,-437.999993563E-3,496.000021696E-3,
,,,-437.599986792E-3,1.0160000,,,,,-437.599986792E-3,492.000013590E-3,
,,,-437.200009823E-3,1.0160000,,,,,-437.200009823E-3,484.000027180E-3,
,,,-436.800003052E-3,1.0160000,,,,,-436.800003052E-3,488.000035286E-3,
,,,-436.399996281E-3,1.0080000,,,,,-436.399996281E-3,488.000035286E-3,
,,,-435.999989510E-3,1.0080000,,,,,-435.999989510E-3,480.000019073E-3,
,,,-435.600012541E-3,1.0240000,,,,,-435.600012541E-3,504.000008106E-3,
,,,-435.200005770E-3,1.0160000,,,,,-435.200005770E-3,496.000021696E-3,
,,,-434.799998999E-3,1.0160000,,,,,-434.799998999E-3,484.000027180E-3,
,,,-434.399992228E-3,1.0160000,,,,,-434.399992228E-3,492.000013590E-3,
,,,-434.000015259E-3,1.0160000,,,,,-434.000015259E-3,488.000035286E-3,
,,,-433.600008488E-3,1.0240000,,,,,-433.600008488E-3,496.000021696E-3,
,,,-433.200001717E-3,1.0160000,,,,,-433.200001717E-3,492.000013590E-3,
,,,-432.799994946E-3,1.0080000,,,,,-432.799994946E-3,480.000019073E-3,
,,,-432.399988174E-3,1.0080000,,,,,-432.399988174E-3,488.000035286E-3,
,,,-432.000011206E-3,1.0160000,,,,,-432.000011206E-3,488.000035286E-3,
,,,-431.600004435E-3,1.0160000,,,,,-431.600004435E-3,492.000013590E-3,
,,,-431.199997663E-3,1.0080000,,,,,-431.199997663E-3,496.000021696E-3,
,,,-430.799990892E-3,1.0160000,,,,,-430.799990892E-3,480.000019073E-3,
,,,-430.400013924E-3,1.0080000,,,,,-430.400013924E-3,484.000027180E-3,
,,,-430.000007153E-3,1.0080000,,,,,-430.000007153E-3,488.000035286E-3,
,,,-429.600000381E-3,1.0160000,,,,,-429.600000381E-3,484.000027180E-3,
,,,-429.199993610E-3,1.0160000,,,,,-429.199993610E-3,496.000021696E-3,
,,,-428.800016642E-3,1.0160000,,,,,-428.800016642E-3,484.000027180E-3,
,,,-428.400009871E-3,1.0080000,,,,,-428.400009871E-3,476.000010967E-3,
,,,-428.000003099E-3,1.0160000,,,,,-428.000003099E-3,472.000032663E-3,
,,,-427.599996328E-3,1.0160000,,,,,-427.599996328E-3,500.000000000E-3,
,,,-427.199989557E-3,1.0160000,,,,,-427.199989557E-3,488.000035286E-3,
,,,-426.800012589E-3,1.0240000,,,,,-426.800012589E-3,492.000013590E-3,
,,,-426.400005817E-3,1.0080000,,,,,-426.400005817E-3,488.000035286E-3,
,,,-425.999999046E-3,1.0160000,,,,,-425.999999046E-3,484.000027180E-3,
,,,-425.599992275E-3,1.0160000,,,,,-425.599992275E-3,492.000013590E-3,
,,,-425.200015306E-3,1.0080000,,,,,-425.200015306E-3,484.000027180E-3,
,,,-424.800008535E-3,1.0160000,,,,,-424.800008535E-3,476.000010967E-3,
,,,-424.400001764E-3,1.0160000,,,,,-424.400001764E-3,480.000019073E-3,
,,,-423.999994993E-3,1.0160000,,,,,-423.999994993E-3,492.000013590E-3,
,,,-423.599988222E-3,1.0080000,,,,,-423.599988222E-3,492.000013590E-3,
,,,-423.200011253E-3,1.0160000,,,,,-423.200011253E-3,492.000013590E-3,
,,,-422.800004482E-3,1.0080000,,,,,-422.800004482E-3,484.000027180E-3,
,,,-422.399997711E-3,1.0080000,,,,,-422.399997711E-3,484.000027180E-3,
,,,-421.999990940E-3,1.0160000,,,,,-421.999990940E-3,496.000021696E-3,
,,,-421.600013971E-3,1.0080000,,,,,-421.600013971E-3,488.000035286E-3,
,,,-421.200007200E-3,1.0160000,,,,,-421.200007200E-3,488.000035286E-3,
,,,-420.800000429E-3,1.0160000,,,,,-420.800000429E-3,488.000035286E-3,
,,,-420.399993658E-3,1.0080000,,,,,-420.399993658E-3,476.000010967E-3,
,,,-420.000016689E-3,1.0240000,,,,,-420.000016689E-3,484.000027180E-3,
,,,-419.600009918E-3,1.0240000,,,,,-419.600009918E-3,496.000021696E-3,
,,,-419.200003147E-3,1.000000,,,,,-419.200003147E-3,476.000010967E-3,
,,,-418.799996376E-3,1.0160000,,,,,-418.799996376E-3,480.000019073E-3,
,,,-418.399989605E-3,1.0160000,,,,,-418.399989605E-3,492.000013590E-3,
,,,-418.000012636E-3,1.0080000,,,,,-418.000012636E-3,488.000035286E-3,
,,,-417.600005865E-3,1.0160000,,,,,-417.600005865E-3,492.000013590E-3,
,,,-417.199999094E-3,1.0160000,,,,,-417.199999094E-3,488.000035286E-3,
,,,-416.799992323E-3,1.0160000,,,,,-416.799992323E-3,484.000027180E-3,
,,,-416.400015354E-3,1.0240000,,,,,-416.400015354E-3,496.000021696E-3,
,,,-416.000008583E-3,1.0160000,,,,,-416.000008583E-3,488.000035286E-3,
,,,-415.600001812E-3,1.0160000,,,,,-415.600001812E-3,484.000027180E-3,
,,,-415.199995041E-3,1.0160000,,,,,-415.199995041E-3,492.000013590E-3,
,,,-414.799988270E-3,1.0080000,,,,,-414.799988270E-3,484.000027180E-3,
,,,-414.400011301E-3,1.0160000,,,,,-414.400011301E-3,484.000027180E-3,
,,,-414.000004530E-3,1.0080000,,,,,-414.000004530E-3,488.000035286E-3,
,,,-413.599997759E-3,1.0080000,,,,,-413.599997759E-3,488.000035286E-3,
,,,-413.199990988E-3,1.0160000,,,,,-413.199990988E-3,496.000021696E-3,
,,,-412.800014019E-3,1.0160000,,,,,-412.800014019E-3,484.000027180E-3,
,,,-412.400007248E-3,1.0160000,,,,,-412.400007248E-3,476.000010967E-3,
,,,-412.000000477E-3,1.0160000,,,,,-412.000000477E-3,480.000019073E-3,
,,,-411.599993706E-3,1.0080000,,,,,-411.599993706E-3,488.000035286E-3,
,,,-411.200016737E-3,1.0080000,,,,,-411.200016737E-3,484.000027180E-3,
,,,-410.800009966E-3,1.0160000,,,,,-410.800009966E-3,492.000013590E-3,
,,,-410.400003195E-3,1.0080000,,,,,-410.400003195E-3,492.000013590E-3,
,,,-409.999996424E-3,1.0080000,,,,,-409.999996424E-3,492.000013590E-3,
,,,-409.599989653E-3,1.0080000,,,,,-409.599989653E-3,480.000019073E-3,
,,,-409.200012684E-3,1.0160000,,,,,-409.200012684E-3,496.000021696E-3,
,,,-408.800005913E-3,1.0080000,,,,,-408.800005913E-3,480.000019073E-3,
,,,-408.399999142E-3,1.0160000,,,,,-408.399999142E-3,480.000019073E-3,
,,,-407.999992371E-3,1.0080000,,,,,-407.999992371E-3,484.000027180E-3,
,,,-407.600015402E-3,1.0080000,,,,,-407.600015402E-3,488.000035286E-3,
,,,-407.200008631E-3,1.0080000,,,,,-407.200008631E-3,492.000013590E-3,
,,,-406.800001860E-3,1.0160000,,,,,-406.800001860E-3,488.000035286E-3,
,,,-406.399995089E-3,1.0080000,,,,,-406.399995089E-3,488.000035286E-3,
,,,-405.999988317E-3,1.0160000,,,,,-405.999988317E-3,492.000013590E-3,
,,,-405.600011349E-3,1.0080000,,,,,-405.600011349E-3,480.000019073E-3,
,,,-405.200004578E-3,1.0080000,,,,,-405.200004578E-3,492.000013590E-3,
,,,-404.799997807E-3,1.0160000,,,,,-404.799997807E-3,492.000013590E-3,
,,,-404.399991035E-3,1.0080000,,,,,-404.399991035E-3,472.000032663E-3,
,,,-404.000014067E-3,1.0160000,,,,,-404.000014067E-3,488.000035286E-3,
,,,-403.600007296E-3,1.0160000,,,,,-403.600007296E-3,484.000027180E-3,
,,,-403.20000052E-3,1.0080000,,,,,-403.20000052E-3,480.000019073E-3,
,,,-402.79999375E-3,1.0080000,,,,,-402.79999375E-3,496.000021696E-3,
,,,-402.40001678E-3,1.0080000,,,,,-402.40001678E-3,492.000013590E-3,
,,,-402.00001001E-3,1.0160000,,,,,-402.00001001E-3,492.000013590E-3,
,,,-401.60000324E-3,1.0160000,,,,,-401.60000324E-3,492.000013590E-3,
,,,-401.19999647E-3,1.0080000,,,,,-401.19999647E-3,484.000027180E-3,
,,,-400.79998970E-3,1.0160000,,,,,-400.79998970E-3,496.000021696E-3,
,,,-400.40001273E-3,1.0080000,,,,,-400.40001273E-3,484.000027180E-3,
,,,-400.00000596E-3,1.0080000,,,,,-400.00000596E-3,488.000035286E-3,
,,,-399.59999919E-3,1.0160000,,,,,-399.59999919E-3,496.000021696E-3,
,,,-399.19999242E-3,1.0160000,,,,,-399.19999242E-3,492.000013590E-3,
,,,-398.80001545E-3,1.0080000,,,,,-398.80001545E-3,484.000027180E-3,
,,,-398.40000868E-3,1.0080000,,,,,-398.40000868E-3,476.000010967E-3,
,,,-398.00000191E-3,1.0080000,,,,,-398.00000191E-3,488.000035286E-3,
,,,-397.59999514E-3,1.0160000,,,,,-397.59999514E-3,488.000035286E-3,
,,,-397.19998837E-3,1.0240000,,,,,-397.19998837E-3,504.000008106E-3,
,,,-396.80001140E-3,1.0080000,,,,,-396.80001140E-3,488.000035286E-3,
,,,-396.40000463E-3,1.0160000,,,,,-396.40000463E-3,496.000021696E-3,
,,,-395.99999785E-3,1.0160000,,,,,-395.99999785E-3,492.000013590E-3,
,,,-395.59999108E-3,1.0160000,,,,,-395.59999108E-3,480.000019073E-3,
,,,-395.20001411E-3,1.0080000,,,,,-395.20001411E-3,492.000013590E-3,
,,,-394.80000734E-3,1.0080000,,,,,-394.80000734E-3,492.000013590E-3,
,,,-394.40000057E-3,1.0080000,,,,,-394.40000057E-3,488.000035286E-3,
,,,-393.99999380E-3,1.0080000,,,,,-393.99999380E-3,484.000027180E-3,
,,,-393.60001683E-3,1.0240000,,,,,-393.60001683E-3,492.000013590E-3,
,,,-393.20001006E-3,1.0160000,,,,,-393.20001006E-3,484.000027180E-3,
,,,-392.80000329E-3,1.0160000,,,,,-392.80000329E-3,476.000010967E-3,
,,,-392.39999652E-3,1.0160000,,,,,-392.39999652E-3,492.000013590E-3,
,,,-391.99998975E-3,1.0240000,,,,,-391.99998975E-3,492.000013590E-3,
,,,-391.60001278E-3,1.0160000,,,,,-391.60001278E-3,488.000035286E-3,
,,,-391.20000601E-3,1.0080000,,,,,-391.20000601E-3,492.000013590E-3,
,,,-390.79999924E-3,1.0160000,,,,,-390.79999924E-3,484.000027180E-3,
,,,-390.39999247E-3,1.0080000,,,,,-390.39999247E-3,496.000021696E-3,
,,,-390.00001550E-3,1.0080000,,,,,-390.00001550E-3,484.000027180E-3,
,,,-389.60000873E-3,1.0160000,,,,,-389.60000873E-3,484.000027180E-3,
,,,-389.20000196E-3,1.0240000,,,,,-389.20000196E-3,492.000013590E-3,
,,,-388.79999518E-3,1.0080000,,,,,-388.79999518E-3,484.000027180E-3,
,,,-388.39998841E-3,1.0160000,,,,,-388.39998841E-3,500.000000000E-3,
,,,-388.00001144E-3,1.0160000,,,,,-388.00001144E-3,496.000021696E-3,
,,,-387.60000467E-3,1.0080000,,,,,-387.60000467E-3,480.000019073E-3,
,,,-387.19999790E-3,1.0160000,,,,,-387.19999790E-3,476.000010967E-3,
,,,-386.79999113E-3,1.0080000,,,,,-386.79999113E-3,476.000010967E-3,
,,,-386.40001416E-3,1.0080000,,,,,-386.40001416E-3,480.000019073E-3,
,,,-386.00000739E-3,1.0080000,,,,,-386.00000739E-3,484.000027180E-3,
,,,-385.60000062E-3,1.0160000,,,,,-385.60000062E-3,492.000013590E-3,
,,,-385.19999385E-3,1.0080000,,,,,-385.19999385E-3,484.000027180E-3,
,,,-384.80001688E-3,1.0080000,,,,,-384.80001688E-3,484.000027180E-3,
,,,-384.40001011E-3,1.0160000,,,,,-384.40001011E-3,496.000021696E-3,
,,,-384.00000334E-3,1.0160000,,,,,-384.00000334E-3,496.000021696E-3,
,,,-383.59999657E-3,1.0240000,,,,,-383.59999657E-3,496.000021696E-3,
,,,-383.19998980E-3,1.0160000,,,,,-383.19998980E-3,484.000027180E-3,
,,,-382.80001283E-3,1.0160000,,,,,-382.80001283E-3,488.000035286E-3,
,,,-382.40000606E-3,1.0080000,,,,,-382.40000606E-3,480.000019073E-3,
,,,-381.99999928E-3,1.0160000,,,,,-381.99999928E-3,480.000019073E-3,
,,,-381.59999251E-3,1.0160000,,,,,-381.59999251E-3,484.000027180E-3,
,,,-381.20001554E-3,1.0160000,,,,,-381.20001554E-3,492.000013590E-3,
,,,-380.80000877E-3,1.0160000,,,,,-380.80000877E-3,496.000021696E-3,
,,,-380.40000200E-3,1.0160000,,,,,-380.40000200E-3,496.000021696E-3,
,,,-379.99999523E-3,1.0080000,,,,,-379.99999523E-3,484.000027180E-3,
,,,-379.59998846E-3,1.0080000,,,,,-379.59998846E-3,500.000000000E-3,
,,,-379.20001149E-3,1.0080000,,,,,-379.20001149E-3,476.000010967E-3,
,,,-378.80000472E-3,1.0240000,,,,,-378.80000472E-3,488.000035286E-3,
,,,-378.39999795E-3,1.0080000,,,,,-378.39999795E-3,484.000027180E-3,
,,,-377.99999118E-3,1.0080000,,,,,-377.99999118E-3,496.000021696E-3,
,,,-377.60001421E-3,1.0080000,,,,,-377.60001421E-3,480.000019073E-3,
,,,-377.20000744E-3,1.0160000,,,,,-377.20000744E-3,492.000013590E-3,
,,,-376.80000067E-3,1.0160000,,,,,-376.80000067E-3,488.000035286E-3,
,,,-376.39999390E-3,1.0080000,,,,,-376.39999390E-3,484.000027180E-3,
,,,-376.00001693E-3,1.0080000,,,,,-376.00001693E-3,488.000035286E-3,
,,,-375.60001016E-3,1.0080000,,,,,-375.60001016E-3,484.000027180E-3,
,,,-375.20000339E-3,1.000000,,,,,-375.20000339E-3,484.000027180E-3,
,,,-374.79999661E-3,1.0160000,,,,,-374.79999661E-3,484.000027180E-3,
,,,-374.39998984E-3,1.0080000,,,,,-374.39998984E-3,480.000019073E-3,
,,,-374.00001287E-3,1.0080000,,,,,-374.00001287E-3,488.000035286E-3,
,,,-373.60000610E-3,1.0080000,,,,,-373.60000610E-3,488.000035286E-3,
,,,-373.19999933E-3,1.0160000,,,,,-373.19999933E-3,480.000019073E-3,
,,,-372.79999256E-3,1.0080000,,,,,-372.79999256E-3,492.000013590E-3,
,,,-372.40001559E-3,1.0160000,,,,,-372.40001559E-3,484.000027180E-3,
,,,-372.00000882E-3,1.0240000,,,,,-372.00000882E-3,500.000000000E-3,
,,,-371.60000205E-3,1.0080000,,,,,-371.60000205E-3,484.000027180E-3,
,,,-371.19999528E-3,1.0160000,,,,,-371.19999528E-3,492.000013590E-3,
,,,-370.79998851E-3,1.0160000,,,,,-370.79998851E-3,488.000035286E-3,
,,,-370.40001154E-3,1.0080000,,,,,-370.40001154E-3,476.000010967E-3,
,,,-370.00000477E-3,1.0160000,,,,,-370.00000477E-3,496.000021696E-3,
,,,-369.59999800E-3,1.0080000,,,,,-369.59999800E-3,476.000010967E-3,
,,,-369.19999123E-3,1.0080000,,,,,-369.19999123E-3,484.000027180E-3,
,,,-368.80001426E-3,1.0080000,,,,,-368.80001426E-3,484.000027180E-3,
,,,-368.40000749E-3,1.0080000,,,,,-368.40000749E-3,484.000027180E-3,
,,,-368.00000072E-3,1.0080000,,,,,-368.00000072E-3,496.000021696E-3,
,,,-367.59999394E-3,1.0160000,,,,,-367.59999394E-3,488.000035286E-3,
,,,-367.20001698E-3,1.0160000,,,,,-367.20001698E-3,496.000021696E-3,
,,,-366.80001020E-3,1.0240000,,,,,-366.80001020E-3,496.000021696E-3,
,,,-366.40000343E-3,1.0080000,,,,,-366.40000343E-3,472.000032663E-3,
,,,-365.99999666E-3,1.0080000,,,,,-365.99999666E-3,476.000010967E-3,
,,,-365.59998989E-3,1.000000,,,,,-365.59998989E-3,484.000027180E-3,
,,,-365.20001292E-3,1.0160000,,,,,-365.20001292E-3,492.000013590E-3,
,,,-364.80000615E-3,1.0160000,,,,,-364.80000615E-3,492.000013590E-3,
,,,-364.39999938E-3,1.0160000,,,,,-364.39999938E-3,496.000021696E-3,
,,,-363.99999261E-3,1.0160000,,,,,-363.99999261E-3,492.000013590E-3,
,,,-363.60001564E-3,1.0160000,,,,,-363.60001564E-3,496.000021696E-3,
,,,-363.20000887E-3,1.0160000,,,,,-363.20000887E-3,504.000008106E-3,
,,,-362.80000210E-3,1.0080000,,,,,-362.80000210E-3,484.000027180E-3,
,,,-362.39999533E-3,1.0160000,,,,,-362.39999533E-3,492.000013590E-3,
,,,-362.00001836E-3,1.0160000,,,,,-362.00001836E-3,480.000019073E-3,
,,,-361.60001159E-3,1.0080000,,,,,-361.60001159E-3,484.000027180E-3,
,,,-361.20000482E-3,1.0080000,,,,,-361.20000482E-3,492.000013590E-3,
,,,-360.79999804E-3,1.0160000,,,,,-360.79999804E-3,488.000035286E-3,
,,,-360.39999127E-3,1.0240000,,,,,-360.39999127E-3,508.000016212E-3,
,,,-360.00001431E-3,1.000000,,,,,-360.00001431E-3,488.000035286E-3,
,,,-359.60000753E-3,1.0080000,,,,,-359.60000753E-3,488.000035286E-3,
,,,-359.20000076E-3,1.0080000,,,,,-359.20000076E-3,484.000027180E-3,
,,,-358.79999399E-3,1.0080000,,,,,-358.79999399E-3,484.000027180E-3,
,,,-358.40001702E-3,1.0240000,,,,,-358.40001702E-3,504.000008106E-3,
,,,-358.00001025E-3,1.0160000,,,,,-358.00001025E-3,492.000013590E-3,
,,,-357.60000348E-3,1.0080000,,,,,-357.60000348E-3,484.000027180E-3,
,,,-357.19999671E-3,1.0160000,,,,,-357.19999671E-3,504.000008106E-3,
,,,-356.79998994E-3,1.0160000,,,,,-356.79998994E-3,500.000000000E-3,
,,,-356.40001297E-3,1.0080000,,,,,-356.40001297E-3,488.000035286E-3,
,,,-356.00000620E-3,1.0080000,,,,,-356.00000620E-3,496.000021696E-3,
,,,-355.59999943E-3,1.0160000,,,,,-355.59999943E-3,500.000000000E-3,
,,,-355.19999266E-3,1.0160000,,,,,-355.19999266E-3,480.000019073E-3,
,,,-354.80001569E-3,1.0080000,,,,,-354.80001569E-3,484.000027180E-3,
,,,-354.40000892E-3,1.0240000,,,,,-354.40000892E-3,492.000013590E-3,
,,,-354.00000215E-3,1.0160000,,,,,-354.00000215E-3,476.000010967E-3,
,,,-353.59999537E-3,1.0160000,,,,,-353.59999537E-3,480.000019073E-3,
,,,-353.20001841E-3,1.0240000,,,,,-353.20001841E-3,496.000021696E-3,
,,,-352.80001163E-3,1.0240000,,,,,-352.80001163E-3,488.000035286E-3,
,,,-352.40000486E-3,1.0160000,,,,,-352.40000486E-3,496.000021696E-3,
,,,-351.99999809E-3,1.0160000,,,,,-351.99999809E-3,488.000035286E-3,
,,,-351.59999132E-3,1.0080000,,,,,-351.59999132E-3,496.000021696E-3,
,,,-351.20001435E-3,1.0080000,,,,,-351.20001435E-3,488.000035286E-3,
,,,-350.80000758E-3,1.0160000,,,,,-350.80000758E-3,488.000035286E-3,
,,,-350.40000081E-3,1.0160000,,,,,-350.40000081E-3,492.000013590E-3,
,,,-349.99999404E-3,1.0080000,,,,,-349.99999404E-3,484.000027180E-3,
,,,-349.60001707E-3,1.0160000,,,,,-349.60001707E-3,496.000021696E-3,
,,,-349.20001030E-3,1.0160000,,,,,-349.20001030E-3,492.000013590E-3,
,,,-348.80000353E-3,1.0160000,,,,,-348.80000353E-3,496.000021696E-3,
,,,-348.39999676E-3,1.0080000,,,,,-348.39999676E-3,488.000035286E-3,
,,,-347.99998999E-3,1.0160000,,,,,-347.99998999E-3,496.000021696E-3,
,,,-347.60001302E-3,1.0160000,,,,,-347.60001302E-3,504.000008106E-3,
,,,-347.20000625E-3,1.000000,,,,,-347.20000625E-3,472.000032663E-3,
,,,-346.79999948E-3,1.0160000,,,,,-346.79999948E-3,480.000019073E-3,
,,,-346.39999270E-3,1.0160000,,,,,-346.39999270E-3,492.000013590E-3,
,,,-346.00001574E-3,1.0240000,,,,,-346.00001574E-3,500.000000000E-3,
,,,-345.60000896E-3,1.0160000,,,,,-345.60000896E-3,484.000027180E-3,
,,,-345.20000219E-3,1.0160000,,,,,-345.20000219E-3,500.000000000E-3,
,,,-344.79999542E-3,1.0160000,,,,,-344.79999542E-3,484.000027180E-3,
,,,-344.40001845E-3,1.0160000,,,,,-344.40001845E-3,488.000035286E-3,
,,,-344.00001168E-3,1.000000,,,,,-344.00001168E-3,476.000010967E-3,
,,,-343.60000491E-3,1.0160000,,,,,-343.60000491E-3,488.000035286E-3,
,,,-343.19999814E-3,1.0080000,,,,,-343.19999814E-3,488.000035286E-3,
,,,-342.79999137E-3,1.0160000,,,,,-342.79999137E-3,492.000013590E-3,
,,,-342.40001440E-3,1.0160000,,,,,-342.40001440E-3,484.000027180E-3,
,,,-342.00000763E-3,1.0160000,,,,,-342.00000763E-3,496.000021696E-3,
,,,-341.60000086E-3,1.0080000,,,,,-341.60000086E-3,476.000010967E-3,
,,,-341.19999409E-3,1.0160000,,,,,-341.19999409E-3,484.000027180E-3,
,,,-340.80001712E-3,1.0160000,,,,,-340.80001712E-3,480.000019073E-3,
,,,-340.40001035E-3,1.0160000,,,,,-340.40001035E-3,496.000021696E-3,
,,,-340.00000358E-3,1.0160000,,,,,-340.00000358E-3,500.000000000E-3,
,,,-339.59999681E-3,1.0160000,,,,,-339.59999681E-3,496.000021696E-3,
,,,-339.19999003E-3,1.0080000,,,,,-339.19999003E-3,488.000035286E-3,
,,,-338.80001307E-3,1.0080000,,,,,-338.80001307E-3,488.000035286E-3,
,,,-338.40000629E-3,1.0240000,,,,,-338.40000629E-3,492.000013590E-3,
,,,-337.99999952E-3,1.0160000,,,,,-337.99999952E-3,500.000000000E-3,
,,,-337.59999275E-3,1.0160000,,,,,-337.59999275E-3,488.000035286E-3,
,,,-337.20001578E-3,1.0080000,,,,,-337.20001578E-3,488.000035286E-3,
,,,-336.80000901E-3,1.0160000,,,,,-336.80000901E-3,492.000013590E-3,
,,,-336.40000224E-3,1.0160000,,,,,-336.40000224E-3,488.000035286E-3,
,,,-335.99999547E-3,1.0080000,,,,,-335.99999547E-3,492.000013590E-3,
,,,-335.60001850E-3,1.0160000,,,,,-335.60001850E-3,476.000010967E-3,
,,,-335.20001173E-3,1.0080000,,,,,-335.20001173E-3,488.000035286E-3,
,,,-334.80000496E-3,1.0080000,,,,,-334.80000496E-3,488.000035286E-3,
,,,-334.39999819E-3,1.0160000,,,,,-334.39999819E-3,496.000021696E-3,
,,,-333.99999142E-3,1.0160000,,,,,-333.99999142E-3,488.000035286E-3,
,,,-333.60001445E-3,1.0160000,,,,,-333.60001445E-3,492.000013590E-3,
,,,-333.20000768E-3,1.0240000,,,,,-333.20000768E-3,492.000013590E-3,
,,,-332.80000091E-3,1.0080000,,,,,-332.80000091E-3,484.000027180E-3,
,,,-332.39999413E-3,1.0160000,,,,,-332.39999413E-3,488.000035286E-3,
,,,-332.00001717E-3,1.0240000,,,,,-332.00001717E-3,492.000013590E-3,
,,,-331.60001040E-3,1.0080000,,,,,-331.60001040E-3,484.000027180E-3,
,,,-331.20000362E-3,1.0160000,,,,,-331.20000362E-3,480.000019073E-3,
,,,-330.79999685E-3,1.0160000,,,,,-330.79999685E-3,496.000021696E-3,
,,,-330.39999008E-3,1.0160000,,,,,-330.39999008E-3,484.000027180E-3,
,,,-330.00001311E-3,1.0160000,,,,,-330.00001311E-3,496.000021696E-3,
,,,-329.60000634E-3,1.0160000,,,,,-329.60000634E-3,488.000035286E-3,
,,,-329.19999957E-3,1.0080000,,,,,-329.19999957E-3,476.000010967E-3,
,,,-328.79999280E-3,1.0080000,,,,,-328.79999280E-3,472.000032663E-3,
,,,-328.40001583E-3,1.000000,,,,,-328.40001583E-3,480.000019073E-3,
,,,-328.00000906E-3,1.0080000,,,,,-328.00000906E-3,480.000019073E-3,
,,,-327.60000229E-3,1.0080000,,,,,-327.60000229E-3,488.000035286E-3,
,,,-327.19999552E-3,1.0160000,,,,,-327.19999552E-3,488.000035286E-3,
,,,-326.80001855E-3,1.0160000,,,,,-326.80001855E-3,492.000013590E-3,
,,,-326.40001178E-3,1.000000,,,,,-326.40001178E-3,488.000035286E-3,
,,,-326.00000501E-3,1.0080000,,,,,-326.00000501E-3,484.000027180E-3,
,,,-325.59999824E-3,1.0080000,,,,,-325.59999824E-3,488.000035286E-3,
,,,-325.19999146E-3,1.0160000,,,,,-325.19999146E-3,492.000013590E-3,
,,,-324.80001450E-3,1.0160000,,,,,-324.80001450E-3,492.000013590E-3,
,,,-324.40000772E-3,1.0080000,,,,,-324.40000772E-3,484.000027180E-3,
,,,-324.00000095E-3,1.0080000,,,,,-324.00000095E-3,488.000035286E-3,
,,,-323.59999418E-3,1.0160000,,,,,-323.59999418E-3,488.000035286E-3,
,,,-323.20001721E-3,1.0160000,,,,,-323.20001721E-3,488.000035286E-3,
,,,-322.80001044E-3,1.0080000,,,,,-322.80001044E-3,484.000027180E-3,
,,,-322.40000367E-3,1.0080000,,,,,-322.40000367E-3,480.000019073E-3,
,,,-321.99999690E-3,1.0080000,,,,,-321.99999690E-3,476.000010967E-3,
,,,-321.59999013E-3,1.0080000,,,,,-321.59999013E-3,496.000021696E-3,
,,,-321.20001316E-3,1.0240000,,,,,-321.20001316E-3,496.000021696E-3,
,,,-320.80000639E-3,1.0160000,,,,,-320.80000639E-3,492.000013590E-3,
,,,-320.39999962E-3,1.0080000,,,,,-320.39999962E-3,476.000010967E-3,
,,,-319.99999285E-3,1.0160000,,,,,-319.99999285E-3,488.000035286E-3,
,,,-319.60001588E-3,1.0240000,,,,,-319.60001588E-3,488.000035286E-3,
,,,-319.20000911E-3,1.0080000,,,,,-319.20000911E-3,484.000027180E-3,
,,,-318.80000234E-3,1.0160000,,,,,-318.80000234E-3,484.000027180E-3,
,,,-318.39999557E-3,1.0080000,,,,,-318.39999557E-3,480.000019073E-3,
,,,-318.00001860E-3,1.0080000,,,,,-318.00001860E-3,488.000035286E-3,
,,,-317.60001183E-3,1.0160000,,,,,-317.60001183E-3,488.000035286E-3,
,,,-317.20000505E-3,1.0080000,,,,,-317.20000505E-3,496.000021696E-3,
,,,-316.79999828E-3,1.0160000,,,,,-316.79999828E-3,496.000021696E-3,
,,,-316.39999151E-3,1.0160000,,,,,-316.39999151E-3,492.000013590E-3,
,,,-316.00001454E-3,1.0080000,,,,,-316.00001454E-3,480.000019073E-3,
,,,-315.60000777E-3,1.0080000,,,,,-315.60000777E-3,484.000027180E-3,
,,,-315.20000100E-3,1.0080000,,,,,-315.20000100E-3,484.000027180E-3,
,,,-314.79999423E-3,1.0160000,,,,,-314.79999423E-3,492.000013590E-3,
,,,-314.40001726E-3,1.0160000,,,,,-314.40001726E-3,496.000021696E-3,
,,,-314.00001049E-3,1.0080000,,,,,-314.00001049E-3,480.000019073E-3,
,,,-313.60000372E-3,1.0080000,,,,,-313.60000372E-3,484.000027180E-3,
,,,-313.19999695E-3,1.0160000,,,,,-313.19999695E-3,484.000027180E-3,
,,,-312.79999018E-3,1.0080000,,,,,-312.79999018E-3,472.000032663E-3,
,,,-312.40001321E-3,1.0160000,,,,,-312.40001321E-3,472.000032663E-3,
,,,-312.00000644E-3,1.0160000,,,,,-312.00000644E-3,484.000027180E-3,
,,,-311.59999967E-3,1.0160000,,,,,-311.59999967E-3,500.000000000E-3,
,,,-311.19999290E-3,1.0080000,,,,,-311.19999290E-3,480.000019073E-3,
,,,-310.80001593E-3,1.0160000,,,,,-310.80001593E-3,484.000027180E-3,
,,,-310.40000916E-3,1.0080000,,,,,-310.40000916E-3,484.000027180E-3,
,,,-310.00000238E-3,1.0160000,,,,,-310.00000238E-3,484.000027180E-3,
,,,-309.59999561E-3,1.0160000,,,,,-309.59999561E-3,500.000000000E-3,
,,,-309.20001864E-3,1.0160000,,,,,-309.20001864E-3,496.000021696E-3,
,,,-308.80001187E-3,1.0080000,,,,,-308.80001187E-3,496.000021696E-3,
,,,-308.40000510E-3,1.0080000,,,,,-308.40000510E-3,492.000013590E-3,
,,,-307.99999833E-3,1.0080000,,,,,-307.99999833E-3,492.000013590E-3,
,,,-307.59999156E-3,1.0080000,,,,,-307.59999156E-3,480.000019073E-3,
,,,-307.20001459E-3,1.0080000,,,,,-307.20001459E-3,480.000019073E-3,
,,,-306.80000782E-3,1.0080000,,,,,-306.80000782E-3,476.000010967E-3,
,,,-306.40000105E-3,1.0160000,,,,,-306.40000105E-3,488.000035286E-3,
,,,-305.99999428E-3,1.0160000,,,,,-305.99999428E-3,492.000013590E-3,
,,,-305.60001731E-3,1.0080000,,,,,-305.60001731E-3,484.000027180E-3,
,,,-305.20001054E-3,1.0160000,,,,,-305.20001054E-3,492.000013590E-3,
,,,-304.80000377E-3,1.0160000,,,,,-304.80000377E-3,488.000035286E-3,
,,,-304.39999700E-3,1.0080000,,,,,-304.39999700E-3,484.000027180E-3,
,,,-303.99999022E-3,1.0160000,,,,,-303.99999022E-3,496.000021696E-3,
,,,-303.60001326E-3,1.0160000,,,,,-303.60001326E-3,496.000021696E-3,
,,,-303.20000648E-3,1.0080000,,,,,-303.20000648E-3,496.000021696E-3,
,,,-302.79999971E-3,1.0160000,,,,,-302.79999971E-3,492.000013590E-3,
,,,-302.39999294E-3,1.0160000,,,,,-302.39999294E-3,476.000010967E-3,
,,,-302.00001597E-3,1.0160000,,,,,-302.00001597E-3,496.000021696E-3,
,,,-301.60000920E-3,1.0080000,,,,,-301.60000920E-3,484.000027180E-3,
,,,-301.20000243E-3,1.0160000,,,,,-301.20000243E-3,488.000035286E-3,
,,,-300.79999566E-3,1.0160000,,,,,-300.79999566E-3,500.000000000E-3,
,,,-300.40001869E-3,1.0160000,,,,,-300.40001869E-3,492.000013590E-3,
,,,-300.00001192E-3,1.0080000,,,,,-300.00001192E-3,488.000035286E-3,
,,,-299.60000515E-3,1.0080000,,,,,-299.60000515E-3,484.000027180E-3,
,,,-299.19999838E-3,1.0160000,,,,,-299.19999838E-3,492.000013590E-3,
,,,-298.79999161E-3,1.0080000,,,,,-298.79999161E-3,484.000027180E-3,
,,,-298.40001464E-3,1.0080000,,,,,-298.40001464E-3,480.000019073E-3,
,,,-298.00000787E-3,1.0160000,,,,,-298.00000787E-3,488.000035286E-3,
,,,-297.60000110E-3,1.0080000,,,,,-297.60000110E-3,484.000027180E-3,
,,,-297.19999433E-3,1.0160000,,,,,-297.19999433E-3,492.000013590E-3,
,,,-296.80001736E-3,1.0160000,,,,,-296.80001736E-3,496.000021696E-3,
,,,-296.40001059E-3,1.0160000,,,,,-296.40001059E-3,500.000000000E-3,
,,,-296.00000381E-3,1.0240000,,,,,-296.00000381E-3,496.000021696E-3,
,,,-295.59999704E-3,1.0160000,,,,,-295.59999704E-3,496.000021696E-3,
,,,-295.19999027E-3,1.0080000,,,,,-295.19999027E-3,484.000027180E-3,
,,,-294.80001330E-3,1.000000,,,,,-294.80001330E-3,496.000021696E-3,
,,,-294.40000653E-3,1.0160000,,,,,-294.40000653E-3,496.000021696E-3,
,,,-293.99999976E-3,1.0160000,,,,,-293.99999976E-3,496.000021696E-3,
,,,-293.59999299E-3,1.0160000,,,,,-293.59999299E-3,476.000010967E-3,
,,,-293.20001602E-3,1.0080000,,,,,-293.20001602E-3,496.000021696E-3,
,,,-292.80000925E-3,1.0080000,,,,,-292.80000925E-3,472.000032663E-3,
,,,-292.40000248E-3,1.0080000,,,,,-292.40000248E-3,496.000021696E-3,
,,,-291.99999571E-3,1.0080000,,,,,-291.99999571E-3,492.000013590E-3,
,,,-291.60001874E-3,1.0160000,,,,,-291.60001874E-3,492.000013590E-3,
,,,-291.20001197E-3,1.0080000,,,,,-291.20001197E-3,488.000035286E-3,
,,,-290.80000520E-3,1.0080000,,,,,-290.80000520E-3,480.000019073E-3,
,,,-290.39999843E-3,1.0080000,,,,,-290.39999843E-3,488.000035286E-3,
,,,-289.99999166E-3,1.0160000,,,,,-289.99999166E-3,484.000027180E-3,
,,,-289.60001469E-3,1.0160000,,,,,-289.60001469E-3,496.000021696E-3,
,,,-289.20000792E-3,1.0080000,,,,,-289.20000792E-3,496.000021696E-3,
,,,-288.80000114E-3,1.0080000,,,,,-288.80000114E-3,488.000035286E-3,
,,,-288.39999437E-3,1.0160000,,,,,-288.39999437E-3,480.000019073E-3,
,,,-288.00001740E-3,1.0080000,,,,,-288.00001740E-3,476.000010967E-3,
,,,-287.60001063E-3,1.0160000,,,,,-287.60001063E-3,492.000013590E-3,
,,,-287.20000386E-3,1.0080000,,,,,-287.20000386E-3,488.000035286E-3,
,,,-286.79999709E-3,1.0160000,,,,,-286.79999709E-3,488.000035286E-3,
,,,-286.40002012E-3,1.0080000,,,,,-286.40002012E-3,492.000013590E-3,
,,,-286.00001335E-3,1.0160000,,,,,-286.00001335E-3,492.000013590E-3,
,,,-285.60000658E-3,1.0080000,,,,,-285.60000658E-3,488.000035286E-3,
,,,-285.19999981E-3,1.0080000,,,,,-285.19999981E-3,480.000019073E-3,
,,,-284.79999304E-3,1.000000,,,,,-284.79999304E-3,484.000027180E-3,
,,,-284.40001607E-3,1.0160000,,,,,-284.40001607E-3,484.000027180E-3,
,,,-284.00000930E-3,1.0080000,,,,,-284.00000930E-3,488.000035286E-3,
,,,-283.60000253E-3,1.0080000,,,,,-283.60000253E-3,480.000019073E-3,
,,,-283.19999576E-3,1.0160000,,,,,-283.19999576E-3,492.000013590E-3,
,,,-282.80001879E-3,1.0080000,,,,,-282.80001879E-3,492.000013590E-3,
,,,-282.40001202E-3,1.0160000,,,,,-282.40001202E-3,488.000035286E-3,
,,,-282.00000525E-3,1.0160000,,,,,-282.00000525E-3,492.000013590E-3,
,,,-281.59999847E-3,1.0080000,,,,,-281.59999847E-3,488.000035286E-3,
,,,-281.19999170E-3,1.0160000,,,,,-281.19999170E-3,492.000013590E-3,
,,,-280.80001473E-3,1.0160000,,,,,-280.80001473E-3,492.000013590E-3,
,,,-280.40000796E-3,1.0080000,,,,,-280.40000796E-3,484.000027180E-3,
,,,-280.00000119E-3,1.0240000,,,,,-280.00000119E-3,484.000027180E-3,
,,,-279.59999442E-3,1.0080000,,,,,-279.59999442E-3,488.000035286E-3,
,,,-279.20001745E-3,1.0160000,,,,,-279.20001745E-3,488.000035286E-3,
,,,-278.80001068E-3,1.0080000,,,,,-278.80001068E-3,472.000032663E-3,
,,,-278.40000391E-3,1.0080000,,,,,-278.40000391E-3,480.000019073E-3,
,,,-277.99999714E-3,1.0160000,,,,,-277.99999714E-3,480.000019073E-3,
,,,-277.60002017E-3,1.0240000,,,,,-277.60002017E-3,492.000013590E-3,
,,,-277.20001340E-3,1.0080000,,,,,-277.20001340E-3,480.000019073E-3,
,,,-276.80000663E-3,1.0160000,,,,,-276.80000663E-3,480.000019073E-3,
,,,-276.39999986E-3,1.0160000,,,,,-276.39999986E-3,488.000035286E-3,
,,,-275.99999309E-3,1.0160000,,,,,-275.99999309E-3,484.000027180E-3,
,,,-275.60001612E-3,1.0160000,,,,,-275.60001612E-3,484.000027180E-3,
,,,-275.20000935E-3,1.0080000,,,,,-275.20000935E-3,480.000019073E-3,
,,,-274.80000257E-3,1.0160000,,,,,-274.80000257E-3,488.000035286E-3,
,,,-274.39999580E-3,1.0080000,,,,,-274.39999580E-3,496.000021696E-3,
,,,-274.00001884E-3,1.0080000,,,,,-274.00001884E-3,476.000010967E-3,
,,,-273.60001206E-3,1.000000,,,,,-273.60001206E-3,480.000019073E-3,
,,,-273.20000529E-3,1.0160000,,,,,-273.20000529E-3,480.000019073E-3,
,,,-272.79999852E-3,1.0160000,,,,,-272.79999852E-3,492.000013590E-3,
,,,-272.39999175E-3,1.0160000,,,,,-272.39999175E-3,492.000013590E-3,
,,,-272.00001478E-3,1.0160000,,,,,-272.00001478E-3,484.000027180E-3,
,,,-271.60000801E-3,1.0080000,,,,,-271.60000801E-3,476.000010967E-3,
,,,-271.20000124E-3,1.0160000,,,,,-271.20000124E-3,480.000019073E-3,
,,,-270.79999447E-3,1.0080000,,,,,-270.79999447E-3,476.000010967E-3,
,,,-270.40001750E-3,1.0160000,,,,,-270.40001750E-3,492.000013590E-3,
,,,-270.00001073E-3,1.0160000,,,,,-270.00001073E-3,488.000035286E-3,
,,,-269.60000396E-3,1.0160000,,,,,-269.60000396E-3,488.000035286E-3,
,,,-269.19999719E-3,1.0080000,,,,,-269.19999719E-3,480.000019073E-3,
,,,-268.80002022E-3,1.0080000,,,,,-268.80002022E-3,488.000035286E-3,
,,,-268.40001345E-3,1.0160000,,,,,-268.40001345E-3,484.000027180E-3,
,,,-268.00000668E-3,1.0080000,,,,,-268.00000668E-3,488.000035286E-3,
,,,-267.59999990E-3,1.0160000,,,,,-267.59999990E-3,488.000035286E-3,
,,,-267.19999313E-3,1.0080000,,,,,-267.19999313E-3,488.000035286E-3,
,,,-266.80001616E-3,1.0080000,,,,,-266.80001616E-3,468.000024557E-3,
,,,-266.40000939E-3,1.0160000,,,,,-266.40000939E-3,488.000035286E-3,
,,,-266.00000262E-3,1.0080000,,,,,-266.00000262E-3,492.000013590E-3,
,,,-265.59999585E-3,1.0080000,,,,,-265.59999585E-3,488.000035286E-3,
,,,-265.20001888E-3,1.0080000,,,,,-265.20001888E-3,496.000021696E-3,
,,,-264.80001211E-3,1.0080000,,,,,-264.80001211E-3,484.000027180E-3,
,,,-264.40000534E-3,1.0080000,,,,,-264.40000534E-3,480.000019073E-3,
,,,-263.99999857E-3,1.0160000,,,,,-263.99999857E-3,496.000021696E-3,
,,,-263.59999180E-3,1.0160000,,,,,-263.59999180E-3,496.000021696E-3,
,,,-263.20001483E-3,1.0160000,,,,,-263.20001483E-3,492.000013590E-3,
,,,-262.80000806E-3,1.0080000,,,,,-262.80000806E-3,476.000010967E-3,
,,,-262.40000129E-3,1.0160000,,,,,-262.40000129E-3,496.000021696E-3,
,,,-261.99999452E-3,1.0160000,,,,,-261.99999452E-3,488.000035286E-3,
,,,-261.60001755E-3,992.000043392E-3,,,,,-261.60001755E-3,472.000032663E-3,
,,,-261.20001078E-3,1.0160000,,,,,-261.20001078E-3,488.000035286E-3,
,,,-260.80000401E-3,1.0080000,,,,,-260.80000401E-3,496.000021696E-3,
,,,-260.39999723E-3,1.0160000,,,,,-260.39999723E-3,480.000019073E-3,
,,,-260.00002027E-3,1.0160000,,,,,-260.00002027E-3,484.000027180E-3,
,,,-259.60001349E-3,1.0160000,,,,,-259.60001349E-3,488.000035286E-3,
,,,-259.20000672E-3,1.0160000,,,,,-259.20000672E-3,492.000013590E-3,
,,,-258.79999995E-3,1.0080000,,,,,-258.79999995E-3,484.000027180E-3,
,,,-258.39999318E-3,1.0160000,,,,,-258.39999318E-3,480.000019073E-3,
,,,-258.00001621E-3,1.0160000,,,,,-258.00001621E-3,484.000027180E-3,
,,,-257.60000944E-3,1.0160000,,,,,-257.60000944E-3,488.000035286E-3,
,,,-257.20000267E-3,1.0160000,,,,,-257.20000267E-3,500.000000000E-3,
,,,-256.79999590E-3,1.0160000,,,,,-256.79999590E-3,488.000035286E-3,
,,,-256.40001893E-3,1.0160000,,,,,-256.40001893E-3,492.000013590E-3,
,,,-256.00001216E-3,1.0080000,,,,,-256.00001216E-3,488.000035286E-3,
,,,-255.60000539E-3,1.0080000,,,,,-255.60000539E-3,484.000027180E-3,
,,,-255.19999862E-3,1.0160000,,,,,-255.19999862E-3,488.000035286E-3,
,,,-254.79999185E-3,1.0160000,,,,,-254.79999185E-3,496.000021696E-3,
,,,-254.40001488E-3,1.0160000,,,,,-254.40001488E-3,500.000000000E-3,
,,,-254.00000811E-3,1.0160000,,,,,-254.00000811E-3,484.000027180E-3,
,,,-253.60000134E-3,1.0080000,,,,,-253.60000134E-3,476.000010967E-3,
,,,-253.19999456E-3,1.0240000,,,,,-253.19999456E-3,504.000008106E-3,
,,,-252.80001760E-3,1.0080000,,,,,-252.80001760E-3,492.000013590E-3,
,,,-252.40001082E-3,1.0160000,,,,,-252.40001082E-3,488.000035286E-3,
,,,-252.00000405E-3,1.0160000,,,,,-252.00000405E-3,492.000013590E-3,
,,,-251.59999728E-3,1.0160000,,,,,-251.59999728E-3,488.000035286E-3,
,,,-251.20002031E-3,1.0160000,,,,,-251.20002031E-3,484.000027180E-3,
,,,-250.80001354E-3,1.0080000,,,,,-250.80001354E-3,492.000013590E-3,
,,,-250.40000677E-3,1.0160000,,,,,-250.40000677E-3,480.000019073E-3,
,,,-250.00000000E-3,1.0160000,,,,,-250.00000000E-3,488.000035286E-3,
,,,-249.60000813E-3,1.0080000,,,,,-249.60000813E-3,492.000013590E-3,
,,,-249.20000136E-3,1.0160000,,,,,-249.20000136E-3,484.000027180E-3,
,,,-248.80000949E-3,1.0080000,,,,,-248.80000949E-3,492.000013590E-3,
,,,-248.40000272E-3,1.0080000,,,,,-248.40000272E-3,480.000019073E-3,
,,,-248.00001085E-3,1.0080000,,,,,-248.00001085E-3,468.000024557E-3,
,,,-247.60000408E-3,1.0160000,,,,,-247.60000408E-3,488.000035286E-3,
,,,-247.20001221E-3,1.0080000,,,,,-247.20001221E-3,484.000027180E-3,
,,,-246.80000544E-3,1.0160000,,,,,-246.80000544E-3,496.000021696E-3,
,,,-246.40001357E-3,1.0080000,,,,,-246.40001357E-3,484.000027180E-3,
,,,-246.00000679E-3,1.0160000,,,,,-246.00000679E-3,500.000000000E-3,
,,,-245.60000002E-3,1.0240000,,,,,-245.60000002E-3,488.000035286E-3,
,,,-245.20000815E-3,1.0080000,,,,,-245.20000815E-3,484.000027180E-3,
,,,-244.80000138E-3,1.0160000,,,,,-244.80000138E-3,488.000035286E-3,
,,,-244.40000951E-3,1.0160000,,,,,-244.40000951E-3,488.000035286E-3,
,,,-244.00000274E-3,1.0080000,,,,,-244.00000274E-3,484.000027180E-3,
,,,-243.60001087E-3,1.0160000,,,,,-243.60001087E-3,484.000027180E-3,
,,,-243.20000410E-3,1.0080000,,,,,-243.20000410E-3,492.000013590E-3,
,,,-242.80001223E-3,1.0080000,,,,,-242.80001223E-3,496.000021696E-3,
,,,-242.40000546E-3,1.0160000,,,,,-242.40000546E-3,500.000000000E-3,
,,,-242.00001359E-3,1.0080000,,,,,-242.00001359E-3,480.000019073E-3,
,,,-241.60000682E-3,1.0160000,,,,,-241.60000682E-3,492.000013590E-3,
,,,-241.20000005E-3,1.0160000,,,,,-241.20000005E-3,484.000027180E-3,
,,,-240.80000818E-3,1.0160000,,,,,-240.80000818E-3,484.000027180E-3,
,,,-240.40000141E-3,1.0080000,,,,,-240.40000141E-3,476.000010967E-3,
,,,-240.00000954E-3,1.0160000,,,,,-240.00000954E-3,492.000013590E-3,
,,,-239.60000277E-3,1.0160000,,,,,-239.60000277E-3,492.000013590E-3,
,,,-239.20001090E-3,1.0160000,,,,,-239.20001090E-3,488.000035286E-3,
,,,-238.80000412E-3,1.0080000,,,,,-238.80000412E-3,484.000027180E-3,
,,,-238.40001225E-3,1.0160000,,,,,-238.40001225E-3,496.000021696E-3,
,,,-238.00000548E-3,1.0080000,,,,,-238.00000548E-3,488.000035286E-3,
,,,-237.60001361E-3,1.0160000,,,,,-237.60001361E-3,496.000021696E-3,
,,,-237.20000684E-3,1.0160000,,,,,-237.20000684E-3,488.000035286E-3,
,,,-236.80000007E-3,1.0160000,,,,,-236.80000007E-3,492.000013590E-3,
,,,-236.40000820E-3,1.0080000,,,,,-236.40000820E-3,480.000019073E-3,
,,,-236.00000143E-3,1.0080000,,,,,-236.00000143E-3,480.000019073E-3,
,,,-235.60000956E-3,1.0160000,,,,,-235.60000956E-3,500.000000000E-3,
,,,-235.20000279E-3,1.0080000,,,,,-235.20000279E-3,480.000019073E-3,
,,,-234.80001092E-3,1.0160000,,,,,-234.80001092E-3,496.000021696E-3,
,,,-234.40000415E-3,1.0160000,,,,,-234.40000415E-3,496.000021696E-3,
,,,-234.00001228E-3,1.0160000,,,,,-234.00001228E-3,484.000027180E-3,
,,,-233.60000551E-3,1.0080000,,,,,-233.60000551E-3,488.000035286E-3,
,,,-233.20001364E-3,1.0160000,,,,,-233.20001364E-3,492.000013590E-3,
,,,-232.80000687E-3,1.0160000,,,,,-232.80000687E-3,488.000035286E-3,
,,,-232.40000010E-3,1.0160000,,,,,-232.40000010E-3,492.000013590E-3,
,,,-232.00000823E-3,1.0160000,,,,,-232.00000823E-3,480.000019073E-3,
,,,-231.60000145E-3,1.0160000,,,,,-231.60000145E-3,496.000021696E-3,
,,,-231.20000958E-3,1.0160000,,,,,-231.20000958E-3,504.000008106E-3,
,,,-230.80000281E-3,1.0240000,,,,,-230.80000281E-3,488.000035286E-3,
,,,-230.40001094E-3,1.0080000,,,,,-230.40001094E-3,484.000027180E-3,
,,,-230.00000417E-3,1.0080000,,,,,-230.00000417E-3,492.000013590E-3,
,,,-229.60001230E-3,1.0080000,,,,,-229.60001230E-3,480.000019073E-3,
,,,-229.20000553E-3,1.0080000,,,,,-229.20000553E-3,488.000035286E-3,
,,,-228.80001366E-3,1.0080000,,,,,-228.80001366E-3,484.000027180E-3,
,,,-228.40000689E-3,1.0080000,,,,,-228.40000689E-3,480.000019073E-3,
,,,-228.00000012E-3,1.0080000,,,,,-228.00000012E-3,480.000019073E-3,
,,,-227.60000825E-3,1.0080000,,,,,-227.60000825E-3,488.000035286E-3,
,,,-227.20000148E-3,1.0080000,,,,,-227.20000148E-3,496.000021696E-3,
,,,-226.80000961E-3,1.0160000,,,,,-226.80000961E-3,488.000035286E-3,
,,,-226.40000284E-3,1.0080000,,,,,-226.40000284E-3,476.000010967E-3,
,,,-226.00001097E-3,1.0080000,,,,,-226.00001097E-3,476.000010967E-3,
,,,-225.60000420E-3,1.0080000,,,,,-225.60000420E-3,480.000019073E-3,
,,,-225.20001233E-3,1.0160000,,,,,-225.20001233E-3,484.000027180E-3,
,,,-224.80000556E-3,1.0160000,,,,,-224.80000556E-3,492.000013590E-3,
,,,-224.40001369E-3,1.0160000,,,,,-224.40001369E-3,488.000035286E-3,
,,,-224.00000691E-3,1.0160000,,,,,-224.00000691E-3,492.000013590E-3,
,,,-223.60000014E-3,1.0160000,,,,,-223.60000014E-3,488.000035286E-3,
,,,-223.20000827E-3,1.0080000,,,,,-223.20000827E-3,488.000035286E-3,
,,,-222.80000150E-3,1.0080000,,,,,-222.80000150E-3,476.000010967E-3,
,,,-222.40000963E-3,1.0160000,,,,,-222.40000963E-3,476.000010967E-3,
,,,-222.00000286E-3,1.0160000,,,,,-222.00000286E-3,496.000021696E-3,
,,,-221.60001099E-3,1.0240000,,,,,-221.60001099E-3,488.000035286E-3,
,,,-221.20000422E-3,1.0160000,,,,,-221.20000422E-3,500.000000000E-3,
,,,-220.80001235E-3,1.0080000,,,,,-220.80001235E-3,484.000027180E-3,
,,,-220.40000558E-3,1.0160000,,,,,-220.40000558E-3,488.000035286E-3,
,,,-220.00001371E-3,1.000000,,,,,-220.00001371E-3,484.000027180E-3,
,,,-219.60000694E-3,1.0080000,,,,,-219.60000694E-3,496.000021696E-3,
,,,-219.20000017E-3,1.0080000,,,,,-219.20000017E-3,492.000013590E-3,
,,,-218.80000830E-3,1.0080000,,,,,-218.80000830E-3,480.000019073E-3,
,,,-218.40000153E-3,1.0240000,,,,,-218.40000153E-3,488.000035286E-3,
,,,-218.00000966E-3,1.0080000,,,,,-218.00000966E-3,476.000010967E-3,
,,,-217.60000288E-3,1.0080000,,,,,-217.60000288E-3,476.000010967E-3,
,,,-217.20001101E-3,1.0080000,,,,,-217.20001101E-3,480.000019073E-3,
,,,-216.80000424E-3,1.0160000,,,,,-216.80000424E-3,480.000019073E-3,
,,,-216.40001237E-3,1.0080000,,,,,-216.40001237E-3,484.000027180E-3,
,,,-216.00000560E-3,1.0080000,,,,,-216.00000560E-3,484.000027180E-3,
,,,-215.60001373E-3,1.0160000,,,,,-215.60001373E-3,488.000035286E-3,
,,,-215.20000696E-3,1.0240000,,,,,-215.20000696E-3,488.000035286E-3,
,,,-214.80000019E-3,1.0160000,,,,,-214.80000019E-3,480.000019073E-3,
,,,-214.40000832E-3,1.0160000,,,,,-214.40000832E-3,476.000010967E-3,
,,,-214.00000155E-3,1.0160000,,,,,-214.00000155E-3,488.000035286E-3,
,,,-213.60000968E-3,1.0160000,,,,,-213.60000968E-3,496.000021696E-3,
,,,-213.20000291E-3,1.0160000,,,,,-213.20000291E-3,496.000021696E-3,
,,,-212.80001104E-3,1.0080000,,,,,-212.80001104E-3,496.000021696E-3,
,,,-212.40000427E-3,1.0080000,,,,,-212.40000427E-3,488.000035286E-3,
,,,-212.00001240E-3,1.0080000,,,,,-212.00001240E-3,476.000010967E-3,
,,,-211.60000563E-3,1.0160000,,,,,-211.60000563E-3,492.000013590E-3,
,,,-211.20001376E-3,1.0080000,,,,,-211.20001376E-3,480.000019073E-3,
,,,-210.80000699E-3,1.0160000,,,,,-210.80000699E-3,480.000019073E-3,
,,,-210.40000021E-3,1.0080000,,,,,-210.40000021E-3,488.000035286E-3,
,,,-210.00000834E-3,1.0240000,,,,,-210.00000834E-3,500.000000000E-3,
,,,-209.60000157E-3,1.0160000,,,,,-209.60000157E-3,492.000013590E-3,
,,,-209.20000970E-3,1.0160000,,,,,-209.20000970E-3,484.000027180E-3,
,,,-208.80000293E-3,1.0080000,,,,,-208.80000293E-3,480.000019073E-3,
,,,-208.40001106E-3,1.0080000,,,,,-208.40001106E-3,476.000010967E-3,
,,,-208.00000429E-3,1.0080000,,,,,-208.00000429E-3,492.000013590E-3,
,,,-207.60001242E-3,1.0080000,,,,,-207.60001242E-3,488.000035286E-3,
,,,-207.20000565E-3,1.0160000,,,,,-207.20000565E-3,496.000021696E-3,
,,,-206.80001378E-3,1.0080000,,,,,-206.80001378E-3,496.000021696E-3,
,,,-206.40000701E-3,1.0080000,,,,,-206.40000701E-3,492.000013590E-3,
,,,-206.00000024E-3,1.0160000,,,,,-206.00000024E-3,488.000035286E-3,
,,,-205.60000837E-3,1.0160000,,,,,-205.60000837E-3,500.000000000E-3,
,,,-205.20000160E-3,1.0080000,,,,,-205.20000160E-3,484.000027180E-3,
,,,-204.80000973E-3,1.0080000,,,,,-204.80000973E-3,484.000027180E-3,
,,,-204.40000296E-3,1.0080000,,,,,-204.40000296E-3,492.000013590E-3,
,,,-204.00001109E-3,1.0080000,,,,,-204.00001109E-3,480.000019073E-3,
,,,-203.60000432E-3,1.0080000,,,,,-203.60000432E-3,484.000027180E-3,
,,,-203.20001245E-3,1.0080000,,,,,-203.20001245E-3,488.000035286E-3,
,,,-202.80000567E-3,1.0080000,,,,,-202.80000567E-3,500.000000000E-3,
,,,-202.40001380E-3,1.000000,,,,,-202.40001380E-3,472.000032663E-3,
,,,-202.00000703E-3,1.0160000,,,,,-202.00000703E-3,496.000021696E-3,
,,,-201.60000026E-3,1.0080000,,,,,-201.60000026E-3,488.000035286E-3,
,,,-201.20000839E-3,1.0080000,,,,,-201.20000839E-3,488.000035286E-3,
,,,-200.80000162E-3,1.0160000,,,,,-200.80000162E-3,492.000013590E-3,
,,,-200.40000975E-3,1.0160000,,,,,-200.40000975E-3,492.000013590E-3,
,,,-200.00000298E-3,1.0160000,,,,,-200.00000298E-3,488.000035286E-3,
,,,-199.60001111E-3,1.0160000,,,,,-199.60001111E-3,500.000000000E-3,
,,,-199.20000434E-3,1.0080000,,,,,-199.20000434E-3,484.000027180E-3,
,,,-198.80001247E-3,1.0080000,,,,,-198.80001247E-3,492.000013590E-3,
,,,-198.40000570E-3,1.0160000,,,,,-198.40000570E-3,496.000021696E-3,
,,,-198.00001383E-3,1.0160000,,,,,-198.00001383E-3,492.000013590E-3,
,,,-197.60000706E-3,1.0160000,,,,,-197.60000706E-3,484.000027180E-3,
,,,-197.20000029E-3,1.0080000,,,,,-197.20000029E-3,492.000013590E-3,
,,,-196.80000842E-3,1.0080000,,,,,-196.80000842E-3,488.000035286E-3,
,,,-196.40000165E-3,1.0160000,,,,,-196.40000165E-3,496.000021696E-3,
,,,-196.00000978E-3,1.0080000,,,,,-196.00000978E-3,484.000027180E-3,
,,,-195.60000300E-3,1.0160000,,,,,-195.60000300E-3,496.000021696E-3,
,,,-195.20001113E-3,1.0160000,,,,,-195.20001113E-3,492.000013590E-3,
,,,-194.80000436E-3,1.0160000,,,,,-194.80000436E-3,492.000013590E-3,
,,,-194.40001249E-3,1.0080000,,,,,-194.40001249E-3,488.000035286E-3,
,,,-194.00000572E-3,1.0160000,,,,,-194.00000572E-3,484.000027180E-3,
,,,-193.60001385E-3,1.000000,,,,,-193.60001385E-3,476.000010967E-3,
,,,-193.20000708E-3,1.0160000,,,,,-193.20000708E-3,496.000021696E-3,
,,,-192.80001521E-3,1.0080000,,,,,-192.80001521E-3,488.000035286E-3,
,,,-192.40000844E-3,1.0080000,,,,,-192.40000844E-3,484.000027180E-3,
,,,-192.00000167E-3,1.0160000,,,,,-192.00000167E-3,484.000027180E-3,
,,,-191.60000980E-3,1.0080000,,,,,-191.60000980E-3,480.000019073E-3,
,,,-191.20000303E-3,1.000000,,,,,-191.20000303E-3,488.000035286E-3,
,,,-190.80001116E-3,1.0160000,,,,,-190.80001116E-3,484.000027180E-3,
,,,-190.40000439E-3,1.0160000,,,,,-190.40000439E-3,484.000027180E-3,
,,,-190.00001252E-3,1.0160000,,,,,-190.00001252E-3,492.000013590E-3,
,,,-189.60000575E-3,1.0080000,,,,,-189.60000575E-3,484.000027180E-3,
,,,-189.20001388E-3,1.0160000,,,,,-189.20001388E-3,508.000016212E-3,
,,,-188.80000710E-3,1.0160000,,,,,-188.80000710E-3,492.000013590E-3,
,,,-188.40001523E-3,1.0160000,,,,,-188.40001523E-3,496.000021696E-3,
,,,-188.00000846E-3,1.0160000,,,,,-188.00000846E-3,492.000013590E-3,
,,,-187.60000169E-3,1.0080000,,,,,-187.60000169E-3,484.000027180E-3,
,,,-187.20000982E-3,1.0160000,,,,,-187.20000982E-3,500.000000000E-3,
,,,-186.80000305E-3,1.000000,,,,,-186.80000305E-3,484.000027180E-3,
,,,-186.40001118E-3,1.0080000,,,,,-186.40001118E-3,488.000035286E-3,
,,,-186.00000441E-3,1.0160000,,,,,-186.00000441E-3,484.000027180E-3,
,,,-185.60001254E-3,1.0160000,,,,,-185.60001254E-3,492.000013590E-3,
,,,-185.20000577E-3,1.0080000,,,,,-185.20000577E-3,484.000027180E-3,
,,,-184.80001390E-3,1.0160000,,,,,-184.80001390E-3,476.000010967E-3,
,,,-184.40000713E-3,1.0160000,,,,,-184.40000713E-3,492.000013590E-3,
,,,-184.00001526E-3,1.0080000,,,,,-184.00001526E-3,484.000027180E-3,
,,,-183.60000849E-3,1.0160000,,,,,-183.60000849E-3,488.000035286E-3,
,,,-183.20000172E-3,1.0160000,,,,,-183.20000172E-3,496.000021696E-3,
,,,-182.80000985E-3,1.0080000,,,,,-182.80000985E-3,488.000035286E-3,
,,,-182.40000308E-3,1.0160000,,,,,-182.40000308E-3,484.000027180E-3,
,,,-182.00001121E-3,1.0160000,,,,,-182.00001121E-3,496.000021696E-3,
,,,-181.60000443E-3,1.000000,,,,,-181.60000443E-3,484.000027180E-3,
,,,-181.20001256E-3,1.0160000,,,,,-181.20001256E-3,488.000035286E-3,
,,,-180.80000579E-3,1.0080000,,,,,-180.80000579E-3,480.000019073E-3,
,,,-180.40001392E-3,1.0160000,,,,,-180.40001392E-3,484.000027180E-3,
,,,-180.00000715E-3,1.0080000,,,,,-180.00000715E-3,480.000019073E-3,
,,,-179.60001528E-3,1.0080000,,,,,-179.60001528E-3,476.000010967E-3,
,,,-179.20000851E-3,1.0080000,,,,,-179.20000851E-3,488.000035286E-3,
,,,-178.80000174E-3,1.0080000,,,,,-178.80000174E-3,480.000019073E-3,
,,,-178.40000987E-3,1.000000,,,,,-178.40000987E-3,480.000019073E-3,
,,,-178.00000310E-3,1.0080000,,,,,-178.00000310E-3,488.000035286E-3,
,,,-177.60001123E-3,1.0080000,,,,,-177.60001123E-3,488.000035286E-3,
,,,-177.20000446E-3,1.0160000,,,,,-177.20000446E-3,492.000013590E-3,
,,,-176.80001259E-3,1.000000,,,,,-176.80001259E-3,488.000035286E-3,
,,,-176.40000582E-3,1.0160000,,,,,-176.40000582E-3,500.000000000E-3,
,,,-176.00001395E-3,1.0160000,,,,,-176.00001395E-3,488.000035286E-3,
,,,-175.60000718E-3,1.0080000,,,,,-175.60000718E-3,488.000035286E-3,
,,,-175.20001531E-3,1.0160000,,,,,-175.20001531E-3,484.000027180E-3,
,,,-174.80000854E-3,1.0080000,,,,,-174.80000854E-3,488.000035286E-3,
,,,-174.40000176E-3,1.0160000,,,,,-174.40000176E-3,488.000035286E-3,
,,,-174.00000989E-3,1.0160000,,,,,-174.00000989E-3,492.000013590E-3,
,,,-173.60000312E-3,1.0160000,,,,,-173.60000312E-3,496.000021696E-3,
,,,-173.20001125E-3,1.0160000,,,,,-173.20001125E-3,488.000035286E-3,
,,,-172.80000448E-3,1.0160000,,,,,-172.80000448E-3,496.000021696E-3,
,,,-172.40001261E-3,1.0240000,,,,,-172.40001261E-3,492.000013590E-3,
,,,-172.00000584E-3,1.0160000,,,,,-172.00000584E-3,484.000027180E-3,
,,,-171.60001397E-3,1.0080000,,,,,-171.60001397E-3,476.000010967E-3,
,,,-171.20000720E-3,1.0080000,,,,,-171.20000720E-3,480.000019073E-3,
,,,-170.80001533E-3,1.0160000,,,,,-170.80001533E-3,476.000010967E-3,
,,,-170.40000856E-3,1.0160000,,,,,-170.40000856E-3,488.000035286E-3,
,,,-170.00000179E-3,1.0080000,,,,,-170.00000179E-3,488.000035286E-3,
,,,-169.60000992E-3,1.0080000,,,,,-169.60000992E-3,480.000019073E-3,
,,,-169.20000315E-3,1.0160000,,,,,-169.20000315E-3,496.000021696E-3,
,,,-168.80001128E-3,1.0080000,,,,,-168.80001128E-3,496.000021696E-3,
,,,-168.40000451E-3,1.0160000,,,,,-168.40000451E-3,496.000021696E-3,
,,,-168.00001264E-3,1.0160000,,,,,-168.00001264E-3,484.000027180E-3,
,,,-167.60000587E-3,1.0240000,,,,,-167.60000587E-3,492.000013590E-3,
,,,-167.20001400E-3,1.0160000,,,,,-167.20001400E-3,496.000021696E-3,
,,,-166.80000722E-3,1.0080000,,,,,-166.80000722E-3,480.000019073E-3,
,,,-166.40001535E-3,1.0080000,,,,,-166.40001535E-3,480.000019073E-3,
,,,-166.00000858E-3,1.0160000,,,,,-166.00000858E-3,484.000027180E-3,
,,,-165.60000181E-3,1.0080000,,,,,-165.60000181E-3,484.000027180E-3,
,,,-165.20000994E-3,1.0080000,,,,,-165.20000994E-3,480.000019073E-3,
,,,-164.80000317E-3,1.0160000,,,,,-164.80000317E-3,484.000027180E-3,
,,,-164.40001130E-3,1.0160000,,,,,-164.40001130E-3,500.000000000E-3,
,,,-164.00000453E-3,1.0080000,,,,,-164.00000453E-3,472.000032663E-3,
,,,-163.60001266E-3,1.0160000,,,,,-163.60001266E-3,492.000013590E-3,
,,,-163.20000589E-3,1.0080000,,,,,-163.20000589E-3,480.000019073E-3,
,,,-162.80001402E-3,1.0160000,,,,,-162.80001402E-3,484.000027180E-3,
,,,-162.40000725E-3,1.0160000,,,,,-162.40000725E-3,480.000019073E-3,
,,,-162.00001538E-3,1.0160000,,,,,-162.00001538E-3,492.000013590E-3,
,,,-161.60000861E-3,1.0080000,,,,,-161.60000861E-3,492.000013590E-3,
,,,-161.20000184E-3,1.0080000,,,,,-161.20000184E-3,476.000010967E-3,
,,,-160.80000997E-3,1.0080000,,,,,-160.80000997E-3,488.000035286E-3,
,,,-160.40000319E-3,1.0080000,,,,,-160.40000319E-3,468.000024557E-3,
,,,-160.00001132E-3,1.0160000,,,,,-160.00001132E-3,488.000035286E-3,
,,,-159.60000455E-3,1.0160000,,,,,-159.60000455E-3,484.000027180E-3,
,,,-159.20001268E-3,1.0080000,,,,,-159.20001268E-3,488.000035286E-3,
,,,-158.80000591E-3,1.0080000,,,,,-158.80000591E-3,492.000013590E-3,
,,,-158.40001404E-3,1.0160000,,,,,-158.40001404E-3,488.000035286E-3,
,,,-158.00000727E-3,1.0240000,,,,,-158.00000727E-3,488.000035286E-3,
,,,-157.60001540E-3,1.0320001,,,,,-157.60001540E-3,496.000021696E-3,
,,,-157.20000863E-3,1.0160000,,,,,-157.20000863E-3,488.000035286E-3,
,,,-156.80000186E-3,1.000000,,,,,-156.80000186E-3,480.000019073E-3,
,,,-156.40000999E-3,1.0160000,,,,,-156.40000999E-3,496.000021696E-3,
,,,-156.00000322E-3,1.0160000,,,,,-156.00000322E-3,496.000021696E-3,
,,,-155.60001135E-3,1.0080000,,,,,-155.60001135E-3,492.000013590E-3,
,,,-155.20000458E-3,1.0160000,,,,,-155.20000458E-3,496.000021696E-3,
,,,-154.80001271E-3,1.0080000,,,,,-154.80001271E-3,484.000027180E-3,
,,,-154.40000594E-3,1.0080000,,,,,-154.40000594E-3,472.000032663E-3,
,,,-154.00001407E-3,1.0240000,,,,,-154.00001407E-3,496.000021696E-3,
,,,-153.60000730E-3,1.0160000,,,,,-153.60000730E-3,492.000013590E-3,
,,,-153.20001543E-3,1.0160000,,,,,-153.20001543E-3,476.000010967E-3,
,,,-152.80000865E-3,1.0160000,,,,,-152.80000865E-3,500.000000000E-3,
,,,-152.40000188E-3,1.0080000,,,,,-152.40000188E-3,492.000013590E-3,
,,,-152.00001001E-3,1.0160000,,,,,-152.00001001E-3,484.000027180E-3,
,,,-151.60000324E-3,1.0160000,,,,,-151.60000324E-3,488.000035286E-3,
,,,-151.20001137E-3,1.0240000,,,,,-151.20001137E-3,496.000021696E-3,
,,,-150.80000460E-3,1.0080000,,,,,-150.80000460E-3,480.000019073E-3,
,,,-150.40001273E-3,1.0160000,,,,,-150.40001273E-3,488.000035286E-3,
,,,-150.00000596E-3,1.0160000,,,,,-150.00000596E-3,492.000013590E-3,
,,,-149.60001409E-3,1.0160000,,,,,-149.60001409E-3,476.000010967E-3,
,,,-149.20000732E-3,1.0160000,,,,,-149.20000732E-3,488.000035286E-3,
,,,-148.80001545E-3,1.0080000,,,,,-148.80001545E-3,484.000027180E-3,
,,,-148.4000087E-3,1.0160000,,,,,-148.4000087E-3,484.000027180E-3,
,,,-148.0000019E-3,1.0080000,,,,,-148.0000019E-3,484.000027180E-3,
,,,-147.6000100E-3,1.0080000,,,,,-147.6000100E-3,476.000010967E-3,
,,,-147.2000033E-3,1.0080000,,,,,-147.2000033E-3,496.000021696E-3,
,,,-146.8000114E-3,1.0160000,,,,,-146.8000114E-3,496.000021696E-3,
,,,-146.4000046E-3,1.0160000,,,,,-146.4000046E-3,488.000035286E-3,
,,,-146.0000128E-3,1.0160000,,,,,-146.0000128E-3,488.000035286E-3,
,,,-145.6000060E-3,1.0160000,,,,,-145.6000060E-3,488.000035286E-3,
,,,-145.2000141E-3,1.0080000,,,,,-145.2000141E-3,480.000019073E-3,
,,,-144.8000073E-3,1.000000,,,,,-144.8000073E-3,488.000035286E-3,
,,,-144.4000155E-3,1.0160000,,,,,-144.4000155E-3,492.000013590E-3,
,,,-144.0000087E-3,1.0080000,,,,,-144.0000087E-3,488.000035286E-3,
,,,-143.6000019E-3,1.0240000,,,,,-143.6000019E-3,492.000013590E-3,
,,,-143.2000101E-3,1.0080000,,,,,-143.2000101E-3,488.000035286E-3,
,,,-142.8000033E-3,1.0160000,,,,,-142.8000033E-3,492.000013590E-3,
,,,-142.4000114E-3,1.0160000,,,,,-142.4000114E-3,484.000027180E-3,
,,,-142.0000046E-3,1.0080000,,,,,-142.0000046E-3,476.000010967E-3,
,,,-141.6000128E-3,1.0080000,,,,,-141.6000128E-3,484.000027180E-3,
,,,-141.2000060E-3,1.0080000,,,,,-141.2000060E-3,492.000013590E-3,
,,,-140.8000141E-3,1.0160000,,,,,-140.8000141E-3,488.000035286E-3,
,,,-140.4000074E-3,1.0160000,,,,,-140.4000074E-3,492.000013590E-3,
,,,-140.0000155E-3,1.0080000,,,,,-140.0000155E-3,496.000021696E-3,
,,,-139.6000087E-3,1.0240000,,,,,-139.6000087E-3,492.000013590E-3,
,,,-139.2000020E-3,1.0080000,,,,,-139.2000020E-3,476.000010967E-3,
,,,-138.8000101E-3,1.0240000,,,,,-138.8000101E-3,488.000035286E-3,
,,,-138.4000033E-3,1.0080000,,,,,-138.4000033E-3,488.000035286E-3,
,,,-138.0000114E-3,1.0240000,,,,,-138.0000114E-3,496.000021696E-3,
,,,-137.6000047E-3,1.0160000,,,,,-137.6000047E-3,488.000035286E-3,
,,,-137.2000128E-3,1.0160000,,,,,-137.2000128E-3,492.000013590E-3,
,,,-136.8000060E-3,1.0160000,,,,,-136.8000060E-3,484.000027180E-3,
,,,-136.4000142E-3,1.0160000,,,,,-136.4000142E-3,484.000027180E-3,
,,,-136.0000074E-3,1.0160000,,,,,-136.0000074E-3,488.000035286E-3,
,,,-135.6000155E-3,1.0160000,,,,,-135.6000155E-3,492.000013590E-3,
,,,-135.2000087E-3,1.0080000,,,,,-135.2000087E-3,484.000027180E-3,
,,,-134.8000020E-3,1.000000,,,,,-134.8000020E-3,484.000027180E-3,
,,,-134.4000101E-3,1.0080000,,,,,-134.4000101E-3,484.000027180E-3,
,,,-134.0000033E-3,1.0080000,,,,,-134.0000033E-3,488.000035286E-3,
,,,-133.6000115E-3,1.0080000,,,,,-133.6000115E-3,496.000021696E-3,
,,,-133.2000047E-3,1.0160000,,,,,-133.2000047E-3,488.000035286E-3,
,,,-132.8000128E-3,1.0160000,,,,,-132.8000128E-3,492.000013590E-3,
,,,-132.4000061E-3,1.0080000,,,,,-132.4000061E-3,488.000035286E-3,
,,,-132.0000142E-3,1.0080000,,,,,-132.0000142E-3,484.000027180E-3,
,,,-131.6000074E-3,1.0080000,,,,,-131.6000074E-3,492.000013590E-3,
,,,-131.2000155E-3,1.0080000,,,,,-131.2000155E-3,484.000027180E-3,
,,,-130.8000088E-3,1.0160000,,,,,-130.8000088E-3,500.000000000E-3,
,,,-130.4000020E-3,1.0080000,,,,,-130.4000020E-3,484.000027180E-3,
,,,-130.0000101E-3,1.0160000,,,,,-130.0000101E-3,488.000035286E-3,
,,,-129.6000034E-3,1.0080000,,,,,-129.6000034E-3,480.000019073E-3,
,,,-129.2000115E-3,1.0160000,,,,,-129.2000115E-3,484.000027180E-3,
,,,-128.8000047E-3,1.0080000,,,,,-128.8000047E-3,492.000013590E-3,
,,,-128.4000129E-3,1.0160000,,,,,-128.4000129E-3,492.000013590E-3,
,,,-128.0000061E-3,1.0080000,,,,,-128.0000061E-3,488.000035286E-3,
,,,-127.6000142E-3,1.0080000,,,,,-127.6000142E-3,492.000013590E-3,
,,,-127.2000074E-3,1.0160000,,,,,-127.2000074E-3,496.000021696E-3,
,,,-126.8000156E-3,1.0240000,,,,,-126.8000156E-3,488.000035286E-3,
,,,-126.4000088E-3,1.0080000,,,,,-126.4000088E-3,472.000032663E-3,
,,,-126.0000020E-3,1.0080000,,,,,-126.0000020E-3,488.000035286E-3,
,,,-125.6000102E-3,1.0080000,,,,,-125.6000102E-3,488.000035286E-3,
,,,-125.2000034E-3,1.0080000,,,,,-125.2000034E-3,484.000027180E-3,
,,,-124.8000115E-3,1.000000,,,,,-124.8000115E-3,492.000013590E-3,
,,,-124.4000122E-3,1.0080000,,,,,-124.4000122E-3,492.000013590E-3,
,,,-124.0000129E-3,1.0160000,,,,,-124.0000129E-3,488.000035286E-3,
,,,-123.6000061E-3,1.0080000,,,,,-123.6000061E-3,496.000021696E-3,
,,,-123.2000068E-3,1.0160000,,,,,-123.2000068E-3,488.000035286E-3,
,,,-122.8000075E-3,1.0160000,,,,,-122.8000075E-3,492.000013590E-3,
,,,-122.4000081E-3,1.000000,,,,,-122.4000081E-3,484.000027180E-3,
,,,-122.0000088E-3,1.0240000,,,,,-122.0000088E-3,496.000021696E-3,
,,,-121.6000095E-3,1.0160000,,,,,-121.6000095E-3,492.000013590E-3,
,,,-121.2000102E-3,1.0160000,,,,,-121.2000102E-3,492.000013590E-3,
,,,-120.8000109E-3,1.0160000,,,,,-120.8000109E-3,500.000000000E-3,
,,,-120.4000115E-3,1.0080000,,,,,-120.4000115E-3,476.000010967E-3,
,,,-120.0000122E-3,1.000000,,,,,-120.0000122E-3,488.000035286E-3,
,,,-119.6000129E-3,1.0080000,,,,,-119.6000129E-3,484.000027180E-3,
,,,-119.2000061E-3,1.0160000,,,,,-119.2000061E-3,492.000013590E-3,
,,,-118.8000068E-3,1.0080000,,,,,-118.8000068E-3,484.000027180E-3,
,,,-118.4000075E-3,1.0160000,,,,,-118.4000075E-3,500.000000000E-3,
,,,-118.0000082E-3,1.0160000,,,,,-118.0000082E-3,496.000021696E-3,
,,,-117.6000088E-3,1.0160000,,,,,-117.6000088E-3,488.000035286E-3,
,,,-117.2000095E-3,1.0160000,,,,,-117.2000095E-3,496.000021696E-3,
,,,-116.8000102E-3,1.0080000,,,,,-116.8000102E-3,476.000010967E-3,
,,,-116.4000109E-3,1.0160000,,,,,-116.4000109E-3,496.000021696E-3,
,,,-116.0000116E-3,1.0160000,,,,,-116.0000116E-3,484.000027180E-3,
,,,-115.6000122E-3,1.0160000,,,,,-115.6000122E-3,492.000013590E-3,
,,,-115.2000129E-3,1.0160000,,,,,-115.2000129E-3,480.000019073E-3,
,,,-114.8000062E-3,1.0160000,,,,,-114.8000062E-3,488.000035286E-3,
,,,-114.4000068E-3,1.0080000,,,,,-114.4000068E-3,488.000035286E-3,
,,,-114.0000075E-3,1.0080000,,,,,-114.0000075E-3,488.000035286E-3,
,,,-113.6000082E-3,1.0160000,,,,,-113.6000082E-3,492.000013590E-3,
,,,-113.2000089E-3,1.0080000,,,,,-113.2000089E-3,484.000027180E-3,
,,,-112.8000095E-3,1.0240000,,,,,-112.8000095E-3,492.000013590E-3,
,,,-112.4000102E-3,1.0160000,,,,,-112.4000102E-3,484.000027180E-3,
,,,-112.0000109E-3,1.0080000,,,,,-112.0000109E-3,476.000010967E-3,
,,,-111.6000116E-3,1.0080000,,,,,-111.6000116E-3,488.000035286E-3,
,,,-111.2000123E-3,1.0160000,,,,,-111.2000123E-3,488.000035286E-3,
,,,-110.8000129E-3,1.0080000,,,,,-110.8000129E-3,476.000010967E-3,
,,,-110.4000062E-3,1.0080000,,,,,-110.4000062E-3,492.000013590E-3,
,,,-110.0000069E-3,1.0080000,,,,,-110.0000069E-3,500.000000000E-3,
,,,-109.6000075E-3,1.0080000,,,,,-109.6000075E-3,492.000013590E-3,
,,,-109.2000082E-3,1.0160000,,,,,-109.2000082E-3,496.000021696E-3,
,,,-108.8000089E-3,1.0160000,,,,,-108.8000089E-3,480.000019073E-3,
,,,-108.4000096E-3,1.0160000,,,,,-108.4000096E-3,488.000035286E-3,
,,,-108.0000103E-3,1.0160000,,,,,-108.0000103E-3,496.000021696E-3,
,,,-107.6000109E-3,1.0160000,,,,,-107.6000109E-3,488.000035286E-3,
,,,-107.2000116E-3,1.0160000,,,,,-107.2000116E-3,488.000035286E-3,
,,,-106.8000123E-3,1.0160000,,,,,-106.8000123E-3,496.000021696E-3,
,,,-106.4000130E-3,1.0080000,,,,,-106.4000130E-3,492.000013590E-3,
,,,-106.0000136E-3,1.0080000,,,,,-106.0000136E-3,488.000035286E-3,
,,,-105.6000069E-3,1.0160000,,,,,-105.6000069E-3,488.000035286E-3,
,,,-105.2000076E-3,1.0160000,,,,,-105.2000076E-3,500.000000000E-3,
,,,-104.8000082E-3,1.0160000,,,,,-104.8000082E-3,492.000013590E-3,
,,,-104.4000089E-3,1.0160000,,,,,-104.4000089E-3,488.000035286E-3,
,,,-104.0000096E-3,1.0080000,,,,,-104.0000096E-3,480.000019073E-3,
,,,-103.6000103E-3,1.0160000,,,,,-103.6000103E-3,492.000013590E-3,
,,,-103.2000110E-3,1.0160000,,,,,-103.2000110E-3,492.000013590E-3,
,,,-102.8000116E-3,1.0160000,,,,,-102.8000116E-3,484.000027180E-3,
,,,-102.4000123E-3,1.0160000,,,,,-102.4000123E-3,492.000013590E-3,
,,,-102.0000130E-3,1.0080000,,,,,-102.0000130E-3,472.000032663E-3,
,,,-101.6000137E-3,1.0240000,,,,,-101.6000137E-3,496.000021696E-3,
,,,-101.2000069E-3,1.0160000,,,,,-101.2000069E-3,496.000021696E-3,
,,,-100.8000076E-3,1.0160000,,,,,-100.8000076E-3,488.000035286E-3,
,,,-100.4000083E-3,1.000000,,,,,-100.4000083E-3,480.000019073E-3,
,,,-100.0000089E-3,1.0160000,,,,,-100.0000089E-3,492.000013590E-3,
,,,-99.600009620E-3,1.000000,,,,,-99.600009620E-3,480.000019073E-3,
,,,-99.200010300E-3,1.0160000,,,,,-99.200010300E-3,492.000013590E-3,
,,,-98.800010979E-3,1.0160000,,,,,-98.800010979E-3,492.000013590E-3,
,,,-98.400011659E-3,1.0080000,,,,,-98.400011659E-3,492.000013590E-3,
,,,-98.000012338E-3,1.0240000,,,,,-98.000012338E-3,488.000035286E-3,
,,,-97.600013018E-3,1.0080000,,,,,-97.600013018E-3,480.000019073E-3,
,,,-97.200013697E-3,1.0080000,,,,,-97.200013697E-3,488.000035286E-3,
,,,-96.800006926E-3,1.0160000,,,,,-96.800006926E-3,488.000035286E-3,
,,,-96.400007606E-3,1.0160000,,,,,-96.400007606E-3,480.000019073E-3,
,,,-96.000008285E-3,1.0080000,,,,,-96.000008285E-3,488.000035286E-3,
,,,-95.600008965E-3,1.0160000,,,,,-95.600008965E-3,496.000021696E-3,
,,,-95.200009644E-3,1.0160000,,,,,-95.200009644E-3,484.000027180E-3,
,,,-94.800010324E-3,1.0160000,,,,,-94.800010324E-3,488.000035286E-3,
,,,-94.400011003E-3,1.0160000,,,,,-94.400011003E-3,488.000035286E-3,
,,,-94.000011683E-3,1.0160000,,,,,-94.000011683E-3,488.000035286E-3,
,,,-93.600012362E-3,1.0160000,,,,,-93.600012362E-3,484.000027180E-3,
,,,-93.200013041E-3,1.0160000,,,,,-93.200013041E-3,484.000027180E-3,
,,,-92.800013721E-3,1.0160000,,,,,-92.800013721E-3,488.000035286E-3,
,,,-92.400006950E-3,1.0160000,,,,,-92.400006950E-3,476.000010967E-3,
,,,-92.000007629E-3,1.000000,,,,,-92.000007629E-3,488.000035286E-3,
,,,-91.600008309E-3,1.0080000,,,,,-91.600008309E-3,480.000019073E-3,
,,,-91.200008988E-3,1.0160000,,,,,-91.200008988E-3,484.000027180E-3,
,,,-90.800009668E-3,1.0240000,,,,,-90.800009668E-3,500.000000000E-3,
,,,-90.400010347E-3,1.0160000,,,,,-90.400010347E-3,496.000021696E-3,
,,,-90.000011027E-3,1.0080000,,,,,-90.000011027E-3,484.000027180E-3,
,,,-89.600011706E-3,1.0160000,,,,,-89.600011706E-3,492.000013590E-3,
,,,-89.200012386E-3,1.0160000,,,,,-89.200012386E-3,488.000035286E-3,
,,,-88.800013065E-3,1.0160000,,,,,-88.800013065E-3,500.000000000E-3,
,,,-88.400013745E-3,1.0160000,,,,,-88.400013745E-3,488.000035286E-3,
,,,-88.000006974E-3,1.0080000,,,,,-88.000006974E-3,484.000027180E-3,
,,,-87.600007653E-3,1.0080000,,,,,-87.600007653E-3,488.000035286E-3,
,,,-87.200008333E-3,1.0160000,,,,,-87.200008333E-3,496.000021696E-3,
,,,-86.800009012E-3,1.0160000,,,,,-86.800009012E-3,496.000021696E-3,
,,,-86.400009692E-3,1.0080000,,,,,-86.400009692E-3,496.000021696E-3,
,,,-86.000010371E-3,1.0160000,,,,,-86.000010371E-3,492.000013590E-3,
,,,-85.600011051E-3,1.0080000,,,,,-85.600011051E-3,476.000010967E-3,
,,,-85.200011730E-3,1.0160000,,,,,-85.200011730E-3,476.000010967E-3,
,,,-84.800012410E-3,1.0160000,,,,,-84.800012410E-3,496.000021696E-3,
,,,-84.400013089E-3,1.0080000,,,,,-84.400013089E-3,488.000035286E-3,
,,,-84.000013769E-3,1.0080000,,,,,-84.000013769E-3,488.000035286E-3,
,,,-83.600006998E-3,1.0160000,,,,,-83.600006998E-3,496.000021696E-3,
,,,-83.200007677E-3,1.0080000,,,,,-83.200007677E-3,480.000019073E-3,
,,,-82.800008357E-3,1.0240000,,,,,-82.800008357E-3,496.000021696E-3,
,,,-82.400009036E-3,1.0160000,,,,,-82.400009036E-3,480.000019073E-3,
,,,-82.000009716E-3,1.0080000,,,,,-82.000009716E-3,484.000027180E-3,
,,,-81.600010395E-3,1.0080000,,,,,-81.600010395E-3,492.000013590E-3,
,,,-81.200011075E-3,1.0160000,,,,,-81.200011075E-3,488.000035286E-3,
,,,-80.800011754E-3,1.0160000,,,,,-80.800011754E-3,496.000021696E-3,
,,,-80.400012434E-3,1.0080000,,,,,-80.400012434E-3,484.000027180E-3,
,,,-80.000013113E-3,1.000000,,,,,-80.000013113E-3,484.000027180E-3,
,,,-79.600013793E-3,1.0160000,,,,,-79.600013793E-3,496.000021696E-3,
,,,-79.200007021E-3,1.0080000,,,,,-79.200007021E-3,484.000027180E-3,
,,,-78.800007701E-3,1.0080000,,,,,-78.800007701E-3,472.000032663E-3,
,,,-78.400008380E-3,1.0160000,,,,,-78.400008380E-3,500.000000000E-3,
,,,-78.000009060E-3,1.0080000,,,,,-78.000009060E-3,488.000035286E-3,
,,,-77.600009739E-3,1.0080000,,,,,-77.600009739E-3,484.000027180E-3,
,,,-77.200010419E-3,1.0080000,,,,,-77.200010419E-3,484.000027180E-3,
,,,-76.800011098E-3,1.0160000,,,,,-76.800011098E-3,492.000013590E-3,
,,,-76.400011778E-3,1.0080000,,,,,-76.400011778E-3,484.000027180E-3,
,,,-76.000012457E-3,1.0240000,,,,,-76.000012457E-3,492.000013590E-3,
,,,-75.600013137E-3,1.0160000,,,,,-75.600013137E-3,496.000021696E-3,
,,,-75.200013816E-3,1.0080000,,,,,-75.200013816E-3,488.000035286E-3,
,,,-74.800007045E-3,1.0160000,,,,,-74.800007045E-3,492.000013590E-3,
,,,-74.400007725E-3,1.000000,,,,,-74.400007725E-3,488.000035286E-3,
,,,-74.000008404E-3,1.0160000,,,,,-74.000008404E-3,492.000013590E-3,
,,,-73.600009084E-3,1.0080000,,,,,-73.600009084E-3,488.000035286E-3,
,,,-73.200009763E-3,1.0080000,,,,,-73.200009763E-3,480.000019073E-3,
,,,-72.800010443E-3,1.0080000,,,,,-72.800010443E-3,492.000013590E-3,
,,,-72.400011122E-3,1.0080000,,,,,-72.400011122E-3,480.000019073E-3,
,,,-72.000011802E-3,1.0080000,,,,,-72.000011802E-3,484.000027180E-3,
,,,-71.600012481E-3,1.000000,,,,,-71.600012481E-3,472.000032663E-3,
,,,-71.200013161E-3,1.0160000,,,,,-71.200013161E-3,480.000019073E-3,
,,,-70.800013840E-3,1.0080000,,,,,-70.800013840E-3,480.000019073E-3,
,,,-70.400014520E-3,1.0160000,,,,,-70.400014520E-3,484.000027180E-3,
,,,-70.000007749E-3,1.0080000,,,,,-70.000007749E-3,480.000019073E-3,
,,,-69.600008428E-3,1.000000,,,,,-69.600008428E-3,480.000019073E-3,
,,,-69.200009108E-3,1.0160000,,,,,-69.200009108E-3,488.000035286E-3,
,,,-68.800009787E-3,1.0080000,,,,,-68.800009787E-3,484.000027180E-3,
,,,-68.400010467E-3,1.0080000,,,,,-68.400010467E-3,480.000019073E-3,
,,,-68.000011146E-3,1.0080000,,,,,-68.000011146E-3,500.000000000E-3,
,,,-67.600011826E-3,1.0160000,,,,,-67.600011826E-3,488.000035286E-3,
,,,-67.200012505E-3,1.0160000,,,,,-67.200012505E-3,496.000021696E-3,
,,,-66.800013185E-3,1.0160000,,,,,-66.800013185E-3,492.000013590E-3,
,,,-66.400013864E-3,1.0160000,,,,,-66.400013864E-3,488.000035286E-3,
,,,-66.000014544E-3,1.0240000,,,,,-66.000014544E-3,488.000035286E-3,
,,,-65.600007772E-3,1.0160000,,,,,-65.600007772E-3,492.000013590E-3,
,,,-65.200008452E-3,1.0160000,,,,,-65.200008452E-3,496.000021696E-3,
,,,-64.800009131E-3,1.0160000,,,,,-64.800009131E-3,496.000021696E-3,
,,,-64.400009811E-3,1.0080000,,,,,-64.400009811E-3,480.000019073E-3,
,,,-64.000010490E-3,1.0160000,,,,,-64.000010490E-3,488.000035286E-3,
,,,-63.600011170E-3,1.0160000,,,,,-63.600011170E-3,488.000035286E-3,
,,,-63.200011849E-3,1.0160000,,,,,-63.200011849E-3,492.000013590E-3,
,,,-62.800012529E-3,1.0080000,,,,,-62.800012529E-3,484.000027180E-3,
,,,-62.400009483E-3,1.0080000,,,,,-62.400009483E-3,488.000035286E-3,
,,,-62.000010163E-3,1.000000,,,,,-62.000010163E-3,472.000032663E-3,
,,,-61.600010842E-3,1.0080000,,,,,-61.600010842E-3,492.000013590E-3,
,,,-61.200011522E-3,1.0080000,,,,,-61.200011522E-3,484.000027180E-3,
,,,-60.800012201E-3,1.0080000,,,,,-60.800012201E-3,484.000027180E-3,
,,,-60.400012881E-3,1.0080000,,,,,-60.400012881E-3,492.000013590E-3,
,,,-60.000009835E-3,1.0160000,,,,,-60.000009835E-3,488.000035286E-3,
,,,-59.600010514E-3,1.0160000,,,,,-59.600010514E-3,480.000019073E-3,
,,,-59.200011194E-3,1.0080000,,,,,-59.200011194E-3,480.000019073E-3,
,,,-58.800011873E-3,1.0080000,,,,,-58.800011873E-3,480.000019073E-3,
,,,-58.400012553E-3,1.0160000,,,,,-58.400012553E-3,492.000013590E-3,
,,,-58.000009507E-3,1.000000,,,,,-58.000009507E-3,468.000024557E-3,
,,,-57.600010186E-3,1.0080000,,,,,-57.600010186E-3,480.000019073E-3,
,,,-57.200010866E-3,1.0320001,,,,,-57.200010866E-3,496.000021696E-3,
,,,-56.800011545E-3,1.0160000,,,,,-56.800011545E-3,484.000027180E-3,
,,,-56.400012225E-3,1.0160000,,,,,-56.400012225E-3,472.000032663E-3,
,,,-56.000012904E-3,1.0160000,,,,,-56.000012904E-3,492.000013590E-3,
,,,-55.600009859E-3,1.0160000,,,,,-55.600009859E-3,476.000010967E-3,
,,,-55.200010538E-3,1.0080000,,,,,-55.200010538E-3,484.000027180E-3,
,,,-54.800011218E-3,1.0080000,,,,,-54.800011218E-3,496.000021696E-3,
,,,-54.40001190E-3,1.0080000,,,,,-54.40001190E-3,492.000013590E-3,
,,,-54.00001258E-3,1.0160000,,,,,-54.00001258E-3,492.000013590E-3,
,,,-53.60000953E-3,1.0080000,,,,,-53.60000953E-3,480.000019073E-3,
,,,-53.20001021E-3,1.0160000,,,,,-53.20001021E-3,484.000027180E-3,
,,,-52.80001089E-3,1.0160000,,,,,-52.80001089E-3,492.000013590E-3,
,,,-52.40001157E-3,1.0080000,,,,,-52.40001157E-3,492.000013590E-3,
,,,-52.00001225E-3,1.0160000,,,,,-52.00001225E-3,484.000027180E-3,
,,,-51.60001293E-3,1.0160000,,,,,-51.60001293E-3,492.000013590E-3,
,,,-51.20000988E-3,1.0160000,,,,,-51.20000988E-3,496.000021696E-3,
,,,-50.80001056E-3,1.0160000,,,,,-50.80001056E-3,496.000021696E-3,
,,,-50.40001124E-3,1.0080000,,,,,-50.40001124E-3,480.000019073E-3,
,,,-50.00001192E-3,1.0080000,,,,,-50.00001192E-3,492.000013590E-3,
,,,-49.60001260E-3,1.0080000,,,,,-49.60001260E-3,488.000035286E-3,
,,,-49.20000955E-3,1.0160000,,,,,-49.20000955E-3,484.000027180E-3,
,,,-48.80001023E-3,1.0160000,,,,,-48.80001023E-3,492.000013590E-3,
,,,-48.40001091E-3,1.0160000,,,,,-48.40001091E-3,480.000019073E-3,
,,,-48.00001159E-3,1.0080000,,,,,-48.00001159E-3,484.000027180E-3,
,,,-47.60001227E-3,1.0080000,,,,,-47.60001227E-3,488.000035286E-3,
,,,-47.20001295E-3,1.0160000,,,,,-47.20001295E-3,492.000013590E-3,
,,,-46.80000991E-3,1.0160000,,,,,-46.80000991E-3,492.000013590E-3,
,,,-46.40001059E-3,1.0080000,,,,,-46.40001059E-3,484.000027180E-3,
,,,-46.00001127E-3,1.0160000,,,,,-46.00001127E-3,484.000027180E-3,
,,,-45.60001194E-3,1.0160000,,,,,-45.60001194E-3,492.000013590E-3,
,,,-45.20001262E-3,1.0160000,,,,,-45.20001262E-3,480.000019073E-3,
,,,-44.80001330E-3,1.0160000,,,,,-44.80001330E-3,488.000035286E-3,
,,,-44.40001026E-3,1.0160000,,,,,-44.40001026E-3,496.000021696E-3,
,,,-44.00001094E-3,1.0080000,,,,,-44.00001094E-3,476.000010967E-3,
,,,-43.60001162E-3,1.0160000,,,,,-43.60001162E-3,496.000021696E-3,
,,,-43.20001230E-3,1.0080000,,,,,-43.20001230E-3,480.000019073E-3,
,,,-42.80001298E-3,1.0160000,,,,,-42.80001298E-3,480.000019073E-3,
,,,-42.40000993E-3,1.0160000,,,,,-42.40000993E-3,492.000013590E-3,
,,,-42.00001061E-3,1.0080000,,,,,-42.00001061E-3,488.000035286E-3,
,,,-41.60001129E-3,1.0160000,,,,,-41.60001129E-3,488.000035286E-3,
,,,-41.20001197E-3,1.0080000,,,,,-41.20001197E-3,492.000013590E-3,
,,,-40.80001265E-3,1.0080000,,,,,-40.80001265E-3,472.000032663E-3,
,,,-40.40001333E-3,1.0160000,,,,,-40.40001333E-3,484.000027180E-3,
,,,-40.00001028E-3,1.0080000,,,,,-40.00001028E-3,496.000021696E-3,
,,,-39.60001096E-3,1.0160000,,,,,-39.60001096E-3,484.000027180E-3,
,,,-39.20001164E-3,1.0160000,,,,,-39.20001164E-3,484.000027180E-3,
,,,-38.80001232E-3,1.0160000,,,,,-38.80001232E-3,492.000013590E-3,
,,,-38.40001300E-3,1.0080000,,,,,-38.40001300E-3,484.000027180E-3,
,,,-38.00000995E-3,1.0080000,,,,,-38.00000995E-3,488.000035286E-3,
,,,-37.60001063E-3,1.0240000,,,,,-37.60001063E-3,492.000013590E-3,
,,,-37.20001131E-3,1.0160000,,,,,-37.20001131E-3,504.000008106E-3,
,,,-36.80001199E-3,1.0240000,,,,,-36.80001199E-3,496.000021696E-3,
,,,-36.40001267E-3,1.0160000,,,,,-36.40001267E-3,480.000019073E-3,
,,,-36.00001335E-3,1.0160000,,,,,-36.00001335E-3,484.000027180E-3,
,,,-35.60001031E-3,1.0080000,,,,,-35.60001031E-3,484.000027180E-3,
,,,-35.20001099E-3,1.0160000,,,,,-35.20001099E-3,492.000013590E-3,
,,,-34.80001166E-3,1.0160000,,,,,-34.80001166E-3,488.000035286E-3,
,,,-34.40001234E-3,1.0080000,,,,,-34.40001234E-3,492.000013590E-3,
,,,-34.00001302E-3,1.0160000,,,,,-34.00001302E-3,496.000021696E-3,
,,,-33.60000998E-3,1.0080000,,,,,-33.60000998E-3,496.000021696E-3,
,,,-33.20001066E-3,1.0160000,,,,,-33.20001066E-3,488.000035286E-3,
,,,-32.80001134E-3,1.0240000,,,,,-32.80001134E-3,496.000021696E-3,
,,,-32.40001202E-3,1.0160000,,,,,-32.40001202E-3,484.000027180E-3,
,,,-32.00001270E-3,1.0160000,,,,,-32.00001270E-3,484.000027180E-3,
,,,-31.60001338E-3,1.0160000,,,,,-31.60001338E-3,496.000021696E-3,
,,,-31.20001219E-3,1.0080000,,,,,-31.20001219E-3,488.000035286E-3,
,,,-30.80001101E-3,1.0160000,,,,,-30.80001101E-3,492.000013590E-3,
,,,-30.40001169E-3,1.0160000,,,,,-30.40001169E-3,496.000021696E-3,
,,,-30.00001237E-3,1.0080000,,,,,-30.00001237E-3,496.000021696E-3,
,,,-29.60001118E-3,1.0160000,,,,,-29.60001118E-3,492.000013590E-3,
,,,-29.20001186E-3,1.0160000,,,,,-29.20001186E-3,488.000035286E-3,
,,,-28.80001254E-3,1.0160000,,,,,-28.80001254E-3,484.000027180E-3,
,,,-28.40001136E-3,1.0160000,,,,,-28.40001136E-3,480.000019073E-3,
,,,-28.00001204E-3,1.0080000,,,,,-28.00001204E-3,484.000027180E-3,
,,,-27.60001272E-3,1.0160000,,,,,-27.60001272E-3,492.000013590E-3,
,,,-27.20001154E-3,1.0080000,,,,,-27.20001154E-3,480.000019073E-3,
,,,-26.80001222E-3,1.0160000,,,,,-26.80001222E-3,476.000010967E-3,
,,,-26.40001103E-3,1.0160000,,,,,-26.40001103E-3,484.000027180E-3,
,,,-26.00001171E-3,1.0160000,,,,,-26.00001171E-3,496.000021696E-3,
,,,-25.60001239E-3,1.0080000,,,,,-25.60001239E-3,488.000035286E-3,
,,,-25.20001121E-3,1.0080000,,,,,-25.20001121E-3,492.000013590E-3,
,,,-24.80001189E-3,1.0080000,,,,,-24.80001189E-3,492.000013590E-3,
,,,-24.40001257E-3,1.0080000,,,,,-24.40001257E-3,488.000035286E-3,
,,,-24.00001138E-3,1.0160000,,,,,-24.00001138E-3,476.000010967E-3,
,,,-23.60001206E-3,1.0080000,,,,,-23.60001206E-3,476.000010967E-3,
,,,-23.20001274E-3,1.0160000,,,,,-23.20001274E-3,484.000027180E-3,
,,,-22.80001156E-3,1.0080000,,,,,-22.80001156E-3,488.000035286E-3,
,,,-22.40001224E-3,1.0160000,,,,,-22.40001224E-3,492.000013590E-3,
,,,-22.00001292E-3,1.0160000,,,,,-22.00001292E-3,492.000013590E-3,
,,,-21.60001174E-3,1.0080000,,,,,-21.60001174E-3,476.000010967E-3,
,,,-21.20001242E-3,1.0080000,,,,,-21.20001242E-3,488.000035286E-3,
,,,-20.80001123E-3,1.0160000,,,,,-20.80001123E-3,492.000013590E-3,
,,,-20.40001191E-3,1.0160000,,,,,-20.40001191E-3,492.000013590E-3,
,,,-20.0000126E-3,1.0160000,,,,,-20.0000126E-3,480.000019073E-3,
,,,-19.6000114E-3,1.0240000,,,,,-19.6000114E-3,492.000013590E-3,
,,,-19.2000121E-3,1.0160000,,,,,-19.2000121E-3,488.000035286E-3,
,,,-18.8000128E-3,1.0160000,,,,,-18.8000128E-3,492.000013590E-3,
,,,-18.4000116E-3,1.0160000,,,,,-18.4000116E-3,480.000019073E-3,
,,,-18.0000123E-3,1.0160000,,,,,-18.0000123E-3,476.000010967E-3,
,,,-17.6000129E-3,1.0160000,,,,,-17.6000129E-3,496.000021696E-3,
,,,-17.2000118E-3,1.0080000,,,,,-17.2000118E-3,480.000019073E-3,
,,,-16.8000124E-3,1.0160000,,,,,-16.8000124E-3,488.000035286E-3,
,,,-16.4000131E-3,1.0160000,,,,,-16.4000131E-3,492.000013590E-3,
,,,-16.0000119E-3,1.0080000,,,,,-16.0000119E-3,500.000000000E-3,
,,,-15.6000126E-3,1.0080000,,,,,-15.6000126E-3,496.000021696E-3,
,,,-15.2000124E-3,1.0080000,,,,,-15.2000124E-3,488.000035286E-3,
,,,-14.8000121E-3,1.0080000,,,,,-14.8000121E-3,480.000019073E-3,
,,,-14.4000119E-3,1.0160000,,,,,-14.4000119E-3,488.000035286E-3,
,,,-14.0000125E-3,1.0080000,,,,,-14.0000125E-3,480.000019073E-3,
,,,-13.6000123E-3,1.0160000,,,,,-13.6000123E-3,488.000035286E-3,
,,,-13.2000120E-3,1.0160000,,,,,-13.2000120E-3,484.000027180E-3,
,,,-12.8000127E-3,1.0160000,,,,,-12.8000127E-3,488.000035286E-3,
,,,-12.4000125E-3,1.0080000,,,,,-12.4000125E-3,484.000027180E-3,
,,,-12.0000122E-3,1.0160000,,,,,-12.0000122E-3,492.000013590E-3,
,,,-11.6000120E-3,1.0160000,,,,,-11.6000120E-3,488.000035286E-3,
,,,-11.2000126E-3,1.0080000,,,,,-11.2000126E-3,496.000021696E-3,
,,,-10.8000124E-3,1.0080000,,,,,-10.8000124E-3,492.000013590E-3,
,,,-10.4000121E-3,1.0080000,,,,,-10.4000121E-3,492.000013590E-3,
,,,-10.0000128E-3,1.0080000,,,,,-10.0000128E-3,468.000024557E-3,
,,,-9.600012563E-3,1.0080000,,,,,-9.600012563E-3,476.000010967E-3,
,,,-9.200012311E-3,1.0160000,,,,,-9.200012311E-3,496.000021696E-3,
,,,-8.800012060E-3,1.0080000,,,,,-8.800012060E-3,488.000035286E-3,
,,,-8.400012739E-3,1.0160000,,,,,-8.400012739E-3,492.000013590E-3,
,,,-8.000012487E-3,1.0080000,,,,,-8.000012487E-3,500.000000000E-3,
,,,-7.600012235E-3,1.0160000,,,,,-7.600012235E-3,496.000021696E-3,
,,,-7.20001245E-3,1.0160000,,,,,-7.20001245E-3,500.000000000E-3,
,,,-6.80001266E-3,1.0080000,,,,,-6.80001266E-3,488.000035286E-3,
,,,-6.40001241E-3,1.0240000,,,,,-6.40001241E-3,492.000013590E-3,
,,,-6.00001263E-3,1.0080000,,,,,-6.00001263E-3,488.000035286E-3,
,,,-5.60001237E-3,1.0080000,,,,,-5.60001237E-3,488.000035286E-3,
,,,-5.20001259E-3,1.0160000,,,,,-5.20001259E-3,488.000035286E-3,
,,,-4.80001234E-3,1.0160000,,,,,-4.80001234E-3,484.000027180E-3,
,,,-4.40001255E-3,1.0160000,,,,,-4.40001255E-3,496.000021696E-3,
,,,-4.00001276E-3,1.0160000,,,,,-4.00001276E-3,484.000027180E-3,
,,,-3.60001251E-3,1.0160000,,,,,-3.60001251E-3,488.000035286E-3,
,,,-3.20001249E-3,1.0160000,,,,,-3.20001249E-3,496.000021696E-3,
,,,-2.80001247E-3,1.0160000,,,,,-2.80001247E-3,496.000021696E-3,
,,,-2.4000127E-3,1.0080000,,,,,-2.4000127E-3,496.000021696E-3,
,,,-2.0000127E-3,1.0160000,,,,,-2.0000127E-3,492.000013590E-3,
,,,-1.6000126E-3,1.0080000,,,,,-1.6000126E-3,476.000010967E-3,
,,,-1.2000126E-3,1.0160000,,,,,-1.2000126E-3,480.000019073E-3,
,,,-800.012610853E-6,1.0080000,,,,,-800.012610853E-6,480.000019073E-3,
,,,-400.01262096E-6,1.000000,,,,,-400.01262096E-6,472.000032663E-3,
,,,-12.6310624E-9,1.000000,,,,,-12.6310624E-9,472.000032663E-3,
,,,399.98735883E-6,1.0080000,,,,,399.98735883E-6,480.000019073E-3,
,,,799.987348728E-6,1.0080000,,,,,799.987348728E-6,492.000013590E-3,
,,,1.1999874E-3,1.0160000,,,,,1.1999874E-3,492.000013590E-3,
,,,1.5999873E-3,1.0160000,,,,,1.5999873E-3,488.000035286E-3,
,,,1.9999873E-3,1.0080000,,,,,1.9999873E-3,488.000035286E-3,
,,,2.3999873E-3,1.0080000,,,,,2.3999873E-3,480.000019073E-3,
,,,2.79998733E-3,1.0160000,,,,,2.79998733E-3,484.000027180E-3,
,,,3.19998735E-3,1.0080000,,,,,3.19998735E-3,476.000010967E-3,
,,,3.59998737E-3,1.0160000,,,,,3.59998737E-3,488.000035286E-3,
,,,3.99998715E-3,1.0160000,,,,,3.99998715E-3,480.000019073E-3,
,,,4.39998740E-3,1.0160000,,,,,4.39998740E-3,488.000035286E-3,
,,,4.79998719E-3,1.0160000,,,,,4.79998719E-3,492.000013590E-3,
,,,5.19998744E-3,1.0240000,,,,,5.19998744E-3,496.000021696E-3,
,,,5.59998723E-3,1.0080000,,,,,5.59998723E-3,484.000027180E-3,
,,,5.99998701E-3,1.0160000,,,,,5.99998701E-3,492.000013590E-3,
,,,6.39998727E-3,984.000027180E-3,,,,,6.39998727E-3,468.000024557E-3,
,,,6.79998705E-3,976.000070572E-3,,,,,6.79998705E-3,472.000032663E-3,
,,,7.19998730E-3,936.000049114E-3,,,,,7.19998730E-3,684.000015259E-3,
,,,7.599987090E-3,912.000060081E-3,,,,,7.599987090E-3,652.000010014E-3,
,,,7.999987341E-3,896.000027657E-3,,,,,7.999987341E-3,604.000031948E-3,
,,,8.399987593E-3,856.000065804E-3,,,,,8.399987593E-3,572.000026703E-3,
,,,8.799986914E-3,848.000049591E-3,,,,,8.799986914E-3,532.000005245E-3,
,,,9.199987166E-3,816.000044346E-3,,,,,9.199987166E-3,500.000000000E-3,
,,,9.599987417E-3,792.000055313E-3,,,,,9.599987417E-3,476.000010967E-3,
,,,9.999986738E-3,784.000039101E-3,,,,,9.999986738E-3,460.000008345E-3,
,,,10.3999870E-3,776.000022888E-3,,,,,10.3999870E-3,460.000008345E-3,
,,,10.7999872E-3,744.000017643E-3,,,,,10.7999872E-3,416.000008583E-3,
,,,11.1999875E-3,736.000061035E-3,,,,,11.1999875E-3,428.000032902E-3,
,,,11.5999868E-3,712.000012398E-3,,,,,11.5999868E-3,428.000032902E-3,
,,,11.9999871E-3,696.000039577E-3,,,,,11.9999871E-3,452.000021935E-3,
,,,12.3999873E-3,672.000050545E-3,,,,,12.3999873E-3,464.000016451E-3,
,,,12.7999866E-3,648.000001907E-3,,,,,12.7999866E-3,460.000008345E-3,
,,,13.1999869E-3,624.000012875E-3,,,,,13.1999869E-3,472.000032663E-3,
,,,13.5999871E-3,608.000040054E-3,,,,,13.5999871E-3,464.000016451E-3,
,,,13.9999874E-3,600.000023842E-3,,,,,13.9999874E-3,468.000024557E-3,
,,,14.3999867E-3,576.000034809E-3,,,,,14.3999867E-3,460.000008345E-3,
,,,14.7999870E-3,552.000045776E-3,,,,,14.7999870E-3,440.000027418E-3,
,,,15.1999872E-3,536.000013351E-3,,,,,15.1999872E-3,420.000016689E-3,
,,,15.5999865E-3,520.000040531E-3,,,,,15.5999865E-3,416.000008583E-3,
,,,15.9999877E-3,504.000008106E-3,,,,,15.9999877E-3,412.000030279E-3,
,,,16.3999870E-3,488.000035286E-3,,,,,16.3999870E-3,412.000030279E-3,
,,,16.7999864E-3,464.000016451E-3,,,,,16.7999864E-3,384.00000334E-3,
,,,17.1999875E-3,464.000016451E-3,,,,,17.1999875E-3,384.00000334E-3,
,,,17.5999869E-3,448.000013828E-3,,,,,17.5999869E-3,372.00000882E-3,
,,,17.9999862E-3,432.000011206E-3,,,,,17.9999862E-3,368.00003052E-3,
,,,18.3999874E-3,416.000008583E-3,,,,,18.3999874E-3,356.00000620E-3,
,,,18.7999867E-3,392.00001955E-3,,,,,18.7999867E-3,320.00002265E-3,
,,,19.1999860E-3,384.00000334E-3,,,,,19.1999860E-3,320.00002265E-3,
,,,19.5999872E-3,384.00000334E-3,,,,,19.5999872E-3,320.00002265E-3,
,,,19.9999865E-3,360.00001431E-3,,,,,19.9999865E-3,296.00000381E-3,
,,,20.39998770E-3,344.00001168E-3,,,,,20.39998770E-3,300.00001192E-3,
,,,20.79998702E-3,336.00002527E-3,,,,,20.79998702E-3,280.00000119E-3,
,,,21.19998634E-3,328.00000906E-3,,,,,21.19998634E-3,276.00002289E-3,
,,,21.59998752E-3,312.00000644E-3,,,,,21.59998752E-3,260.00002027E-3,
,,,21.99998684E-3,312.00000644E-3,,,,,21.99998684E-3,263.99999857E-3,
,,,22.39998616E-3,288.00001740E-3,,,,,22.39998616E-3,232.00000823E-3,
,,,22.79998735E-3,280.00000119E-3,,,,,22.79998735E-3,232.00000823E-3,
,,,23.19998667E-3,272.00001478E-3,,,,,23.19998667E-3,240.00000954E-3,
,,,23.59998599E-3,272.00001478E-3,,,,,23.59998599E-3,232.00000823E-3,
,,,23.99998717E-3,263.99999857E-3,,,,,23.99998717E-3,216.00000560E-3,
,,,24.39998649E-3,248.00001085E-3,,,,,24.39998649E-3,200.00000298E-3,
,,,24.79998767E-3,240.00000954E-3,,,,,24.79998767E-3,216.00000560E-3,
,,,25.19998699E-3,224.00000691E-3,,,,,25.19998699E-3,188.00000846E-3,
,,,25.59998631E-3,224.00000691E-3,,,,,25.59998631E-3,200.00000298E-3,
,,,25.99998750E-3,216.00000560E-3,,,,,25.99998750E-3,196.00000978E-3,
,,,26.39998682E-3,216.00000560E-3,,,,,26.39998682E-3,192.00000167E-3,
,,,26.79998614E-3,200.00000298E-3,,,,,26.79998614E-3,172.00000584E-3,
,,,27.19998732E-3,208.00000429E-3,,,,,27.19998732E-3,180.00000715E-3,
,,,27.59998664E-3,192.00000167E-3,,,,,27.59998664E-3,160.00001132E-3,
,,,27.99998596E-3,184.00001526E-3,,,,,27.99998596E-3,152.00001001E-3,
,,,28.39998715E-3,176.00001395E-3,,,,,28.39998715E-3,156.00000322E-3,
,,,28.79998647E-3,176.00001395E-3,,,,,28.79998647E-3,148.0000019E-3,
,,,29.19998579E-3,176.00001395E-3,,,,,29.19998579E-3,152.00001001E-3,
,,,29.59998697E-3,160.00001132E-3,,,,,29.59998697E-3,140.0000006E-3,
,,,29.99998629E-3,152.00001001E-3,,,,,29.99998629E-3,140.0000006E-3,
,,,30.39998747E-3,152.00001001E-3,,,,,30.39998747E-3,131.9999993E-3,
,,,30.79998679E-3,144.0000087E-3,,,,,30.79998679E-3,131.9999993E-3,
,,,31.19998612E-3,136.0000074E-3,,,,,31.19998612E-3,128.0000061E-3,
,,,31.59998730E-3,144.0000087E-3,,,,,31.59998730E-3,136.0000074E-3,
,,,31.99998662E-3,136.0000074E-3,,,,,31.99998662E-3,120.0000048E-3,
,,,32.39998594E-3,128.0000061E-3,,,,,32.39998594E-3,108.0000028E-3,
,,,32.79998526E-3,136.0000074E-3,,,,,32.79998526E-3,120.0000048E-3,
,,,33.19998831E-3,136.0000074E-3,,,,,33.19998831E-3,120.0000048E-3,
,,,33.59998763E-3,120.0000048E-3,,,,,33.59998763E-3,96.000000834E-3,
,,,33.99998695E-3,120.0000048E-3,,,,,33.99998695E-3,100.0000015E-3,
,,,34.39998627E-3,112.0000035E-3,,,,,34.39998627E-3,92.000007629E-3,
,,,34.79998559E-3,104.0000021E-3,,,,,34.79998559E-3,84.000006318E-3,
,,,35.19998491E-3,104.0000021E-3,,,,,35.19998491E-3,96.000000834E-3,
,,,35.59998795E-3,104.0000021E-3,,,,,35.59998795E-3,88.000006974E-3,
,,,35.99998727E-3,96.000000834E-3,,,,,35.99998727E-3,80.000005662E-3,
,,,36.39998659E-3,96.000000834E-3,,,,,36.39998659E-3,88.000006974E-3,
,,,36.79998592E-3,88.000006974E-3,,,,,36.79998592E-3,76.000005007E-3,
,,,37.19998524E-3,88.000006974E-3,,,,,37.19998524E-3,68.000003695E-3,
,,,37.59998828E-3,88.000006974E-3,,,,,37.59998828E-3,60.000002384E-3,
,,,37.99998760E-3,80.000005662E-3,,,,,37.99998760E-3,72.000004351E-3,
,,,38.39998692E-3,80.000005662E-3,,,,,38.39998692E-3,64.000003040E-3,
,,,38.79998624E-3,88.000006974E-3,,,,,38.79998624E-3,64.000003040E-3,
,,,39.19998556E-3,80.000005662E-3,,,,,39.19998556E-3,72.000004351E-3,
,,,39.59998488E-3,72.000004351E-3,,,,,39.59998488E-3,60.000002384E-3,
,,,39.99998793E-3,80.000005662E-3,,,,,39.99998793E-3,68.000003695E-3,
,,,40.39998725E-3,64.000003040E-3,,,,,40.39998725E-3,48.00000042E-3,
,,,40.79998657E-3,72.000004351E-3,,,,,40.79998657E-3,52.00000107E-3,
,,,41.19998589E-3,64.000003040E-3,,,,,41.19998589E-3,52.00000107E-3,
,,,41.59998521E-3,48.00000042E-3,,,,,41.59998521E-3,52.00000107E-3,
,,,41.99998453E-3,72.000004351E-3,,,,,41.99998453E-3,56.000001729E-3,
,,,42.39998758E-3,48.00000042E-3,,,,,42.39998758E-3,44.00000349E-3,
,,,42.79998690E-3,56.000001729E-3,,,,,42.79998690E-3,72.000004351E-3,
,,,43.19998622E-3,64.000003040E-3,,,,,43.19998622E-3,56.000001729E-3,
,,,43.59998554E-3,48.00000042E-3,,,,,43.59998554E-3,64.000003040E-3,
,,,43.99998486E-3,48.00000042E-3,,,,,43.99998486E-3,44.00000349E-3,
,,,44.39998791E-3,56.000001729E-3,,,,,44.39998791E-3,52.00000107E-3,
,,,44.79998723E-3,48.00000042E-3,,,,,44.79998723E-3,28.00000086E-3,
,,,45.19998655E-3,48.00000042E-3,,,,,45.19998655E-3,36.00000218E-3,
,,,45.59998587E-3,56.000001729E-3,,,,,45.59998587E-3,52.00000107E-3,
,,,45.99998519E-3,48.00000042E-3,,,,,45.99998519E-3,48.00000042E-3,
,,,46.39998451E-3,48.00000042E-3,,,,,46.39998451E-3,48.00000042E-3,
,,,46.79998755E-3,40.00000283E-3,,,,,46.79998755E-3,44.00000349E-3,
,,,47.19998688E-3,32.00000152E-3,,,,,47.19998688E-3,32.00000152E-3,
,,,47.59998620E-3,40.00000283E-3,,,,,47.59998620E-3,44.00000349E-3,
,,,47.99998552E-3,40.00000283E-3,,,,,47.99998552E-3,44.00000349E-3,
,,,48.39998484E-3,32.00000152E-3,,,,,48.39998484E-3,32.00000152E-3,
,,,48.79998788E-3,40.00000283E-3,,,,,48.79998788E-3,40.00000283E-3,
,,,49.19998720E-3,40.00000283E-3,,,,,49.19998720E-3,40.00000283E-3,
,,,49.59998652E-3,40.00000283E-3,,,,,49.59998652E-3,32.00000152E-3,
,,,49.99998584E-3,32.00000152E-3,,,,,49.99998584E-3,28.00000086E-3,
,,,50.39998516E-3,32.00000152E-3,,,,,50.39998516E-3,32.00000152E-3,
,,,50.79998448E-3,40.00000283E-3,,,,,50.79998448E-3,36.00000218E-3,
,,,51.19998753E-3,40.00000283E-3,,,,,51.19998753E-3,40.00000283E-3,
,,,51.59998685E-3,32.00000152E-3,,,,,51.59998685E-3,36.00000218E-3,
,,,51.99998617E-3,32.00000152E-3,,,,,51.99998617E-3,24.00000021E-3,
,,,52.39998549E-3,40.00000283E-3,,,,,52.39998549E-3,32.00000152E-3,
,,,52.79998481E-3,40.00000283E-3,,,,,52.79998481E-3,24.00000021E-3,
,,,53.19998786E-3,32.00000152E-3,,,,,53.19998786E-3,28.00000086E-3,
,,,53.59998718E-3,24.00000021E-3,,,,,53.59998718E-3,28.00000086E-3,
,,,53.99998650E-3,24.00000021E-3,,,,,53.99998650E-3,16.0000008E-3,
,,,54.39998582E-3,32.00000152E-3,,,,,54.39998582E-3,16.0000008E-3,
,,,54.799985141E-3,40.00000283E-3,,,,,54.799985141E-3,28.00000086E-3,
,,,55.199984461E-3,16.0000008E-3,,,,,55.199984461E-3,8.000000380E-3,
,,,55.599987507E-3,24.00000021E-3,,,,,55.599987507E-3,24.00000021E-3,
,,,55.999986827E-3,32.00000152E-3,,,,,55.999986827E-3,28.00000086E-3,
,,,56.399986148E-3,24.00000021E-3,,,,,56.399986148E-3,20.0000014E-3,
,,,56.799985468E-3,24.00000021E-3,,,,,56.799985468E-3,16.0000008E-3,
,,,57.199984789E-3,24.00000021E-3,,,,,57.199984789E-3,16.0000008E-3,
,,,57.599984109E-3,32.00000152E-3,,,,,57.599984109E-3,32.00000152E-3,
,,,57.999987155E-3,32.00000152E-3,,,,,57.999987155E-3,32.00000152E-3,
,,,58.399986476E-3,24.00000021E-3,,,,,58.399986476E-3,20.0000014E-3,
,,,58.799985796E-3,16.0000008E-3,,,,,58.799985796E-3,28.00000086E-3,
,,,59.199985117E-3,16.0000008E-3,,,,,59.199985117E-3,16.0000008E-3,
,,,59.599984437E-3,24.00000021E-3,,,,,59.599984437E-3,32.00000152E-3,
,,,59.999987483E-3,16.0000008E-3,,,,,59.999987483E-3,28.00000086E-3,
,,,60.399986804E-3,32.00000152E-3,,,,,60.399986804E-3,32.00000152E-3,
,,,60.799986124E-3,24.00000021E-3,,,,,60.799986124E-3,24.00000021E-3,
,,,61.199985445E-3,16.0000008E-3,,,,,61.199985445E-3,20.0000014E-3,
,,,61.599984765E-3,16.0000008E-3,,,,,61.599984765E-3,12.0000001E-3,
,,,61.999984086E-3,16.0000008E-3,,,,,61.999984086E-3,16.0000008E-3,
,,,62.399987131E-3,24.00000021E-3,,,,,62.399987131E-3,28.00000086E-3,
,,,62.799982727E-3,24.00000021E-3,,,,,62.799982727E-3,20.0000014E-3,
,,,63.199982047E-3,16.0000008E-3,,,,,63.199982047E-3,12.0000001E-3,
,,,63.599988818E-3,16.0000008E-3,,,,,63.599988818E-3,20.0000014E-3,
,,,63.999988139E-3,24.00000021E-3,,,,,63.999988139E-3,16.0000008E-3,
,,,64.399987459E-3,16.0000008E-3,,,,,64.399987459E-3,4.00000019E-3,
,,,64.799986780E-3,16.0000008E-3,,,,,64.799986780E-3,20.0000014E-3,
,,,65.199986100E-3,16.0000008E-3,,,,,65.199986100E-3,16.0000008E-3,
,,,65.599985421E-3,8.000000380E-3,,,,,65.599985421E-3,20.0000014E-3,
,,,65.999984741E-3,24.00000021E-3,,,,,65.999984741E-3,16.0000008E-3,
,,,66.399984062E-3,16.0000008E-3,,,,,66.399984062E-3,20.0000014E-3,
,,,66.799983382E-3,16.0000008E-3,,,,,66.799983382E-3,12.0000001E-3,
,,,67.199982703E-3,16.0000008E-3,,,,,67.199982703E-3,20.0000014E-3,
,,,67.599982023E-3,16.0000008E-3,,,,,67.599982023E-3,16.0000008E-3,
,,,67.999988794E-3,16.0000008E-3,,,,,67.999988794E-3,28.00000086E-3,
,,,68.399988115E-3,8.000000380E-3,,,,,68.399988115E-3,0.0,
,,,68.799987435E-3,16.0000008E-3,,,,,68.799987435E-3,16.0000008E-3,
,,,69.199986756E-3,16.0000008E-3,,,,,69.199986756E-3,28.00000086E-3,
,,,69.599986076E-3,24.00000021E-3,,,,,69.599986076E-3,16.0000008E-3,
,,,69.999985397E-3,16.0000008E-3,,,,,69.999985397E-3,8.000000380E-3,
,,,70.399984717E-3,16.0000008E-3,,,,,70.399984717E-3,12.0000001E-3,
,,,70.799984038E-3,8.000000380E-3,,,,,70.799984038E-3,8.000000380E-3,
,,,71.199983358E-3,16.0000008E-3,,,,,71.199983358E-3,8.000000380E-3,
,,,71.599982679E-3,16.0000008E-3,,,,,71.599982679E-3,12.0000001E-3,
,,,71.999981999E-3,16.0000008E-3,,,,,71.999981999E-3,16.0000008E-3,
,,,72.399988770E-3,8.000000380E-3,,,,,72.399988770E-3,4.00000019E-3,
,,,72.799988091E-3,16.0000008E-3,,,,,72.799988091E-3,8.000000380E-3,
,,,73.199987411E-3,16.0000008E-3,,,,,73.199987411E-3,20.0000014E-3,
,,,73.599986732E-3,24.00000021E-3,,,,,73.599986732E-3,28.00000086E-3,
,,,73.999986053E-3,0.0,,,,,73.999986053E-3,12.0000001E-3,
,,,74.399985373E-3,16.0000008E-3,,,,,74.399985373E-3,12.0000001E-3,
,,,74.799984694E-3,16.0000008E-3,,,,,74.799984694E-3,16.0000008E-3,
,,,75.199984014E-3,0.0,,,,,75.199984014E-3,4.00000019E-3,
,,,75.599983335E-3,16.0000008E-3,,,,,75.599983335E-3,24.00000021E-3,
,,,75.999982655E-3,16.0000008E-3,,,,,75.999982655E-3,16.0000008E-3,
,,,76.399981976E-3,16.0000008E-3,,,,,76.399981976E-3,0.0,
,,,76.799988747E-3,8.000000380E-3,,,,,76.799988747E-3,12.0000001E-3,
,,,77.199988067E-3,16.0000008E-3,,,,,77.199988067E-3,24.00000021E-3,
,,,77.599987388E-3,0.0,,,,,77.599987388E-3,4.00000019E-3,
,,,77.999986708E-3,8.000000380E-3,,,,,77.999986708E-3,8.000000380E-3,
,,,78.399986029E-3,16.0000008E-3,,,,,78.399986029E-3,16.0000008E-3,
,,,78.799985349E-3,8.000000380E-3,,,,,78.799985349E-3,-8.000000380E-3,
,,,79.199984670E-3,16.0000008E-3,,,,,79.199984670E-3,16.0000008E-3,
,,,79.599983990E-3,8.000000380E-3,,,,,79.599983990E-3,12.0000001E-3,
,,,79.999983311E-3,8.000000380E-3,,,,,79.999983311E-3,20.0000014E-3,
,,,80.399982631E-3,16.0000008E-3,,,,,80.399982631E-3,8.000000380E-3,
,,,80.799981952E-3,0.0,,,,,80.799981952E-3,-4.00000019E-3,
,,,81.199988723E-3,8.000000380E-3,,,,,81.199988723E-3,8.000000380E-3,
,,,81.599988043E-3,16.0000008E-3,,,,,81.599988043E-3,8.000000380E-3,
,,,81.999987364E-3,8.000000380E-3,,,,,81.999987364E-3,24.00000021E-3,
,,,82.399986684E-3,8.000000380E-3,,,,,82.399986684E-3,4.00000019E-3,
,,,82.799986005E-3,8.000000380E-3,,,,,82.799986005E-3,24.00000021E-3,
,,,83.199985325E-3,16.0000008E-3,,,,,83.199985325E-3,8.000000380E-3,
,,,83.599984646E-3,0.0,,,,,83.599984646E-3,4.00000019E-3,
,,,83.999983966E-3,8.000000380E-3,,,,,83.999983966E-3,12.0000001E-3,
,,,84.399983287E-3,8.000000380E-3,,,,,84.399983287E-3,12.0000001E-3,
,,,84.799982607E-3,8.000000380E-3,,,,,84.799982607E-3,8.000000380E-3,
,,,85.199981928E-3,0.0,,,,,85.199981928E-3,12.0000001E-3,
,,,85.599988699E-3,16.0000008E-3,,,,,85.599988699E-3,4.00000019E-3,
,,,85.999988019E-3,0.0,,,,,85.999988019E-3,-4.00000019E-3,
,,,86.399987340E-3,8.000000380E-3,,,,,86.399987340E-3,8.000000380E-3,
,,,86.799986660E-3,8.000000380E-3,,,,,86.799986660E-3,12.0000001E-3,
,,,87.199985981E-3,0.0,,,,,87.199985981E-3,0.0,
,,,87.599985301E-3,16.0000008E-3,,,,,87.599985301E-3,16.0000008E-3,
,,,87.999984622E-3,16.0000008E-3,,,,,87.999984622E-3,12.0000001E-3,
,,,88.399983943E-3,0.0,,,,,88.399983943E-3,0.0,
,,,88.799983263E-3,16.0000008E-3,,,,,88.799983263E-3,16.0000008E-3,
,,,89.199982584E-3,8.000000380E-3,,,,,89.199982584E-3,0.0,
,,,89.599981904E-3,8.000000380E-3,,,,,89.599981904E-3,16.0000008E-3,
,,,89.999988675E-3,0.0,,,,,89.999988675E-3,4.00000019E-3,
,,,90.399987996E-3,8.000000380E-3,,,,,90.399987996E-3,12.0000001E-3,
,,,90.799987316E-3,16.0000008E-3,,,,,90.799987316E-3,8.000000380E-3,
,,,91.199986637E-3,16.0000008E-3,,,,,91.199986637E-3,8.000000380E-3,
,,,91.599985957E-3,0.0,,,,,91.599985957E-3,-4.00000019E-3,
,,,91.999985278E-3,24.00000021E-3,,,,,91.999985278E-3,16.0000008E-3,
,,,92.399984598E-3,8.000000380E-3,,,,,92.399984598E-3,8.000000380E-3,
,,,92.799983919E-3,16.0000008E-3,,,,,92.799983919E-3,20.0000014E-3,
,,,93.199983239E-3,8.000000380E-3,,,,,93.199983239E-3,24.00000021E-3,
,,,93.599982560E-3,8.000000380E-3,,,,,93.599982560E-3,12.0000001E-3,
,,,93.999981880E-3,8.000000380E-3,,,,,93.999981880E-3,4.00000019E-3,
,,,94.399988651E-3,0.0,,,,,94.399988651E-3,-4.00000019E-3,
,,,94.799987972E-3,8.000000380E-3,,,,,94.799987972E-3,8.000000380E-3,
,,,95.199987292E-3,8.000000380E-3,,,,,95.199987292E-3,16.0000008E-3,
,,,95.599986613E-3,8.000000380E-3,,,,,95.599986613E-3,16.0000008E-3,
,,,95.999985933E-3,8.000000380E-3,,,,,95.999985933E-3,16.0000008E-3,
,,,96.399985254E-3,16.0000008E-3,,,,,96.399985254E-3,24.00000021E-3,
,,,96.799984574E-3,0.0,,,,,96.799984574E-3,16.0000008E-3,
,,,97.199983895E-3,8.000000380E-3,,,,,97.199983895E-3,4.00000019E-3,
,,,97.599983215E-3,8.000000380E-3,,,,,97.599983215E-3,16.0000008E-3,
,,,97.999982536E-3,0.0,,,,,97.999982536E-3,8.000000380E-3,
,,,98.399981856E-3,8.000000380E-3,,,,,98.399981856E-3,16.0000008E-3,
,,,98.799981177E-3,0.0,,,,,98.799981177E-3,8.000000380E-3,
,,,99.199987948E-3,8.000000380E-3,,,,,99.199987948E-3,0.0,
,,,99.599987268E-3,8.000000380E-3,,,,,99.599987268E-3,16.0000008E-3,
,,,99.999986589E-3,16.0000008E-3,,,,,99.999986589E-3,16.0000008E-3,
,,,100.3999859E-3,8.000000380E-3,,,,,100.3999859E-3,8.000000380E-3,
,,,100.7999852E-3,8.000000380E-3,,,,,100.7999852E-3,16.0000008E-3,
,,,101.1999846E-3,16.0000008E-3,,,,,101.1999846E-3,28.00000086E-3,
,,,101.5999839E-3,0.0,,,,,101.5999839E-3,-12.0000001E-3,
,,,101.9999832E-3,0.0,,,,,101.9999832E-3,16.0000008E-3,
,,,102.3999825E-3,0.0,,,,,102.3999825E-3,0.0,
,,,102.7999818E-3,0.0,,,,,102.7999818E-3,0.0,
,,,103.1999812E-3,0.0,,,,,103.1999812E-3,12.0000001E-3,
,,,103.5999879E-3,8.000000380E-3,,,,,103.5999879E-3,12.0000001E-3,
,,,103.9999872E-3,16.0000008E-3,,,,,103.9999872E-3,16.0000008E-3,
,,,104.3999866E-3,8.000000380E-3,,,,,104.3999866E-3,12.0000001E-3,
,,,104.7999859E-3,8.000000380E-3,,,,,104.7999859E-3,8.000000380E-3,
,,,105.1999852E-3,0.0,,,,,105.1999852E-3,-20.0000014E-3,
,,,105.5999845E-3,0.0,,,,,105.5999845E-3,8.000000380E-3,
,,,105.9999838E-3,8.000000380E-3,,,,,105.9999838E-3,16.0000008E-3,
,,,106.3999832E-3,8.000000380E-3,,,,,106.3999832E-3,8.000000380E-3,
,,,106.7999825E-3,8.000000380E-3,,,,,106.7999825E-3,12.0000001E-3,
,,,107.1999818E-3,0.0,,,,,107.1999818E-3,16.0000008E-3,
,,,107.5999811E-3,16.0000008E-3,,,,,107.5999811E-3,16.0000008E-3,
,,,107.9999879E-3,16.0000008E-3,,,,,107.9999879E-3,16.0000008E-3,
,,,108.3999872E-3,8.000000380E-3,,,,,108.3999872E-3,8.000000380E-3,
,,,108.7999865E-3,0.0,,,,,108.7999865E-3,4.00000019E-3,
,,,109.1999859E-3,8.000000380E-3,,,,,109.1999859E-3,0.0,
,,,109.5999852E-3,8.000000380E-3,,,,,109.5999852E-3,16.0000008E-3,
,,,109.9999845E-3,16.0000008E-3,,,,,109.9999845E-3,28.00000086E-3,
,,,110.3999838E-3,8.000000380E-3,,,,,110.3999838E-3,8.000000380E-3,
,,,110.7999831E-3,16.0000008E-3,,,,,110.7999831E-3,4.00000019E-3,
,,,111.1999825E-3,8.000000380E-3,,,,,111.1999825E-3,4.00000019E-3,
,,,111.5999818E-3,16.0000008E-3,,,,,111.5999818E-3,16.0000008E-3,
,,,111.9999811E-3,8.000000380E-3,,,,,111.9999811E-3,16.0000008E-3,
,,,112.3999879E-3,0.0,,,,,112.3999879E-3,16.0000008E-3,
,,,112.7999872E-3,8.000000380E-3,,,,,112.7999872E-3,8.000000380E-3,
,,,113.1999865E-3,8.000000380E-3,,,,,113.1999865E-3,12.0000001E-3,
,,,113.5999858E-3,16.0000008E-3,,,,,113.5999858E-3,12.0000001E-3,
,,,113.9999852E-3,0.0,,,,,113.9999852E-3,8.000000380E-3,
,,,114.3999845E-3,0.0,,,,,114.3999845E-3,8.000000380E-3,
,,,114.7999838E-3,0.0,,,,,114.7999838E-3,4.00000019E-3,
,,,115.1999831E-3,16.0000008E-3,,,,,115.1999831E-3,8.000000380E-3,
,,,115.5999824E-3,8.000000380E-3,,,,,115.5999824E-3,12.0000001E-3,
,,,115.9999818E-3,8.000000380E-3,,,,,115.9999818E-3,12.0000001E-3,
,,,116.3999811E-3,8.000000380E-3,,,,,116.3999811E-3,8.000000380E-3,
,,,116.7999879E-3,8.000000380E-3,,,,,116.7999879E-3,0.0,
,,,117.1999872E-3,0.0,,,,,117.1999872E-3,-4.00000019E-3,
,,,117.5999865E-3,8.000000380E-3,,,,,117.5999865E-3,16.0000008E-3,
,,,117.9999858E-3,8.000000380E-3,,,,,117.9999858E-3,0.0,
,,,118.3999851E-3,8.000000380E-3,,,,,118.3999851E-3,8.000000380E-3,
,,,118.7999845E-3,8.000000380E-3,,,,,118.7999845E-3,4.00000019E-3,
,,,119.1999838E-3,8.000000380E-3,,,,,119.1999838E-3,4.00000019E-3,
,,,119.5999831E-3,8.000000380E-3,,,,,119.5999831E-3,12.0000001E-3,
,,,119.9999824E-3,8.000000380E-3,,,,,119.9999824E-3,8.000000380E-3,
,,,120.3999817E-3,0.0,,,,,120.3999817E-3,4.00000019E-3,
,,,120.7999811E-3,8.000000380E-3,,,,,120.7999811E-3,4.00000019E-3,
,,,121.1999878E-3,0.0,,,,,121.1999878E-3,0.0,
,,,121.5999871E-3,8.000000380E-3,,,,,121.5999871E-3,16.0000008E-3,
,,,121.9999865E-3,0.0,,,,,121.9999865E-3,8.000000380E-3,
,,,122.3999858E-3,8.000000380E-3,,,,,122.3999858E-3,12.0000001E-3,
,,,122.7999851E-3,0.0,,,,,122.7999851E-3,8.000000380E-3,
,,,123.1999844E-3,8.000000380E-3,,,,,123.1999844E-3,8.000000380E-3,
,,,123.5999838E-3,0.0,,,,,123.5999838E-3,-8.000000380E-3,
,,,123.9999831E-3,0.0,,,,,123.9999831E-3,-8.000000380E-3,
,,,124.3999824E-3,0.0,,,,,124.3999824E-3,-4.00000019E-3,
,,,124.7999817E-3,16.0000008E-3,,,,,124.7999817E-3,24.00000021E-3,
,,,125.1999885E-3,-8.000000380E-3,,,,,125.1999885E-3,-4.00000019E-3,
,,,125.5999804E-3,16.0000008E-3,,,,,125.5999804E-3,24.00000021E-3,
,,,125.9999871E-3,8.000000380E-3,,,,,125.9999871E-3,0.0,
,,,126.3999790E-3,8.000000380E-3,,,,,126.3999790E-3,8.000000380E-3,
,,,126.7999858E-3,8.000000380E-3,,,,,126.7999858E-3,8.000000380E-3,
,,,127.1999776E-3,0.0,,,,,127.1999776E-3,4.00000019E-3,
,,,127.5999844E-3,8.000000380E-3,,,,,127.5999844E-3,12.0000001E-3,
,,,127.9999912E-3,8.000000380E-3,,,,,127.9999912E-3,4.00000019E-3,
,,,128.3999830E-3,16.0000008E-3,,,,,128.3999830E-3,12.0000001E-3,
,,,128.7999898E-3,8.000000380E-3,,,,,128.7999898E-3,24.00000021E-3,
,,,129.1999817E-3,16.0000008E-3,,,,,129.1999817E-3,16.0000008E-3,
,,,129.5999885E-3,0.0,,,,,129.5999885E-3,0.0,
,,,129.9999803E-3,8.000000380E-3,,,,,129.9999803E-3,20.0000014E-3,
,,,130.3999871E-3,16.0000008E-3,,,,,130.3999871E-3,12.0000001E-3,
,,,130.7999790E-3,0.0,,,,,130.7999790E-3,0.0,
,,,131.1999857E-3,8.000000380E-3,,,,,131.1999857E-3,16.0000008E-3,
,,,131.5999776E-3,8.000000380E-3,,,,,131.5999776E-3,16.0000008E-3,
,,,131.9999844E-3,8.000000380E-3,,,,,131.9999844E-3,12.0000001E-3,
,,,132.3999912E-3,8.000000380E-3,,,,,132.3999912E-3,16.0000008E-3,
,,,132.7999830E-3,0.0,,,,,132.7999830E-3,12.0000001E-3,
,,,133.1999898E-3,0.0,,,,,133.1999898E-3,20.0000014E-3,
,,,133.5999817E-3,0.0,,,,,133.5999817E-3,-4.00000019E-3,
,,,133.9999884E-3,0.0,,,,,133.9999884E-3,20.0000014E-3,
,,,134.3999803E-3,8.000000380E-3,,,,,134.3999803E-3,-4.00000019E-3,
,,,134.7999871E-3,16.0000008E-3,,,,,134.7999871E-3,12.0000001E-3,
,,,135.1999789E-3,0.0,,,,,135.1999789E-3,-4.00000019E-3,
,,,135.5999857E-3,0.0,,,,,135.5999857E-3,-4.00000019E-3,
,,,135.9999776E-3,8.000000380E-3,,,,,135.9999776E-3,-12.0000001E-3,
,,,136.3999844E-3,0.0,,,,,136.3999844E-3,-4.00000019E-3,
,,,136.7999911E-3,8.000000380E-3,,,,,136.7999911E-3,0.0,
,,,137.1999830E-3,0.0,,,,,137.1999830E-3,16.0000008E-3,
,,,137.5999898E-3,8.000000380E-3,,,,,137.5999898E-3,8.000000380E-3,
,,,137.9999816E-3,8.000000380E-3,,,,,137.9999816E-3,16.0000008E-3,
,,,138.3999884E-3,8.000000380E-3,,,,,138.3999884E-3,8.000000380E-3,
,,,138.7999803E-3,16.0000008E-3,,,,,138.7999803E-3,16.0000008E-3,
,,,139.1999871E-3,16.0000008E-3,,,,,139.1999871E-3,8.000000380E-3,
,,,139.5999789E-3,0.0,,,,,139.5999789E-3,-4.00000019E-3,
,,,139.9999857E-3,8.000000380E-3,,,,,139.9999857E-3,8.000000380E-3,
,,,140.3999776E-3,8.000000380E-3,,,,,140.3999776E-3,8.000000380E-3,
,,,140.7999843E-3,0.0,,,,,140.7999843E-3,-8.000000380E-3,
,,,141.1999911E-3,8.000000380E-3,,,,,141.1999911E-3,16.0000008E-3,
,,,141.5999830E-3,8.000000380E-3,,,,,141.5999830E-3,12.0000001E-3,
,,,141.9999897E-3,0.0,,,,,141.9999897E-3,4.00000019E-3,
,,,142.3999816E-3,8.000000380E-3,,,,,142.3999816E-3,8.000000380E-3,
,,,142.7999884E-3,8.000000380E-3,,,,,142.7999884E-3,16.0000008E-3,
,,,143.1999803E-3,0.0,,,,,143.1999803E-3,-4.00000019E-3,
,,,143.5999870E-3,8.000000380E-3,,,,,143.5999870E-3,-4.00000019E-3,
,,,143.9999789E-3,0.0,,,,,143.9999789E-3,-4.00000019E-3,
,,,144.3999857E-3,8.000000380E-3,,,,,144.3999857E-3,8.000000380E-3,
,,,144.7999775E-3,0.0,,,,,144.7999775E-3,-4.00000019E-3,
,,,145.1999843E-3,8.000000380E-3,,,,,145.1999843E-3,16.0000008E-3,
,,,145.5999911E-3,8.000000380E-3,,,,,145.5999911E-3,16.0000008E-3,
,,,145.9999830E-3,0.0,,,,,145.9999830E-3,4.00000019E-3,
,,,146.3999897E-3,8.000000380E-3,,,,,146.3999897E-3,16.0000008E-3,
,,,146.7999816E-3,8.000000380E-3,,,,,146.7999816E-3,4.00000019E-3,
,,,147.1999884E-3,8.000000380E-3,,,,,147.1999884E-3,8.000000380E-3,
,,,147.5999802E-3,0.0,,,,,147.5999802E-3,0.0,
,,,147.9999870E-3,8.000000380E-3,,,,,147.9999870E-3,0.0,
,,,148.3999789E-3,8.000000380E-3,,,,,148.3999789E-3,8.000000380E-3,
,,,148.79998565E-3,8.000000380E-3,,,,,148.79998565E-3,4.00000019E-3,
,,,149.19997752E-3,0.0,,,,,149.19997752E-3,0.0,
,,,149.59998429E-3,0.0,,,,,149.59998429E-3,4.00000019E-3,
,,,149.99997616E-3,8.000000380E-3,,,,,149.99997616E-3,12.0000001E-3,
,,,150.39998293E-3,0.0,,,,,150.39998293E-3,0.0,
,,,150.79998970E-3,16.0000008E-3,,,,,150.79998970E-3,16.0000008E-3,
,,,151.19998157E-3,8.000000380E-3,,,,,151.19998157E-3,16.0000008E-3,
,,,151.59998834E-3,8.000000380E-3,,,,,151.59998834E-3,-4.00000019E-3,
,,,151.99998021E-3,0.0,,,,,151.99998021E-3,8.000000380E-3,
,,,152.39998698E-3,8.000000380E-3,,,,,152.39998698E-3,4.00000019E-3,
,,,152.79997885E-3,0.0,,,,,152.79997885E-3,20.0000014E-3,
,,,153.19998562E-3,8.000000380E-3,,,,,153.19998562E-3,8.000000380E-3,
,,,153.59997749E-3,-8.000000380E-3,,,,,153.59997749E-3,-8.000000380E-3,
,,,153.99998426E-3,0.0,,,,,153.99998426E-3,4.00000019E-3,
,,,154.39997613E-3,8.000000380E-3,,,,,154.39997613E-3,12.0000001E-3,
,,,154.79998291E-3,0.0,,,,,154.79998291E-3,4.00000019E-3,
,,,155.19998968E-3,0.0,,,,,155.19998968E-3,8.000000380E-3,
,,,155.59998155E-3,8.000000380E-3,,,,,155.59998155E-3,4.00000019E-3,
,,,155.99998832E-3,16.0000008E-3,,,,,155.99998832E-3,16.0000008E-3,
,,,156.39998019E-3,16.0000008E-3,,,,,156.39998019E-3,20.0000014E-3,
,,,156.79998696E-3,0.0,,,,,156.79998696E-3,-4.00000019E-3,
,,,157.19997883E-3,8.000000380E-3,,,,,157.19997883E-3,12.0000001E-3,
,,,157.59998560E-3,8.000000380E-3,,,,,157.59998560E-3,12.0000001E-3,
,,,157.99997747E-3,8.000000380E-3,,,,,157.99997747E-3,0.0,
,,,158.39998424E-3,0.0,,,,,158.39998424E-3,12.0000001E-3,
,,,158.79997611E-3,0.0,,,,,158.79997611E-3,8.000000380E-3,
,,,159.19998288E-3,16.0000008E-3,,,,,159.19998288E-3,24.00000021E-3,
,,,159.59998965E-3,16.0000008E-3,,,,,159.59998965E-3,12.0000001E-3,
,,,159.99998152E-3,8.000000380E-3,,,,,159.99998152E-3,12.0000001E-3,
,,,160.39998829E-3,16.0000008E-3,,,,,160.39998829E-3,8.000000380E-3,
,,,160.79998016E-3,8.000000380E-3,,,,,160.79998016E-3,12.0000001E-3,
,,,161.19998693E-3,8.000000380E-3,,,,,161.19998693E-3,16.0000008E-3,
,,,161.59997880E-3,0.0,,,,,161.59997880E-3,-8.000000380E-3,
,,,161.99998558E-3,0.0,,,,,161.99998558E-3,4.00000019E-3,
,,,162.39997745E-3,8.000000380E-3,,,,,162.39997745E-3,16.0000008E-3,
,,,162.79998422E-3,0.0,,,,,162.79998422E-3,8.000000380E-3,
,,,163.19997609E-3,0.0,,,,,163.19997609E-3,0.0,
,,,163.59998286E-3,0.0,,,,,163.59998286E-3,8.000000380E-3,
,,,163.99998963E-3,0.0,,,,,163.99998963E-3,-8.000000380E-3,
,,,164.39998150E-3,8.000000380E-3,,,,,164.39998150E-3,20.0000014E-3,
,,,164.79998827E-3,16.0000008E-3,,,,,164.79998827E-3,16.0000008E-3,
,,,165.19998014E-3,0.0,,,,,165.19998014E-3,4.00000019E-3,
,,,165.59998691E-3,8.000000380E-3,,,,,165.59998691E-3,4.00000019E-3,
,,,165.99997878E-3,8.000000380E-3,,,,,165.99997878E-3,8.000000380E-3,
,,,166.39998555E-3,8.000000380E-3,,,,,166.39998555E-3,0.0,
,,,166.79997742E-3,0.0,,,,,166.79997742E-3,0.0,
,,,167.19998419E-3,0.0,,,,,167.19998419E-3,-8.000000380E-3,
,,,167.59997606E-3,16.0000008E-3,,,,,167.59997606E-3,8.000000380E-3,
,,,167.99998283E-3,0.0,,,,,167.99998283E-3,12.0000001E-3,
,,,168.39998960E-3,8.000000380E-3,,,,,168.39998960E-3,16.0000008E-3,
,,,168.79998147E-3,0.0,,,,,168.79998147E-3,12.0000001E-3,
,,,169.19998825E-3,16.0000008E-3,,,,,169.19998825E-3,12.0000001E-3,
,,,169.59998012E-3,16.0000008E-3,,,,,169.59998012E-3,8.000000380E-3,
,,,169.99998689E-3,0.0,,,,,169.99998689E-3,12.0000001E-3,
,,,170.39997876E-3,0.0,,,,,170.39997876E-3,4.00000019E-3,
,,,170.79998553E-3,8.000000380E-3,,,,,170.79998553E-3,20.0000014E-3,
,,,171.19997740E-3,0.0,,,,,171.19997740E-3,8.000000380E-3,
,,,171.59998417E-3,8.000000380E-3,,,,,171.59998417E-3,8.000000380E-3,
,,,171.99997604E-3,8.000000380E-3,,,,,171.99997604E-3,-4.00000019E-3,
,,,172.39998281E-3,0.0,,,,,172.39998281E-3,0.0,
,,,172.79998958E-3,0.0,,,,,172.79998958E-3,-12.0000001E-3,
,,,173.19998145E-3,0.0,,,,,173.19998145E-3,8.000000380E-3,
,,,173.59998822E-3,0.0,,,,,173.59998822E-3,8.000000380E-3,
,,,173.99998009E-3,16.0000008E-3,,,,,173.99998009E-3,16.0000008E-3,
,,,174.39998686E-3,8.000000380E-3,,,,,174.39998686E-3,24.00000021E-3,
,,,174.79997873E-3,16.0000008E-3,,,,,174.79997873E-3,12.0000001E-3,
,,,175.19998550E-3,8.000000380E-3,,,,,175.19998550E-3,4.00000019E-3,
,,,175.59997737E-3,8.000000380E-3,,,,,175.59997737E-3,8.000000380E-3,
,,,175.99998415E-3,8.000000380E-3,,,,,175.99998415E-3,8.000000380E-3,
,,,176.39997602E-3,0.0,,,,,176.39997602E-3,8.000000380E-3,
,,,176.79998279E-3,0.0,,,,,176.79998279E-3,8.000000380E-3,
,,,177.19998956E-3,0.0,,,,,177.19998956E-3,12.0000001E-3,
,,,177.59998143E-3,8.000000380E-3,,,,,177.59998143E-3,12.0000001E-3,
,,,177.99998820E-3,0.0,,,,,177.99998820E-3,4.00000019E-3,
,,,178.39998007E-3,0.0,,,,,178.39998007E-3,-4.00000019E-3,
,,,178.79998684E-3,0.0,,,,,178.79998684E-3,-4.00000019E-3,
,,,179.19997871E-3,-8.000000380E-3,,,,,179.19997871E-3,4.00000019E-3,
,,,179.59998548E-3,8.000000380E-3,,,,,179.59998548E-3,4.00000019E-3,
,,,179.99997735E-3,0.0,,,,,179.99997735E-3,12.0000001E-3,
,,,180.39998412E-3,8.000000380E-3,,,,,180.39998412E-3,16.0000008E-3,
,,,180.79997599E-3,8.000000380E-3,,,,,180.79997599E-3,12.0000001E-3,
,,,181.19998276E-3,0.0,,,,,181.19998276E-3,0.0,
,,,181.59998953E-3,0.0,,,,,181.59998953E-3,-8.000000380E-3,
,,,181.99998140E-3,0.0,,,,,181.99998140E-3,4.00000019E-3,
,,,182.39998817E-3,0.0,,,,,182.39998817E-3,-4.00000019E-3,
,,,182.79998004E-3,8.000000380E-3,,,,,182.79998004E-3,16.0000008E-3,
,,,183.19998682E-3,8.000000380E-3,,,,,183.19998682E-3,12.0000001E-3,
,,,183.59997869E-3,0.0,,,,,183.59997869E-3,20.0000014E-3,
,,,183.99998546E-3,0.0,,,,,183.99998546E-3,4.00000019E-3,
,,,184.39997733E-3,8.000000380E-3,,,,,184.39997733E-3,8.000000380E-3,
,,,184.79998410E-3,0.0,,,,,184.79998410E-3,4.00000019E-3,
,,,185.19997597E-3,8.000000380E-3,,,,,185.19997597E-3,12.0000001E-3,
,,,185.59998274E-3,0.0,,,,,185.59998274E-3,4.00000019E-3,
,,,185.99998951E-3,0.0,,,,,185.99998951E-3,0.0,
,,,186.39998138E-3,8.000000380E-3,,,,,186.39998138E-3,0.0,
,,,186.79998815E-3,8.000000380E-3,,,,,186.79998815E-3,16.0000008E-3,
,,,187.19998002E-3,16.0000008E-3,,,,,187.19998002E-3,16.0000008E-3,
,,,187.59998679E-3,8.000000380E-3,,,,,187.59998679E-3,16.0000008E-3,
,,,187.99997866E-3,8.000000380E-3,,,,,187.99997866E-3,8.000000380E-3,
,,,188.39998543E-3,8.000000380E-3,,,,,188.39998543E-3,16.0000008E-3,
,,,188.79997730E-3,8.000000380E-3,,,,,188.79997730E-3,12.0000001E-3,
,,,189.19998407E-3,0.0,,,,,189.19998407E-3,4.00000019E-3,
,,,189.59997594E-3,8.000000380E-3,,,,,189.59997594E-3,16.0000008E-3,
,,,189.99998271E-3,0.0,,,,,189.99998271E-3,12.0000001E-3,
,,,190.39998949E-3,8.000000380E-3,,,,,190.39998949E-3,16.0000008E-3,
,,,190.79998136E-3,16.0000008E-3,,,,,190.79998136E-3,12.0000001E-3,
,,,191.19998813E-3,16.0000008E-3,,,,,191.19998813E-3,12.0000001E-3,
,,,191.59998000E-3,0.0,,,,,191.59998000E-3,4.00000019E-3,
,,,191.99998677E-3,0.0,,,,,191.99998677E-3,0.0,
,,,192.39997864E-3,0.0,,,,,192.39997864E-3,-8.000000380E-3,
,,,192.79998541E-3,8.000000380E-3,,,,,192.79998541E-3,0.0,
,,,193.19997728E-3,0.0,,,,,193.19997728E-3,8.000000380E-3,
,,,193.59998405E-3,8.000000380E-3,,,,,193.59998405E-3,0.0,
,,,193.99997592E-3,0.0,,,,,193.99997592E-3,0.0,
,,,194.39998269E-3,0.0,,,,,194.39998269E-3,24.00000021E-3,
,,,194.79998946E-3,0.0,,,,,194.79998946E-3,8.000000380E-3,
,,,195.19998133E-3,16.0000008E-3,,,,,195.19998133E-3,20.0000014E-3,
,,,195.59998810E-3,8.000000380E-3,,,,,195.59998810E-3,0.0,
,,,195.99997997E-3,0.0,,,,,195.99997997E-3,0.0,
,,,196.39998674E-3,0.0,,,,,196.39998674E-3,0.0,
,,,196.79997861E-3,8.000000380E-3,,,,,196.79997861E-3,12.0000001E-3,
,,,197.19998538E-3,0.0,,,,,197.19998538E-3,-4.00000019E-3,
,,,197.59997725E-3,8.000000380E-3,,,,,197.59997725E-3,12.0000001E-3,
,,,197.99998403E-3,0.0,,,,,197.99998403E-3,16.0000008E-3,
,,,198.39997590E-3,8.000000380E-3,,,,,198.39997590E-3,16.0000008E-3,
,,,198.79998267E-3,0.0,,,,,198.79998267E-3,8.000000380E-3,
,,,199.19998944E-3,0.0,,,,,199.19998944E-3,0.0,
,,,199.59998131E-3,0.0,,,,,199.59998131E-3,12.0000001E-3,
,,,199.99998808E-3,8.000000380E-3,,,,,199.99998808E-3,8.000000380E-3,
,,,200.39997995E-3,0.0,,,,,200.39997995E-3,4.00000019E-3,
,,,200.79998672E-3,-8.000000380E-3,,,,,200.79998672E-3,0.0,
,,,201.19997859E-3,-8.000000380E-3,,,,,201.19997859E-3,-4.00000019E-3,
,,,201.59998536E-3,0.0,,,,,201.59998536E-3,8.000000380E-3,
,,,201.99997723E-3,0.0,,,,,201.99997723E-3,0.0,
,,,202.39998400E-3,16.0000008E-3,,,,,202.39998400E-3,-4.00000019E-3,
,,,202.79997587E-3,0.0,,,,,202.79997587E-3,0.0,
,,,203.19998264E-3,16.0000008E-3,,,,,203.19998264E-3,16.0000008E-3,
,,,203.59998941E-3,16.0000008E-3,,,,,203.59998941E-3,0.0,
,,,203.99998128E-3,8.000000380E-3,,,,,203.99998128E-3,24.00000021E-3,
,,,204.39998806E-3,8.000000380E-3,,,,,204.39998806E-3,12.0000001E-3,
,,,204.79997993E-3,8.000000380E-3,,,,,204.79997993E-3,12.0000001E-3,
,,,205.19998670E-3,0.0,,,,,205.19998670E-3,8.000000380E-3,
,,,205.59997857E-3,16.0000008E-3,,,,,205.59997857E-3,12.0000001E-3,
,,,205.99998534E-3,-8.000000380E-3,,,,,205.99998534E-3,0.0,
,,,206.39997721E-3,8.000000380E-3,,,,,206.39997721E-3,8.000000380E-3,
,,,206.79998398E-3,8.000000380E-3,,,,,206.79998398E-3,8.000000380E-3,
,,,207.19997585E-3,16.0000008E-3,,,,,207.19997585E-3,8.000000380E-3,
,,,207.59998262E-3,0.0,,,,,207.59998262E-3,-4.00000019E-3,
,,,207.99998939E-3,-8.000000380E-3,,,,,207.99998939E-3,8.000000380E-3,
,,,208.39998126E-3,0.0,,,,,208.39998126E-3,-8.000000380E-3,
,,,208.79998803E-3,8.000000380E-3,,,,,208.79998803E-3,16.0000008E-3,
,,,209.19997990E-3,8.000000380E-3,,,,,209.19997990E-3,28.00000086E-3,
,,,209.59998667E-3,16.0000008E-3,,,,,209.59998667E-3,16.0000008E-3,
,,,209.99997854E-3,0.0,,,,,209.99997854E-3,8.000000380E-3,
,,,210.39998531E-3,0.0,,,,,210.39998531E-3,0.0,
,,,210.79997718E-3,8.000000380E-3,,,,,210.79997718E-3,16.0000008E-3,
,,,211.19998395E-3,8.000000380E-3,,,,,211.19998395E-3,16.0000008E-3,
,,,211.59997582E-3,0.0,,,,,211.59997582E-3,-12.0000001E-3,
,,,211.99998260E-3,0.0,,,,,211.99998260E-3,-4.00000019E-3,
,,,212.39998937E-3,0.0,,,,,212.39998937E-3,-4.00000019E-3,
,,,212.79998124E-3,8.000000380E-3,,,,,212.79998124E-3,4.00000019E-3,
,,,213.19998801E-3,8.000000380E-3,,,,,213.19998801E-3,16.0000008E-3,
,,,213.59997988E-3,0.0,,,,,213.59997988E-3,16.0000008E-3,
,,,213.99998665E-3,8.000000380E-3,,,,,213.99998665E-3,4.00000019E-3,
,,,214.39997852E-3,0.0,,,,,214.39997852E-3,0.0,
,,,214.79998529E-3,8.000000380E-3,,,,,214.79998529E-3,8.000000380E-3,
,,,215.19997716E-3,8.000000380E-3,,,,,215.19997716E-3,8.000000380E-3,
,,,215.59998393E-3,8.000000380E-3,,,,,215.59998393E-3,-4.00000019E-3,
,,,215.99997580E-3,8.000000380E-3,,,,,215.99997580E-3,16.0000008E-3,
,,,216.39998257E-3,16.0000008E-3,,,,,216.39998257E-3,16.0000008E-3,
,,,216.79997444E-3,8.000000380E-3,,,,,216.79997444E-3,16.0000008E-3,
,,,217.19998121E-3,8.000000380E-3,,,,,217.19998121E-3,4.00000019E-3,
,,,217.59998798E-3,8.000000380E-3,,,,,217.59998798E-3,8.000000380E-3,
,,,217.99997985E-3,0.0,,,,,217.99997985E-3,8.000000380E-3,
,,,218.39998662E-3,8.000000380E-3,,,,,218.39998662E-3,20.0000014E-3,
,,,218.79997849E-3,0.0,,,,,218.79997849E-3,-4.00000019E-3,
,,,219.19998527E-3,0.0,,,,,219.19998527E-3,0.0,
,,,219.59997714E-3,16.0000008E-3,,,,,219.59997714E-3,16.0000008E-3,
,,,219.99998391E-3,0.0,,,,,219.99998391E-3,8.000000380E-3,
,,,220.39997578E-3,8.000000380E-3,,,,,220.39997578E-3,4.00000019E-3,
,,,220.79998255E-3,0.0,,,,,220.79998255E-3,12.0000001E-3,
,,,221.19997442E-3,16.0000008E-3,,,,,221.19997442E-3,8.000000380E-3,
,,,221.59998119E-3,0.0,,,,,221.59998119E-3,0.0,
,,,221.99998796E-3,8.000000380E-3,,,,,221.99998796E-3,12.0000001E-3,
,,,222.39997983E-3,0.0,,,,,222.39997983E-3,0.0,
,,,222.79998660E-3,8.000000380E-3,,,,,222.79998660E-3,20.0000014E-3,
,,,223.19997847E-3,0.0,,,,,223.19997847E-3,8.000000380E-3,
,,,223.59998524E-3,0.0,,,,,223.59998524E-3,0.0,
,,,223.99997711E-3,0.0,,,,,223.99997711E-3,8.000000380E-3,
,,,224.39998388E-3,8.000000380E-3,,,,,224.39998388E-3,8.000000380E-3,
,,,224.79997575E-3,0.0,,,,,224.79997575E-3,-4.00000019E-3,
,,,225.19998252E-3,0.0,,,,,225.19998252E-3,4.00000019E-3,
,,,225.59997439E-3,0.0,,,,,225.59997439E-3,0.0,
,,,225.99998116E-3,8.000000380E-3,,,,,225.99998116E-3,8.000000380E-3,
,,,226.39998794E-3,8.000000380E-3,,,,,226.39998794E-3,12.0000001E-3,
,,,226.79997981E-3,0.0,,,,,226.79997981E-3,4.00000019E-3,
,,,227.19998658E-3,0.0,,,,,227.19998658E-3,-4.00000019E-3,
,,,227.59997845E-3,8.000000380E-3,,,,,227.59997845E-3,16.0000008E-3,
,,,227.99998522E-3,8.000000380E-3,,,,,227.99998522E-3,8.000000380E-3,
,,,228.39997709E-3,8.000000380E-3,,,,,228.39997709E-3,8.000000380E-3,
,,,228.79998386E-3,8.000000380E-3,,,,,228.79998386E-3,16.0000008E-3,
,,,229.19997573E-3,16.0000008E-3,,,,,229.19997573E-3,16.0000008E-3,
,,,229.59998250E-3,0.0,,,,,229.59998250E-3,4.00000019E-3,
,,,229.99997437E-3,8.000000380E-3,,,,,229.99997437E-3,4.00000019E-3,
,,,230.39998114E-3,0.0,,,,,230.39998114E-3,8.000000380E-3,
,,,230.79998791E-3,8.000000380E-3,,,,,230.79998791E-3,16.0000008E-3,
,,,231.19997978E-3,8.000000380E-3,,,,,231.19997978E-3,8.000000380E-3,
,,,231.59998655E-3,0.0,,,,,231.59998655E-3,-12.0000001E-3,
,,,231.99997842E-3,8.000000380E-3,,,,,231.99997842E-3,4.00000019E-3,
,,,232.39998519E-3,8.000000380E-3,,,,,232.39998519E-3,-4.00000019E-3,
,,,232.79997706E-3,8.000000380E-3,,,,,232.79997706E-3,0.0,
,,,233.19998384E-3,8.000000380E-3,,,,,233.19998384E-3,24.00000021E-3,
,,,233.59997571E-3,0.0,,,,,233.59997571E-3,4.00000019E-3,
,,,233.99998248E-3,8.000000380E-3,,,,,233.99998248E-3,0.0,
,,,234.39997435E-3,8.000000380E-3,,,,,234.39997435E-3,16.0000008E-3,
,,,234.79998112E-3,8.000000380E-3,,,,,234.79998112E-3,20.0000014E-3,
,,,235.19998789E-3,0.0,,,,,235.19998789E-3,8.000000380E-3,
,,,235.59997976E-3,0.0,,,,,235.59997976E-3,0.0,
,,,235.99998653E-3,0.0,,,,,235.99998653E-3,8.000000380E-3,
,,,236.39997840E-3,0.0,,,,,236.39997840E-3,0.0,
,,,236.79998517E-3,0.0,,,,,236.79998517E-3,4.00000019E-3,
,,,237.19997704E-3,0.0,,,,,237.19997704E-3,0.0,
,,,237.59998381E-3,8.000000380E-3,,,,,237.59998381E-3,4.00000019E-3,
,,,237.99997568E-3,0.0,,,,,237.99997568E-3,4.00000019E-3,
,,,238.39998245E-3,16.0000008E-3,,,,,238.39998245E-3,12.0000001E-3,
,,,238.79997432E-3,0.0,,,,,238.79997432E-3,4.00000019E-3,
,,,239.19998109E-3,0.0,,,,,239.19998109E-3,8.000000380E-3,
,,,239.59998786E-3,0.0,,,,,239.59998786E-3,0.0,
,,,239.99997973E-3,8.000000380E-3,,,,,239.99997973E-3,12.0000001E-3,
,,,240.39998651E-3,8.000000380E-3,,,,,240.39998651E-3,4.00000019E-3,
,,,240.79997838E-3,8.000000380E-3,,,,,240.79997838E-3,8.000000380E-3,
,,,241.19998515E-3,16.0000008E-3,,,,,241.19998515E-3,12.0000001E-3,
,,,241.59997702E-3,0.0,,,,,241.59997702E-3,4.00000019E-3,
,,,241.99998379E-3,8.000000380E-3,,,,,241.99998379E-3,12.0000001E-3,
,,,242.39997566E-3,8.000000380E-3,,,,,242.39997566E-3,4.00000019E-3,
,,,242.79998243E-3,16.0000008E-3,,,,,242.79998243E-3,16.0000008E-3,
,,,243.19997430E-3,0.0,,,,,243.19997430E-3,8.000000380E-3,
,,,243.59998107E-3,8.000000380E-3,,,,,243.59998107E-3,-8.000000380E-3,
,,,243.99998784E-3,8.000000380E-3,,,,,243.99998784E-3,16.0000008E-3,
,,,244.39997971E-3,8.000000380E-3,,,,,244.39997971E-3,16.0000008E-3,
,,,244.79998648E-3,0.0,,,,,244.79998648E-3,8.000000380E-3,
,,,245.19997835E-3,8.000000380E-3,,,,,245.19997835E-3,8.000000380E-3,
,,,245.59998512E-3,0.0,,,,,245.59998512E-3,0.0,
,,,245.99997699E-3,0.0,,,,,245.99997699E-3,4.00000019E-3,
,,,246.39998376E-3,8.000000380E-3,,,,,246.39998376E-3,16.0000008E-3,
,,,246.79997563E-3,8.000000380E-3,,,,,246.79997563E-3,8.000000380E-3,
,,,247.19998240E-3,8.000000380E-3,,,,,247.19998240E-3,12.0000001E-3,
,,,247.59997427E-3,16.0000008E-3,,,,,247.59997427E-3,12.0000001E-3,
,,,247.99998105E-3,0.0,,,,,247.99998105E-3,4.00000019E-3,
,,,248.39998782E-3,0.0,,,,,248.39998782E-3,8.000000380E-3,
,,,248.79997969E-3,8.000000380E-3,,,,,248.79997969E-3,12.0000001E-3,
,,,249.19998646E-3,8.000000380E-3,,,,,249.19998646E-3,4.00000019E-3,
,,,249.59997833E-3,8.000000380E-3,,,,,249.59997833E-3,0.0,
,,,249.99998510E-3,8.000000380E-3,,,,,249.99998510E-3,8.000000380E-3,
,,,250.39997697E-3,0.0,,,,,250.39997697E-3,12.0000001E-3,
,,,250.79998374E-3,0.0,,,,,250.79998374E-3,-4.00000019E-3,
,,,251.19999051E-3,0.0,,,,,251.19999051E-3,-4.00000019E-3,
,,,251.59996748E-3,8.000000380E-3,,,,,251.59996748E-3,8.000000380E-3,
,,,251.99997425E-3,0.0,,,,,251.99997425E-3,8.000000380E-3,
,,,252.39998102E-3,0.0,,,,,252.39998102E-3,8.000000380E-3,
,,,252.79998779E-3,8.000000380E-3,,,,,252.79998779E-3,8.000000380E-3,
,,,253.19999456E-3,8.000000380E-3,,,,,253.19999456E-3,4.00000019E-3,
,,,253.59997153E-3,0.0,,,,,253.59997153E-3,-4.00000019E-3,
,,,253.99997830E-3,0.0,,,,,253.99997830E-3,8.000000380E-3,
,,,254.39998507E-3,8.000000380E-3,,,,,254.39998507E-3,-4.00000019E-3,
,,,254.79999185E-3,8.000000380E-3,,,,,254.79999185E-3,8.000000380E-3,
,,,255.19996881E-3,8.000000380E-3,,,,,255.19996881E-3,12.0000001E-3,
,,,255.59997559E-3,0.0,,,,,255.59997559E-3,8.000000380E-3,
,,,255.99998236E-3,0.0,,,,,255.99998236E-3,-4.00000019E-3,
,,,256.39998913E-3,16.0000008E-3,,,,,256.39998913E-3,16.0000008E-3,
,,,256.79996610E-3,0.0,,,,,256.79996610E-3,8.000000380E-3,
,,,257.19997287E-3,8.000000380E-3,,,,,257.19997287E-3,4.00000019E-3,
,,,257.59997964E-3,16.0000008E-3,,,,,257.59997964E-3,16.0000008E-3,
,,,257.99998641E-3,0.0,,,,,257.99998641E-3,0.0,
,,,258.39999318E-3,0.0,,,,,258.39999318E-3,-8.000000380E-3,
,,,258.79997015E-3,0.0,,,,,258.79997015E-3,8.000000380E-3,
,,,259.19997692E-3,0.0,,,,,259.19997692E-3,12.0000001E-3,
,,,259.59998369E-3,0.0,,,,,259.59998369E-3,8.000000380E-3,
,,,259.99999046E-3,0.0,,,,,259.99999046E-3,8.000000380E-3,
,,,260.39996743E-3,0.0,,,,,260.39996743E-3,8.000000380E-3,
,,,260.79997420E-3,8.000000380E-3,,,,,260.79997420E-3,16.0000008E-3,
,,,261.19998097E-3,8.000000380E-3,,,,,261.19998097E-3,8.000000380E-3,
,,,261.59998775E-3,8.000000380E-3,,,,,261.59998775E-3,8.000000380E-3,
,,,261.99999452E-3,16.0000008E-3,,,,,261.99999452E-3,12.0000001E-3,
,,,262.39997149E-3,8.000000380E-3,,,,,262.39997149E-3,12.0000001E-3,
,,,262.79997826E-3,8.000000380E-3,,,,,262.79997826E-3,4.00000019E-3,
,,,263.19998503E-3,16.0000008E-3,,,,,263.19998503E-3,12.0000001E-3,
,,,263.59999180E-3,-8.000000380E-3,,,,,263.59999180E-3,4.00000019E-3,
,,,263.99996877E-3,16.0000008E-3,,,,,263.99996877E-3,16.0000008E-3,
,,,264.39997554E-3,8.000000380E-3,,,,,264.39997554E-3,16.0000008E-3,
,,,264.79998231E-3,-8.000000380E-3,,,,,264.79998231E-3,-12.0000001E-3,
,,,265.19998908E-3,0.0,,,,,265.19998908E-3,8.000000380E-3,
,,,265.59996605E-3,8.000000380E-3,,,,,265.59996605E-3,12.0000001E-3,
,,,265.99997282E-3,0.0,,,,,265.99997282E-3,4.00000019E-3,
,,,266.39997959E-3,0.0,,,,,266.39997959E-3,8.000000380E-3,
,,,266.79998636E-3,8.000000380E-3,,,,,266.79998636E-3,4.00000019E-3,
,,,267.19999313E-3,0.0,,,,,267.19999313E-3,4.00000019E-3,
,,,267.59997010E-3,0.0,,,,,267.59997010E-3,-4.00000019E-3,
,,,267.99997687E-3,8.000000380E-3,,,,,267.99997687E-3,4.00000019E-3,
,,,268.39998364E-3,8.000000380E-3,,,,,268.39998364E-3,16.0000008E-3,
,,,268.79999042E-3,0.0,,,,,268.79999042E-3,8.000000380E-3,
,,,269.19996738E-3,16.0000008E-3,,,,,269.19996738E-3,8.000000380E-3,
,,,269.59997416E-3,0.0,,,,,269.59997416E-3,0.0,
,,,269.99998093E-3,0.0,,,,,269.99998093E-3,8.000000380E-3,
,,,270.39998770E-3,0.0,,,,,270.39998770E-3,-4.00000019E-3,
,,,270.79999447E-3,8.000000380E-3,,,,,270.79999447E-3,16.0000008E-3,
,,,271.19997144E-3,8.000000380E-3,,,,,271.19997144E-3,16.0000008E-3,
,,,271.59997821E-3,0.0,,,,,271.59997821E-3,-4.00000019E-3,
,,,271.99998498E-3,0.0,,,,,271.99998498E-3,16.0000008E-3,
,,,272.39999175E-3,8.000000380E-3,,,,,272.39999175E-3,16.0000008E-3,
,,,272.79996872E-3,8.000000380E-3,,,,,272.79996872E-3,4.00000019E-3,
,,,273.19997549E-3,8.000000380E-3,,,,,273.19997549E-3,20.0000014E-3,
,,,273.59998226E-3,0.0,,,,,273.59998226E-3,16.0000008E-3,
,,,273.99998903E-3,0.0,,,,,273.99998903E-3,-4.00000019E-3,
,,,274.39996600E-3,0.0,,,,,274.39996600E-3,-12.0000001E-3,
,,,274.79997277E-3,0.0,,,,,274.79997277E-3,12.0000001E-3,
,,,275.19997954E-3,16.0000008E-3,,,,,275.19997954E-3,8.000000380E-3,
,,,275.59998631E-3,8.000000380E-3,,,,,275.59998631E-3,4.00000019E-3,
,,,275.99999309E-3,16.0000008E-3,,,,,275.99999309E-3,12.0000001E-3,
,,,276.39997005E-3,8.000000380E-3,,,,,276.39997005E-3,4.00000019E-3,
,,,276.79997683E-3,8.000000380E-3,,,,,276.79997683E-3,16.0000008E-3,
,,,277.19998360E-3,0.0,,,,,277.19998360E-3,4.00000019E-3,
,,,277.59999037E-3,0.0,,,,,277.59999037E-3,4.00000019E-3,
,,,277.99996734E-3,8.000000380E-3,,,,,277.99996734E-3,12.0000001E-3,
,,,278.39997411E-3,8.000000380E-3,,,,,278.39997411E-3,16.0000008E-3,
,,,278.79998088E-3,0.0,,,,,278.79998088E-3,-4.00000019E-3,
,,,279.19998765E-3,0.0,,,,,279.19998765E-3,-4.00000019E-3,
,,,279.59999442E-3,0.0,,,,,279.59999442E-3,0.0,
,,,279.99997139E-3,8.000000380E-3,,,,,279.99997139E-3,20.0000014E-3,
,,,280.39997816E-3,8.000000380E-3,,,,,280.39997816E-3,20.0000014E-3,
,,,280.79998493E-3,0.0,,,,,280.79998493E-3,8.000000380E-3,
,,,281.19999170E-3,0.0,,,,,281.19999170E-3,-12.0000001E-3,
,,,281.59996867E-3,0.0,,,,,281.59996867E-3,-4.00000019E-3,
,,,281.99997544E-3,0.0,,,,,281.99997544E-3,-4.00000019E-3,
,,,282.39998221E-3,16.0000008E-3,,,,,282.39998221E-3,16.0000008E-3,
,,,282.79998899E-3,16.0000008E-3,,,,,282.79998899E-3,8.000000380E-3,
,,,283.19996595E-3,-8.000000380E-3,,,,,283.19996595E-3,-4.00000019E-3,
,,,283.59997272E-3,8.000000380E-3,,,,,283.59997272E-3,-4.00000019E-3,
,,,283.99997950E-3,0.0,,,,,283.99997950E-3,4.00000019E-3,
,,,284.39998627E-3,16.0000008E-3,,,,,284.39998627E-3,16.0000008E-3,
,,,284.79999304E-3,8.000000380E-3,,,,,284.79999304E-3,16.0000008E-3,
,,,285.19997001E-3,0.0,,,,,285.19997001E-3,12.0000001E-3,
,,,285.59997678E-3,0.0,,,,,285.59997678E-3,8.000000380E-3,
,,,285.99998355E-3,8.000000380E-3,,,,,285.99998355E-3,4.00000019E-3,
,,,286.39999032E-3,8.000000380E-3,,,,,286.39999032E-3,8.000000380E-3,
,,,286.79996729E-3,-8.000000380E-3,,,,,286.79996729E-3,-8.000000380E-3,
,,,287.19997406E-3,0.0,,,,,287.19997406E-3,16.0000008E-3,
,,,287.59998083E-3,0.0,,,,,287.59998083E-3,12.0000001E-3,
,,,287.99998760E-3,0.0,,,,,287.99998760E-3,12.0000001E-3,
,,,288.39999437E-3,0.0,,,,,288.39999437E-3,8.000000380E-3,
,,,288.79997134E-3,8.000000380E-3,,,,,288.79997134E-3,-4.00000019E-3,
,,,289.19997811E-3,0.0,,,,,289.19997811E-3,4.00000019E-3,
,,,289.59998488E-3,8.000000380E-3,,,,,289.59998488E-3,16.0000008E-3,
,,,289.99999166E-3,8.000000380E-3,,,,,289.99999166E-3,8.000000380E-3,
,,,290.39996862E-3,8.000000380E-3,,,,,290.39996862E-3,8.000000380E-3,
,,,290.79997540E-3,0.0,,,,,290.79997540E-3,0.0,
,,,291.19998217E-3,8.000000380E-3,,,,,291.19998217E-3,24.00000021E-3,
,,,291.59998894E-3,8.000000380E-3,,,,,291.59998894E-3,16.0000008E-3,
,,,291.99996591E-3,16.0000008E-3,,,,,291.99996591E-3,8.000000380E-3,
,,,292.39997268E-3,8.000000380E-3,,,,,292.39997268E-3,0.0,
,,,292.79997945E-3,16.0000008E-3,,,,,292.79997945E-3,16.0000008E-3,
,,,293.19998622E-3,0.0,,,,,293.19998622E-3,8.000000380E-3,
,,,293.59999299E-3,0.0,,,,,293.59999299E-3,16.0000008E-3,
,,,293.99996996E-3,8.000000380E-3,,,,,293.99996996E-3,8.000000380E-3,
,,,294.39997673E-3,0.0,,,,,294.39997673E-3,-4.00000019E-3,
,,,294.79998350E-3,8.000000380E-3,,,,,294.79998350E-3,16.0000008E-3,
,,,295.19999027E-3,16.0000008E-3,,,,,295.19999027E-3,20.0000014E-3,
,,,295.59996724E-3,0.0,,,,,295.59996724E-3,4.00000019E-3,
,,,295.99997401E-3,16.0000008E-3,,,,,295.99997401E-3,24.00000021E-3,
,,,296.39998078E-3,0.0,,,,,296.39998078E-3,8.000000380E-3,
,,,296.79998755E-3,8.000000380E-3,,,,,296.79998755E-3,8.000000380E-3,
,,,297.19999433E-3,0.0,,,,,297.19999433E-3,8.000000380E-3,
,,,297.59997129E-3,0.0,,,,,297.59997129E-3,8.000000380E-3,
,,,297.99997807E-3,8.000000380E-3,,,,,297.99997807E-3,8.000000380E-3,
,,,298.39998484E-3,8.000000380E-3,,,,,298.39998484E-3,8.000000380E-3,
,,,298.79999161E-3,8.000000380E-3,,,,,298.79999161E-3,4.00000019E-3,
,,,299.19996858E-3,0.0,,,,,299.19996858E-3,16.0000008E-3,
,,,299.59997535E-3,-8.000000380E-3,,,,,299.59997535E-3,4.00000019E-3,
,,,299.99998212E-3,8.000000380E-3,,,,,299.99998212E-3,16.0000008E-3,
,,,300.39998889E-3,0.0,,,,,300.39998889E-3,0.0,
,,,300.79996586E-3,8.000000380E-3,,,,,300.79996586E-3,12.0000001E-3,
,,,301.19997263E-3,8.000000380E-3,,,,,301.19997263E-3,16.0000008E-3,
,,,301.59997940E-3,0.0,,,,,301.59997940E-3,8.000000380E-3,
,,,301.99998617E-3,8.000000380E-3,,,,,301.99998617E-3,16.0000008E-3,
,,,302.39999294E-3,16.0000008E-3,,,,,302.39999294E-3,12.0000001E-3,
,,,302.79996991E-3,0.0,,,,,302.79996991E-3,-8.000000380E-3,
,,,303.19997668E-3,8.000000380E-3,,,,,303.19997668E-3,0.0,
,,,303.59998345E-3,8.000000380E-3,,,,,303.59998345E-3,-4.00000019E-3,
,,,303.99999022E-3,0.0,,,,,303.99999022E-3,4.00000019E-3,
,,,304.39996719E-3,8.000000380E-3,,,,,304.39996719E-3,8.000000380E-3,
,,,304.79997396E-3,0.0,,,,,304.79997396E-3,4.00000019E-3,
,,,305.19998074E-3,0.0,,,,,305.19998074E-3,0.0,
,,,305.59998751E-3,8.000000380E-3,,,,,305.59998751E-3,8.000000380E-3,
,,,305.99999428E-3,8.000000380E-3,,,,,305.99999428E-3,8.000000380E-3,
,,,306.39997125E-3,8.000000380E-3,,,,,306.39997125E-3,12.0000001E-3,
,,,306.79997802E-3,8.000000380E-3,,,,,306.79997802E-3,16.0000008E-3,
,,,307.19998479E-3,8.000000380E-3,,,,,307.19998479E-3,8.000000380E-3,
,,,307.59999156E-3,8.000000380E-3,,,,,307.59999156E-3,16.0000008E-3,
,,,307.99996853E-3,8.000000380E-3,,,,,307.99996853E-3,8.000000380E-3,
,,,308.39997530E-3,0.0,,,,,308.39997530E-3,4.00000019E-3,
,,,308.79998207E-3,0.0,,,,,308.79998207E-3,12.0000001E-3,
,,,309.19998884E-3,0.0,,,,,309.19998884E-3,16.0000008E-3,
,,,309.59996581E-3,8.000000380E-3,,,,,309.59996581E-3,8.000000380E-3,
,,,309.99997258E-3,8.000000380E-3,,,,,309.99997258E-3,0.0,
,,,310.39997935E-3,0.0,,,,,310.39997935E-3,4.00000019E-3,
,,,310.79998612E-3,0.0,,,,,310.79998612E-3,0.0,
,,,311.19999290E-3,0.0,,,,,311.19999290E-3,-4.00000019E-3,
,,,311.59996986E-3,0.0,,,,,311.59996986E-3,16.0000008E-3,
,,,311.99997663E-3,0.0,,,,,311.99997663E-3,8.000000380E-3,
,,,312.39998341E-3,8.000000380E-3,,,,,312.39998341E-3,8.000000380E-3,
,,,312.79999018E-3,0.0,,,,,312.79999018E-3,12.0000001E-3,
,,,313.19996715E-3,8.000000380E-3,,,,,313.19996715E-3,8.000000380E-3,
,,,313.59997392E-3,0.0,,,,,313.59997392E-3,8.000000380E-3,
,,,313.99998069E-3,8.000000380E-3,,,,,313.99998069E-3,16.0000008E-3,
,,,314.39998746E-3,8.000000380E-3,,,,,314.39998746E-3,12.0000001E-3,
,,,314.79999423E-3,16.0000008E-3,,,,,314.79999423E-3,20.0000014E-3,
,,,315.19997120E-3,0.0,,,,,315.19997120E-3,0.0,
,,,315.59997797E-3,0.0,,,,,315.59997797E-3,-4.00000019E-3,
,,,315.99998474E-3,0.0,,,,,315.99998474E-3,4.00000019E-3,
,,,316.39999151E-3,8.000000380E-3,,,,,316.39999151E-3,16.0000008E-3,
,,,316.79996848E-3,0.0,,,,,316.79996848E-3,8.000000380E-3,
,,,317.19997525E-3,8.000000380E-3,,,,,317.19997525E-3,4.00000019E-3,
,,,317.59998202E-3,8.000000380E-3,,,,,317.59998202E-3,0.0,
,,,317.99998879E-3,8.000000380E-3,,,,,317.99998879E-3,4.00000019E-3,
,,,318.39996576E-3,16.0000008E-3,,,,,318.39996576E-3,16.0000008E-3,
,,,318.79997253E-3,0.0,,,,,318.79997253E-3,8.000000380E-3,
,,,319.19997931E-3,8.000000380E-3,,,,,319.19997931E-3,4.00000019E-3,
,,,319.59998608E-3,8.000000380E-3,,,,,319.59998608E-3,16.0000008E-3,
,,,319.99999285E-3,8.000000380E-3,,,,,319.99999285E-3,8.000000380E-3,
,,,320.39996982E-3,16.0000008E-3,,,,,320.39996982E-3,16.0000008E-3,
,,,320.79997659E-3,0.0,,,,,320.79997659E-3,8.000000380E-3,
,,,321.19998336E-3,0.0,,,,,321.19998336E-3,4.00000019E-3,
,,,321.59999013E-3,8.000000380E-3,,,,,321.59999013E-3,-8.000000380E-3,
,,,321.99996710E-3,0.0,,,,,321.99996710E-3,4.00000019E-3,
,,,322.39997387E-3,0.0,,,,,322.39997387E-3,8.000000380E-3,
,,,322.79998064E-3,0.0,,,,,322.79998064E-3,8.000000380E-3,
,,,323.19998741E-3,0.0,,,,,323.19998741E-3,8.000000380E-3,
,,,323.59996438E-3,0.0,,,,,323.59996438E-3,4.00000019E-3,
,,,323.99997115E-3,8.000000380E-3,,,,,323.99997115E-3,4.00000019E-3,
,,,324.39997792E-3,0.0,,,,,324.39997792E-3,4.00000019E-3,
,,,324.79998469E-3,0.0,,,,,324.79998469E-3,16.0000008E-3,
,,,325.19999146E-3,0.0,,,,,325.19999146E-3,8.000000380E-3,
,,,325.59996843E-3,0.0,,,,,325.59996843E-3,4.00000019E-3,
,,,325.99997520E-3,0.0,,,,,325.99997520E-3,4.00000019E-3,
,,,326.39998198E-3,0.0,,,,,326.39998198E-3,4.00000019E-3,
,,,326.79998875E-3,8.000000380E-3,,,,,326.79998875E-3,-4.00000019E-3,
,,,327.19996572E-3,0.0,,,,,327.19996572E-3,16.0000008E-3,
,,,327.59997249E-3,16.0000008E-3,,,,,327.59997249E-3,12.0000001E-3,
,,,327.99997926E-3,8.000000380E-3,,,,,327.99997926E-3,8.000000380E-3,
,,,328.39998603E-3,0.0,,,,,328.39998603E-3,0.0,
,,,328.79999280E-3,0.0,,,,,328.79999280E-3,16.0000008E-3,
,,,329.19996977E-3,0.0,,,,,329.19996977E-3,12.0000001E-3,
,,,329.59997654E-3,0.0,,,,,329.59997654E-3,16.0000008E-3,
,,,329.99998331E-3,8.000000380E-3,,,,,329.99998331E-3,16.0000008E-3,
,,,330.39999008E-3,8.000000380E-3,,,,,330.39999008E-3,16.0000008E-3,
,,,330.79996705E-3,8.000000380E-3,,,,,330.79996705E-3,8.000000380E-3,
,,,331.19997382E-3,16.0000008E-3,,,,,331.19997382E-3,16.0000008E-3,
,,,331.59998059E-3,0.0,,,,,331.59998059E-3,16.0000008E-3,
,,,331.99998736E-3,8.000000380E-3,,,,,331.99998736E-3,8.000000380E-3,
,,,332.39996433E-3,8.000000380E-3,,,,,332.39996433E-3,-4.00000019E-3,
,,,332.79997110E-3,16.0000008E-3,,,,,332.79997110E-3,20.0000014E-3,
,,,333.19997787E-3,8.000000380E-3,,,,,333.19997787E-3,8.000000380E-3,
,,,333.59998465E-3,0.0,,,,,333.59998465E-3,-12.0000001E-3,
,,,333.99999142E-3,0.0,,,,,333.99999142E-3,16.0000008E-3,
,,,334.39996839E-3,8.000000380E-3,,,,,334.39996839E-3,4.00000019E-3,
,,,334.79997516E-3,8.000000380E-3,,,,,334.79997516E-3,16.0000008E-3,
,,,335.19998193E-3,8.000000380E-3,,,,,335.19998193E-3,4.00000019E-3,
,,,335.59998870E-3,8.000000380E-3,,,,,335.59998870E-3,16.0000008E-3,
,,,335.99996567E-3,0.0,,,,,335.99996567E-3,4.00000019E-3,
,,,336.39997244E-3,8.000000380E-3,,,,,336.39997244E-3,-4.00000019E-3,
,,,336.79997921E-3,0.0,,,,,336.79997921E-3,12.0000001E-3,
,,,337.19998598E-3,0.0,,,,,337.19998598E-3,16.0000008E-3,
,,,337.59999275E-3,0.0,,,,,337.59999275E-3,-8.000000380E-3,
,,,337.99996972E-3,8.000000380E-3,,,,,337.99996972E-3,8.000000380E-3,
,,,338.39997649E-3,8.000000380E-3,,,,,338.39997649E-3,0.0,
,,,338.79998326E-3,0.0,,,,,338.79998326E-3,0.0,
,,,339.19999003E-3,0.0,,,,,339.19999003E-3,-4.00000019E-3,
,,,339.59996700E-3,0.0,,,,,339.59996700E-3,8.000000380E-3,
,,,339.99997377E-3,-8.000000380E-3,,,,,339.99997377E-3,-4.00000019E-3,
,,,340.39998055E-3,8.000000380E-3,,,,,340.39998055E-3,4.00000019E-3,
,,,340.79998732E-3,16.0000008E-3,,,,,340.79998732E-3,12.0000001E-3,
,,,341.19996428E-3,16.0000008E-3,,,,,341.19996428E-3,16.0000008E-3,
,,,341.59997106E-3,8.000000380E-3,,,,,341.59997106E-3,4.00000019E-3,
,,,341.99997783E-3,8.000000380E-3,,,,,341.99997783E-3,8.000000380E-3,
,,,342.39998460E-3,16.0000008E-3,,,,,342.39998460E-3,16.0000008E-3,
,,,342.79999137E-3,8.000000380E-3,,,,,342.79999137E-3,4.00000019E-3,
,,,343.19996834E-3,0.0,,,,,343.19996834E-3,8.000000380E-3,
,,,343.59997511E-3,0.0,,,,,343.59997511E-3,8.000000380E-3,
,,,343.99998188E-3,0.0,,,,,343.99998188E-3,8.000000380E-3,
,,,344.39998865E-3,8.000000380E-3,,,,,344.39998865E-3,16.0000008E-3,
,,,344.79996562E-3,16.0000008E-3,,,,,344.79996562E-3,12.0000001E-3,
,,,345.19997239E-3,8.000000380E-3,,,,,345.19997239E-3,0.0,
,,,345.59997916E-3,8.000000380E-3,,,,,345.59997916E-3,24.00000021E-3,
,,,345.99998593E-3,16.0000008E-3,,,,,345.99998593E-3,8.000000380E-3,
,,,346.39999270E-3,0.0,,,,,346.39999270E-3,4.00000019E-3,
,,,346.79996967E-3,8.000000380E-3,,,,,346.79996967E-3,16.0000008E-3,
,,,347.19997644E-3,8.000000380E-3,,,,,347.19997644E-3,8.000000380E-3,
,,,347.59998322E-3,16.0000008E-3,,,,,347.59998322E-3,12.0000001E-3,
,,,347.99998999E-3,0.0,,,,,347.99998999E-3,-12.0000001E-3,
,,,348.39996696E-3,8.000000380E-3,,,,,348.39996696E-3,-4.00000019E-3,
,,,348.79997373E-3,8.000000380E-3,,,,,348.79997373E-3,12.0000001E-3,
,,,349.19998050E-3,0.0,,,,,349.19998050E-3,-4.00000019E-3,
,,,349.59998727E-3,16.0000008E-3,,,,,349.59998727E-3,8.000000380E-3,
,,,349.99996424E-3,0.0,,,,,349.99996424E-3,4.00000019E-3,
,,,350.39997101E-3,16.0000008E-3,,,,,350.39997101E-3,8.000000380E-3,
,,,350.79997778E-3,8.000000380E-3,,,,,350.79997778E-3,0.0,
,,,351.19998455E-3,0.0,,,,,351.19998455E-3,12.0000001E-3,
,,,351.59999132E-3,8.000000380E-3,,,,,351.59999132E-3,16.0000008E-3,
,,,351.99996829E-3,8.000000380E-3,,,,,351.99996829E-3,4.00000019E-3,
,,,352.39997506E-3,0.0,,,,,352.39997506E-3,8.000000380E-3,
,,,352.79998183E-3,8.000000380E-3,,,,,352.79998183E-3,0.0,
,,,353.19998860E-3,0.0,,,,,353.19998860E-3,4.00000019E-3,
,,,353.59996557E-3,0.0,,,,,353.59996557E-3,0.0,
,,,353.99997234E-3,0.0,,,,,353.99997234E-3,4.00000019E-3,
,,,354.39997911E-3,8.000000380E-3,,,,,354.39997911E-3,8.000000380E-3,
,,,354.79998589E-3,16.0000008E-3,,,,,354.79998589E-3,12.0000001E-3,
,,,355.19999266E-3,0.0,,,,,355.19999266E-3,0.0,
,,,355.59996963E-3,16.0000008E-3,,,,,355.59996963E-3,8.000000380E-3,
,,,355.99997640E-3,0.0,,,,,355.99997640E-3,4.00000019E-3,
,,,356.39998317E-3,8.000000380E-3,,,,,356.39998317E-3,0.0,
,,,356.79998994E-3,0.0,,,,,356.79998994E-3,0.0,
,,,357.19996691E-3,8.000000380E-3,,,,,357.19996691E-3,4.00000019E-3,
,,,357.59997368E-3,8.000000380E-3,,,,,357.59997368E-3,16.0000008E-3,
,,,357.99998045E-3,8.000000380E-3,,,,,357.99998045E-3,-4.00000019E-3,
,,,358.39998722E-3,0.0,,,,,358.39998722E-3,4.00000019E-3,
,,,358.79996419E-3,16.0000008E-3,,,,,358.79996419E-3,16.0000008E-3,
,,,359.19997096E-3,8.000000380E-3,,,,,359.19997096E-3,4.00000019E-3,
,,,359.59997773E-3,0.0,,,,,359.59997773E-3,0.0,
,,,359.99998450E-3,8.000000380E-3,,,,,359.99998450E-3,4.00000019E-3,
,,,360.39999127E-3,8.000000380E-3,,,,,360.39999127E-3,8.000000380E-3,
,,,360.79996824E-3,0.0,,,,,360.79996824E-3,8.000000380E-3,
,,,361.19997501E-3,8.000000380E-3,,,,,361.19997501E-3,20.0000014E-3,
,,,361.59998178E-3,0.0,,,,,361.59998178E-3,-4.00000019E-3,
,,,361.99998856E-3,0.0,,,,,361.99998856E-3,-16.0000008E-3,
,,,362.39996552E-3,0.0,,,,,362.39996552E-3,8.000000380E-3,
,,,362.79997230E-3,-8.000000380E-3,,,,,362.79997230E-3,8.000000380E-3,
,,,363.19997907E-3,-8.000000380E-3,,,,,363.19997907E-3,0.0,
,,,363.59998584E-3,8.000000380E-3,,,,,363.59998584E-3,12.0000001E-3,
,,,363.99999261E-3,-8.000000380E-3,,,,,363.99999261E-3,0.0,
,,,364.39996958E-3,8.000000380E-3,,,,,364.39996958E-3,16.0000008E-3,
,,,364.79997635E-3,0.0,,,,,364.79997635E-3,0.0,
,,,365.19998312E-3,0.0,,,,,365.19998312E-3,4.00000019E-3,
,,,365.59998989E-3,0.0,,,,,365.59998989E-3,8.000000380E-3,
,,,365.99996686E-3,8.000000380E-3,,,,,365.99996686E-3,4.00000019E-3,
,,,366.39997363E-3,8.000000380E-3,,,,,366.39997363E-3,16.0000008E-3,
,,,366.79998040E-3,8.000000380E-3,,,,,366.79998040E-3,16.0000008E-3,
,,,367.19998717E-3,0.0,,,,,367.19998717E-3,0.0,
,,,367.59996414E-3,0.0,,,,,367.59996414E-3,8.000000380E-3,
,,,367.99997091E-3,8.000000380E-3,,,,,367.99997091E-3,16.0000008E-3,
,,,368.39997768E-3,0.0,,,,,368.39997768E-3,8.000000380E-3,
,,,368.79998446E-3,16.0000008E-3,,,,,368.79998446E-3,20.0000014E-3,
,,,369.19999123E-3,8.000000380E-3,,,,,369.19999123E-3,8.000000380E-3,
,,,369.59996819E-3,0.0,,,,,369.59996819E-3,-4.00000019E-3,
,,,369.99997497E-3,8.000000380E-3,,,,,369.99997497E-3,-12.0000001E-3,
,,,370.39998174E-3,8.000000380E-3,,,,,370.39998174E-3,24.00000021E-3,
,,,370.79998851E-3,0.0,,,,,370.79998851E-3,4.00000019E-3,
,,,371.19996548E-3,8.000000380E-3,,,,,371.19996548E-3,12.0000001E-3,
,,,371.59997225E-3,8.000000380E-3,,,,,371.59997225E-3,0.0,
,,,371.99997902E-3,8.000000380E-3,,,,,371.99997902E-3,16.0000008E-3,
,,,372.39998579E-3,0.0,,,,,372.39998579E-3,4.00000019E-3,
,,,372.79999256E-3,8.000000380E-3,,,,,372.79999256E-3,8.000000380E-3,
,,,373.19996953E-3,0.0,,,,,373.19996953E-3,-4.00000019E-3,
,,,373.59997630E-3,0.0,,,,,373.59997630E-3,-4.00000019E-3,
,,,373.99998307E-3,0.0,,,,,373.99998307E-3,4.00000019E-3,
,,,374.39998984E-3,8.000000380E-3,,,,,374.39998984E-3,0.0,
,,,374.79996681E-3,8.000000380E-3,,,,,374.79996681E-3,16.0000008E-3,
,,,375.19997358E-3,8.000000380E-3,,,,,375.19997358E-3,12.0000001E-3,
,,,375.59998035E-3,0.0,,,,,375.59998035E-3,0.0,
,,,375.99998713E-3,8.000000380E-3,,,,,375.99998713E-3,16.0000008E-3,
,,,376.39996409E-3,0.0,,,,,376.39996409E-3,12.0000001E-3,
,,,376.79997087E-3,0.0,,,,,376.79997087E-3,4.00000019E-3,
,,,377.19997764E-3,0.0,,,,,377.19997764E-3,8.000000380E-3,
,,,377.59998441E-3,8.000000380E-3,,,,,377.59998441E-3,16.0000008E-3,
,,,377.99999118E-3,8.000000380E-3,,,,,377.99999118E-3,0.0,
,,,378.39996815E-3,8.000000380E-3,,,,,378.39996815E-3,16.0000008E-3,
,,,378.79997492E-3,8.000000380E-3,,,,,378.79997492E-3,4.00000019E-3,
,,,379.19998169E-3,8.000000380E-3,,,,,379.19998169E-3,12.0000001E-3,
,,,379.59998846E-3,8.000000380E-3,,,,,379.59998846E-3,8.000000380E-3,
,,,379.99996543E-3,8.000000380E-3,,,,,379.99996543E-3,4.00000019E-3,
,,,380.39997220E-3,0.0,,,,,380.39997220E-3,8.000000380E-3,
,,,380.79997897E-3,8.000000380E-3,,,,,380.79997897E-3,8.000000380E-3,
,,,381.19998574E-3,16.0000008E-3,,,,,381.19998574E-3,-4.00000019E-3,
,,,381.59999251E-3,8.000000380E-3,,,,,381.59999251E-3,4.00000019E-3,
,,,381.99996948E-3,0.0,,,,,381.99996948E-3,-4.00000019E-3,
,,,382.39997625E-3,0.0,,,,,382.39997625E-3,0.0,
,,,382.79998302E-3,0.0,,,,,382.79998302E-3,8.000000380E-3,
,,,383.19998980E-3,8.000000380E-3,,,,,383.19998980E-3,0.0,
,,,383.59996676E-3,16.0000008E-3,,,,,383.59996676E-3,20.0000014E-3,
,,,383.99997354E-3,8.000000380E-3,,,,,383.99997354E-3,8.000000380E-3,
,,,384.39998031E-3,8.000000380E-3,,,,,384.39998031E-3,8.000000380E-3,
,,,384.79998708E-3,0.0,,,,,384.79998708E-3,4.00000019E-3,
,,,385.19996405E-3,0.0,,,,,385.19996405E-3,4.00000019E-3,
,,,385.59997082E-3,8.000000380E-3,,,,,385.59997082E-3,0.0,
,,,385.99997759E-3,0.0,,,,,385.99997759E-3,16.0000008E-3,
,,,386.39998436E-3,0.0,,,,,386.39998436E-3,8.000000380E-3,
,,,386.79999113E-3,8.000000380E-3,,,,,386.79999113E-3,-4.00000019E-3,
,,,387.19996810E-3,8.000000380E-3,,,,,387.19996810E-3,16.0000008E-3,
,,,387.59997487E-3,0.0,,,,,387.59997487E-3,8.000000380E-3,
,,,387.99998164E-3,8.000000380E-3,,,,,387.99998164E-3,-4.00000019E-3,
,,,388.39998841E-3,0.0,,,,,388.39998841E-3,4.00000019E-3,
,,,388.79996538E-3,0.0,,,,,388.79996538E-3,4.00000019E-3,
,,,389.19997215E-3,0.0,,,,,389.19997215E-3,12.0000001E-3,
,,,389.59997892E-3,0.0,,,,,389.59997892E-3,4.00000019E-3,
,,,389.99998569E-3,8.000000380E-3,,,,,389.99998569E-3,4.00000019E-3,
,,,390.39996266E-3,8.000000380E-3,,,,,390.39996266E-3,8.000000380E-3,
,,,390.79996943E-3,8.000000380E-3,,,,,390.79996943E-3,24.00000021E-3,
,,,391.19997621E-3,-8.000000380E-3,,,,,391.19997621E-3,12.0000001E-3,
,,,391.59998298E-3,-8.000000380E-3,,,,,391.59998298E-3,-4.00000019E-3,
,,,391.99998975E-3,8.000000380E-3,,,,,391.99998975E-3,12.0000001E-3,
,,,392.39996672E-3,0.0,,,,,392.39996672E-3,8.000000380E-3,
,,,392.79997349E-3,8.000000380E-3,,,,,392.79997349E-3,12.0000001E-3,
,,,393.19998026E-3,0.0,,,,,393.19998026E-3,8.000000380E-3,
,,,393.59998703E-3,0.0,,,,,393.59998703E-3,8.000000380E-3,
,,,393.99996400E-3,-8.000000380E-3,,,,,393.99996400E-3,0.0,
,,,394.39997077E-3,-8.000000380E-3,,,,,394.39997077E-3,-12.0000001E-3,
,,,394.79997754E-3,0.0,,,,,394.79997754E-3,-4.00000019E-3,
,,,395.19998431E-3,0.0,,,,,395.19998431E-3,12.0000001E-3,
,,,395.59999108E-3,8.000000380E-3,,,,,395.59999108E-3,12.0000001E-3,
,,,395.99996805E-3,0.0,,,,,395.99996805E-3,12.0000001E-3,
,,,396.39997482E-3,0.0,,,,,396.39997482E-3,12.0000001E-3,
,,,396.79998159E-3,0.0,,,,,396.79998159E-3,0.0,
,,,397.19998837E-3,0.0,,,,,397.19998837E-3,0.0,
,,,397.59996533E-3,0.0,,,,,397.59996533E-3,12.0000001E-3,
,,,397.99997211E-3,0.0,,,,,397.99997211E-3,16.0000008E-3,
,,,398.39997888E-3,8.000000380E-3,,,,,398.39997888E-3,16.0000008E-3,
,,,398.79998565E-3,0.0,,,,,398.79998565E-3,8.000000380E-3,
,,,399.19996262E-3,16.0000008E-3,,,,,399.19996262E-3,28.00000086E-3,
,,,399.59996939E-3,8.000000380E-3,,,,,399.59996939E-3,28.00000086E-3,
,,,399.99997616E-3,0.0,,,,,399.99997616E-3,-4.00000019E-3,
,,,400.39998293E-3,8.000000380E-3,,,,,400.39998293E-3,4.00000019E-3,
,,,400.79998970E-3,8.000000380E-3,,,,,400.79998970E-3,16.0000008E-3,
,,,401.19996667E-3,8.000000380E-3,,,,,401.19996667E-3,16.0000008E-3,
,,,401.59997344E-3,8.000000380E-3,,,,,401.59997344E-3,4.00000019E-3,
,,,401.99998021E-3,8.000000380E-3,,,,,401.99998021E-3,12.0000001E-3,
,,,402.39998698E-3,8.000000380E-3,,,,,402.39998698E-3,8.000000380E-3,
,,,402.79996395E-3,16.0000008E-3,,,,,402.79996395E-3,16.0000008E-3,
,,,403.19997072E-3,0.0,,,,,403.19997072E-3,-8.000000380E-3,
,,,403.599977493E-3,-8.000000380E-3,,,,,403.599977493E-3,-4.00000019E-3,
,,,403.999984264E-3,0.0,,,,,403.999984264E-3,8.000000380E-3,
,,,404.399991035E-3,0.0,,,,,404.399991035E-3,-4.00000019E-3,
,,,404.799968004E-3,0.0,,,,,404.799968004E-3,4.00000019E-3,
,,,405.199974775E-3,0.0,,,,,405.199974775E-3,-4.00000019E-3,
,,,405.599981546E-3,8.000000380E-3,,,,,405.599981546E-3,8.000000380E-3,
,,,405.999988317E-3,0.0,,,,,405.999988317E-3,8.000000380E-3,
,,,406.399965286E-3,0.0,,,,,406.399965286E-3,0.0,
,,,406.799972057E-3,8.000000380E-3,,,,,406.799972057E-3,12.0000001E-3,
,,,407.199978828E-3,8.000000380E-3,,,,,407.199978828E-3,8.000000380E-3,
,,,407.599985600E-3,0.0,,,,,407.599985600E-3,-4.00000019E-3,
,,,407.999962568E-3,0.0,,,,,407.999962568E-3,12.0000001E-3,
,,,408.399969339E-3,8.000000380E-3,,,,,408.399969339E-3,8.000000380E-3,
,,,408.799976110E-3,0.0,,,,,408.799976110E-3,8.000000380E-3,
,,,409.199982882E-3,8.000000380E-3,,,,,409.199982882E-3,8.000000380E-3,
,,,409.599989653E-3,8.000000380E-3,,,,,409.599989653E-3,20.0000014E-3,
,,,409.999966621E-3,0.0,,,,,409.999966621E-3,-4.00000019E-3,
,,,410.399973392E-3,8.000000380E-3,,,,,410.399973392E-3,8.000000380E-3,
,,,410.799980164E-3,0.0,,,,,410.799980164E-3,0.0,
,,,411.199986935E-3,0.0,,,,,411.199986935E-3,-4.00000019E-3,
,,,411.599963903E-3,8.000000380E-3,,,,,411.599963903E-3,16.0000008E-3,
,,,411.999970675E-3,0.0,,,,,411.999970675E-3,4.00000019E-3,
,,,412.399977446E-3,-8.000000380E-3,,,,,412.399977446E-3,4.00000019E-3,
,,,412.799984217E-3,0.0,,,,,412.799984217E-3,24.00000021E-3,
,,,413.199990988E-3,8.000000380E-3,,,,,413.199990988E-3,12.0000001E-3,
,,,413.599967957E-3,0.0,,,,,413.599967957E-3,12.0000001E-3,
,,,413.999974728E-3,16.0000008E-3,,,,,413.999974728E-3,16.0000008E-3,
,,,414.399981499E-3,0.0,,,,,414.399981499E-3,8.000000380E-3,
,,,414.799988270E-3,0.0,,,,,414.799988270E-3,8.000000380E-3,
,,,415.199965239E-3,0.0,,,,,415.199965239E-3,0.0,
,,,415.599972010E-3,8.000000380E-3,,,,,415.599972010E-3,12.0000001E-3,
,,,415.999978781E-3,8.000000380E-3,,,,,415.999978781E-3,16.0000008E-3,
,,,416.399985552E-3,0.0,,,,,416.399985552E-3,8.000000380E-3,
,,,416.799962521E-3,8.000000380E-3,,,,,416.799962521E-3,12.0000001E-3,
,,,417.199969292E-3,0.0,,,,,417.199969292E-3,4.00000019E-3,
,,,417.599976063E-3,8.000000380E-3,,,,,417.599976063E-3,8.000000380E-3,
,,,417.999982834E-3,0.0,,,,,417.999982834E-3,-4.00000019E-3,
,,,418.399989605E-3,0.0,,,,,418.399989605E-3,-8.000000380E-3,
,,,418.799966574E-3,0.0,,,,,418.799966574E-3,0.0,
,,,419.199973345E-3,8.000000380E-3,,,,,419.199973345E-3,8.000000380E-3,
,,,419.599980116E-3,8.000000380E-3,,,,,419.599980116E-3,4.00000019E-3,
,,,419.999986887E-3,8.000000380E-3,,,,,419.999986887E-3,0.0,
,,,420.399963856E-3,8.000000380E-3,,,,,420.399963856E-3,16.0000008E-3,
,,,420.799970627E-3,0.0,,,,,420.799970627E-3,4.00000019E-3,
,,,421.199977398E-3,0.0,,,,,421.199977398E-3,4.00000019E-3,
,,,421.599984169E-3,8.000000380E-3,,,,,421.599984169E-3,0.0,
,,,421.999990940E-3,0.0,,,,,421.999990940E-3,12.0000001E-3,
,,,422.399967909E-3,8.000000380E-3,,,,,422.399967909E-3,16.0000008E-3,
,,,422.799974680E-3,0.0,,,,,422.799974680E-3,-4.00000019E-3,
,,,423.199981451E-3,0.0,,,,,423.199981451E-3,8.000000380E-3,
,,,423.599988222E-3,8.000000380E-3,,,,,423.599988222E-3,8.000000380E-3,
,,,423.999965191E-3,8.000000380E-3,,,,,423.999965191E-3,8.000000380E-3,
,,,424.399971962E-3,0.0,,,,,424.399971962E-3,0.0,
,,,424.799978733E-3,8.000000380E-3,,,,,424.799978733E-3,4.00000019E-3,
,,,425.199985504E-3,0.0,,,,,425.199985504E-3,-4.00000019E-3,
,,,425.599962473E-3,0.0,,,,,425.599962473E-3,8.000000380E-3,
,,,425.999969244E-3,8.000000380E-3,,,,,425.999969244E-3,8.000000380E-3,
,,,426.399976015E-3,0.0,,,,,426.399976015E-3,0.0,
,,,426.799982786E-3,0.0,,,,,426.799982786E-3,4.00000019E-3,
,,,427.199989557E-3,0.0,,,,,427.199989557E-3,0.0,
,,,427.599966526E-3,0.0,,,,,427.599966526E-3,12.0000001E-3,
,,,427.999973297E-3,0.0,,,,,427.999973297E-3,4.00000019E-3,
,,,428.399980068E-3,0.0,,,,,428.399980068E-3,-4.00000019E-3,
,,,428.799986839E-3,8.000000380E-3,,,,,428.799986839E-3,0.0,
,,,429.199963808E-3,0.0,,,,,429.199963808E-3,4.00000019E-3,
,,,429.599970579E-3,0.0,,,,,429.599970579E-3,8.000000380E-3,
,,,429.999977350E-3,0.0,,,,,429.999977350E-3,8.000000380E-3,
,,,430.399984121E-3,0.0,,,,,430.399984121E-3,0.0,
,,,430.799990892E-3,0.0,,,,,430.799990892E-3,-4.00000019E-3,
,,,431.199967861E-3,0.0,,,,,431.199967861E-3,4.00000019E-3,
,,,431.599974632E-3,8.000000380E-3,,,,,431.599974632E-3,8.000000380E-3,
,,,431.999981403E-3,0.0,,,,,431.999981403E-3,0.0,
,,,432.399988174E-3,0.0,,,,,432.399988174E-3,12.0000001E-3,
,,,432.799965143E-3,0.0,,,,,432.799965143E-3,4.00000019E-3,
,,,433.199971914E-3,8.000000380E-3,,,,,433.199971914E-3,12.0000001E-3,
,,,433.599978685E-3,0.0,,,,,433.599978685E-3,8.000000380E-3,
,,,433.999985456E-3,8.000000380E-3,,,,,433.999985456E-3,16.0000008E-3,
,,,434.399962425E-3,16.0000008E-3,,,,,434.399962425E-3,8.000000380E-3,
,,,434.799969196E-3,8.000000380E-3,,,,,434.799969196E-3,16.0000008E-3,
,,,435.199975967E-3,-8.000000380E-3,,,,,435.199975967E-3,8.000000380E-3,
,,,435.599982738E-3,8.000000380E-3,,,,,435.599982738E-3,-4.00000019E-3,
,,,435.999989510E-3,0.0,,,,,435.999989510E-3,-8.000000380E-3,
,,,436.399966478E-3,8.000000380E-3,,,,,436.399966478E-3,-4.00000019E-3,
,,,436.799973249E-3,8.000000380E-3,,,,,436.799973249E-3,8.000000380E-3,
,,,437.199980021E-3,8.000000380E-3,,,,,437.199980021E-3,0.0,
,,,437.599986792E-3,8.000000380E-3,,,,,437.599986792E-3,16.0000008E-3,
,,,437.999963760E-3,0.0,,,,,437.999963760E-3,24.00000021E-3,
,,,438.399970531E-3,0.0,,,,,438.399970531E-3,0.0,
,,,438.799977303E-3,0.0,,,,,438.799977303E-3,12.0000001E-3,
,,,439.199984074E-3,0.0,,,,,439.199984074E-3,8.000000380E-3,
,,,439.599990845E-3,0.0,,,,,439.599990845E-3,8.000000380E-3,
,,,439.999967813E-3,0.0,,,,,439.999967813E-3,0.0,
,,,440.399974585E-3,8.000000380E-3,,,,,440.399974585E-3,8.000000380E-3,
,,,440.799981356E-3,8.000000380E-3,,,,,440.799981356E-3,16.0000008E-3,
,,,441.199988127E-3,-8.000000380E-3,,,,,441.199988127E-3,-4.00000019E-3,
,,,441.599965096E-3,0.0,,,,,441.599965096E-3,0.0,
,,,441.999971867E-3,16.0000008E-3,,,,,441.999971867E-3,12.0000001E-3,
,,,442.399978638E-3,8.000000380E-3,,,,,442.399978638E-3,20.0000014E-3,
,,,442.799985409E-3,-8.000000380E-3,,,,,442.799985409E-3,0.0,
,,,443.199962378E-3,0.0,,,,,443.199962378E-3,0.0,
,,,443.599969149E-3,0.0,,,,,443.599969149E-3,4.00000019E-3,
,,,443.999975920E-3,0.0,,,,,443.999975920E-3,0.0,
,,,444.399982691E-3,8.000000380E-3,,,,,444.399982691E-3,8.000000380E-3,
,,,444.799989462E-3,0.0,,,,,444.799989462E-3,0.0,
,,,445.199966431E-3,0.0,,,,,445.199966431E-3,8.000000380E-3,
,,,445.599973202E-3,0.0,,,,,445.599973202E-3,-4.00000019E-3,
,,,445.999979973E-3,16.0000008E-3,,,,,445.999979973E-3,12.0000001E-3,
,,,446.399986744E-3,0.0,,,,,446.399986744E-3,8.000000380E-3,
,,,446.799963713E-3,16.0000008E-3,,,,,446.799963713E-3,8.000000380E-3,
,,,447.199970484E-3,0.0,,,,,447.199970484E-3,-16.0000008E-3,
,,,447.599977255E-3,0.0,,,,,447.599977255E-3,4.00000019E-3,
,,,447.999984026E-3,0.0,,,,,447.999984026E-3,0.0,
,,,448.399990797E-3,8.000000380E-3,,,,,448.399990797E-3,16.0000008E-3,
,,,448.799967766E-3,0.0,,,,,448.799967766E-3,0.0,
,,,449.199974537E-3,0.0,,,,,449.199974537E-3,4.00000019E-3,
,,,449.599981308E-3,0.0,,,,,449.599981308E-3,8.000000380E-3,
,,,449.999988079E-3,8.000000380E-3,,,,,449.999988079E-3,8.000000380E-3,
,,,450.399965048E-3,0.0,,,,,450.399965048E-3,12.0000001E-3,
,,,450.799971819E-3,8.000000380E-3,,,,,450.799971819E-3,8.000000380E-3,
,,,451.199978590E-3,8.000000380E-3,,,,,451.199978590E-3,16.0000008E-3,
,,,451.599985361E-3,8.000000380E-3,,,,,451.599985361E-3,0.0,
,,,451.999962330E-3,8.000000380E-3,,,,,451.999962330E-3,12.0000001E-3,
,,,452.399969101E-3,8.000000380E-3,,,,,452.399969101E-3,-4.00000019E-3,
,,,452.799975872E-3,0.0,,,,,452.799975872E-3,4.00000019E-3,
,,,453.199982643E-3,8.000000380E-3,,,,,453.199982643E-3,16.0000008E-3,
,,,453.599989414E-3,8.000000380E-3,,,,,453.599989414E-3,12.0000001E-3,
,,,453.999966383E-3,0.0,,,,,453.999966383E-3,8.000000380E-3,
,,,454.399973154E-3,8.000000380E-3,,,,,454.399973154E-3,12.0000001E-3,
,,,454.799979925E-3,0.0,,,,,454.799979925E-3,12.0000001E-3,
,,,455.199986696E-3,-8.000000380E-3,,,,,455.199986696E-3,-4.00000019E-3,
,,,455.599963665E-3,0.0,,,,,455.599963665E-3,-8.000000380E-3,
,,,455.999970436E-3,0.0,,,,,455.999970436E-3,4.00000019E-3,
,,,456.399977207E-3,0.0,,,,,456.399977207E-3,12.0000001E-3,
,,,456.799983978E-3,0.0,,,,,456.799983978E-3,12.0000001E-3,
,,,457.199960947E-3,0.0,,,,,457.199960947E-3,8.000000380E-3,
,,,457.599967718E-3,8.000000380E-3,,,,,457.599967718E-3,8.000000380E-3,
,,,457.999974489E-3,8.000000380E-3,,,,,457.999974489E-3,12.0000001E-3,
,,,458.399981260E-3,0.0,,,,,458.399981260E-3,8.000000380E-3,
,,,458.799988031E-3,0.0,,,,,458.799988031E-3,0.0,
,,,459.199965000E-3,0.0,,,,,459.199965000E-3,20.0000014E-3,
,,,459.599971771E-3,0.0,,,,,459.599971771E-3,-4.00000019E-3,
,,,459.999978542E-3,8.000000380E-3,,,,,459.999978542E-3,8.000000380E-3,
,,,460.399985313E-3,0.0,,,,,460.399985313E-3,0.0,
,,,460.799962282E-3,8.000000380E-3,,,,,460.799962282E-3,-4.00000019E-3,
,,,461.199969053E-3,8.000000380E-3,,,,,461.199969053E-3,4.00000019E-3,
,,,461.599975824E-3,0.0,,,,,461.599975824E-3,4.00000019E-3,
,,,461.999982595E-3,0.0,,,,,461.999982595E-3,20.0000014E-3,
,,,462.399989367E-3,0.0,,,,,462.399989367E-3,4.00000019E-3,
,,,462.799966335E-3,0.0,,,,,462.799966335E-3,16.0000008E-3,
,,,463.199973106E-3,8.000000380E-3,,,,,463.199973106E-3,4.00000019E-3,
,,,463.599979877E-3,0.0,,,,,463.599979877E-3,8.000000380E-3,
,,,463.999986649E-3,8.000000380E-3,,,,,463.999986649E-3,4.00000019E-3,
,,,464.399963617E-3,0.0,,,,,464.399963617E-3,0.0,
,,,464.799970388E-3,0.0,,,,,464.799970388E-3,0.0,
,,,465.199977160E-3,16.0000008E-3,,,,,465.199977160E-3,8.000000380E-3,
,,,465.599983931E-3,0.0,,,,,465.599983931E-3,8.000000380E-3,
,,,465.999960899E-3,16.0000008E-3,,,,,465.999960899E-3,16.0000008E-3,
,,,466.399967670E-3,0.0,,,,,466.399967670E-3,8.000000380E-3,
,,,466.799974442E-3,8.000000380E-3,,,,,466.799974442E-3,16.0000008E-3,
,,,467.199981213E-3,0.0,,,,,467.199981213E-3,20.0000014E-3,
,,,467.599987984E-3,8.000000380E-3,,,,,467.599987984E-3,16.0000008E-3,
,,,467.999964952E-3,0.0,,,,,467.999964952E-3,4.00000019E-3,
,,,468.399971724E-3,0.0,,,,,468.399971724E-3,8.000000380E-3,
,,,468.799978495E-3,8.000000380E-3,,,,,468.799978495E-3,8.000000380E-3,
,,,469.199985266E-3,8.000000380E-3,,,,,469.199985266E-3,16.0000008E-3,
,,,469.599962234E-3,0.0,,,,,469.599962234E-3,8.000000380E-3,
,,,469.999969006E-3,8.000000380E-3,,,,,469.999969006E-3,16.0000008E-3,
,,,470.399975777E-3,8.000000380E-3,,,,,470.399975777E-3,4.00000019E-3,
,,,470.799982548E-3,0.0,,,,,470.799982548E-3,4.00000019E-3,
,,,471.199989319E-3,8.000000380E-3,,,,,471.199989319E-3,20.0000014E-3,
,,,471.599966288E-3,0.0,,,,,471.599966288E-3,8.000000380E-3,
,,,471.999973059E-3,8.000000380E-3,,,,,471.999973059E-3,12.0000001E-3,
,,,472.399979830E-3,8.000000380E-3,,,,,472.399979830E-3,4.00000019E-3,
,,,472.799986601E-3,0.0,,,,,472.799986601E-3,16.0000008E-3,
,,,473.199963570E-3,0.0,,,,,473.199963570E-3,4.00000019E-3,
,,,473.599970341E-3,8.000000380E-3,,,,,473.599970341E-3,12.0000001E-3,
,,,473.999977112E-3,0.0,,,,,473.999977112E-3,-8.000000380E-3,
,,,474.399983883E-3,8.000000380E-3,,,,,474.399983883E-3,20.0000014E-3,
,,,474.799960852E-3,8.000000380E-3,,,,,474.799960852E-3,4.00000019E-3,
,,,475.199967623E-3,0.0,,,,,475.199967623E-3,12.0000001E-3,
,,,475.599974394E-3,0.0,,,,,475.599974394E-3,4.00000019E-3,
,,,475.999981165E-3,8.000000380E-3,,,,,475.999981165E-3,-4.00000019E-3,
,,,476.399987936E-3,0.0,,,,,476.399987936E-3,-8.000000380E-3,
,,,476.799964905E-3,0.0,,,,,476.799964905E-3,16.0000008E-3,
,,,477.199971676E-3,0.0,,,,,477.199971676E-3,0.0,
,,,477.599978447E-3,0.0,,,,,477.599978447E-3,8.000000380E-3,
,,,477.999985218E-3,16.0000008E-3,,,,,477.999985218E-3,16.0000008E-3,
,,,478.399962187E-3,0.0,,,,,478.399962187E-3,8.000000380E-3,
,,,478.799968958E-3,8.000000380E-3,,,,,478.799968958E-3,12.0000001E-3,
,,,479.199975729E-3,16.0000008E-3,,,,,479.199975729E-3,16.0000008E-3,
,,,479.599982500E-3,16.0000008E-3,,,,,479.599982500E-3,8.000000380E-3,
,,,479.999989271E-3,8.000000380E-3,,,,,479.999989271E-3,12.0000001E-3,
,,,480.399966240E-3,-8.000000380E-3,,,,,480.399966240E-3,-8.000000380E-3,
,,,480.799973011E-3,0.0,,,,,480.799973011E-3,-4.00000019E-3,
,,,481.199979782E-3,8.000000380E-3,,,,,481.199979782E-3,4.00000019E-3,
,,,481.599986553E-3,0.0,,,,,481.599986553E-3,0.0,
,,,481.999963522E-3,0.0,,,,,481.999963522E-3,4.00000019E-3,
,,,482.399970293E-3,8.000000380E-3,,,,,482.399970293E-3,-8.000000380E-3,
,,,482.799977064E-3,0.0,,,,,482.799977064E-3,-8.000000380E-3,
,,,483.199983835E-3,0.0,,,,,483.199983835E-3,16.0000008E-3,
,,,483.599960804E-3,0.0,,,,,483.599960804E-3,16.0000008E-3,
,,,483.999967575E-3,0.0,,,,,483.999967575E-3,-8.000000380E-3,
,,,484.399974346E-3,8.000000380E-3,,,,,484.399974346E-3,-4.00000019E-3,
,,,484.799981117E-3,16.0000008E-3,,,,,484.799981117E-3,16.0000008E-3,
,,,485.199987888E-3,0.0,,,,,485.199987888E-3,16.0000008E-3,
,,,485.599964857E-3,8.000000380E-3,,,,,485.599964857E-3,0.0,
,,,485.999971628E-3,0.0,,,,,485.999971628E-3,8.000000380E-3,
,,,486.399978399E-3,8.000000380E-3,,,,,486.399978399E-3,8.000000380E-3,
,,,486.799985170E-3,16.0000008E-3,,,,,486.799985170E-3,20.0000014E-3,
,,,487.199962139E-3,0.0,,,,,487.199962139E-3,4.00000019E-3,
,,,487.599968910E-3,0.0,,,,,487.599968910E-3,8.000000380E-3,
,,,487.999975681E-3,8.000000380E-3,,,,,487.999975681E-3,4.00000019E-3,
,,,488.399982452E-3,0.0,,,,,488.399982452E-3,0.0,
,,,488.799989223E-3,8.000000380E-3,,,,,488.799989223E-3,8.000000380E-3,
,,,489.199966192E-3,8.000000380E-3,,,,,489.199966192E-3,12.0000001E-3,
,,,489.599972963E-3,16.0000008E-3,,,,,489.599972963E-3,16.0000008E-3,
,,,489.999979734E-3,8.000000380E-3,,,,,489.999979734E-3,0.0,
,,,490.399986506E-3,8.000000380E-3,,,,,490.399986506E-3,8.000000380E-3,
,,,490.799963474E-3,0.0,,,,,490.799963474E-3,8.000000380E-3,
,,,491.199970245E-3,8.000000380E-3,,,,,491.199970245E-3,8.000000380E-3,
,,,491.599977016E-3,8.000000380E-3,,,,,491.599977016E-3,4.00000019E-3,
,,,491.999983788E-3,0.0,,,,,491.999983788E-3,-4.00000019E-3,
,,,492.399960756E-3,0.0,,,,,492.399960756E-3,-4.00000019E-3,
,,,492.799967527E-3,8.000000380E-3,,,,,492.799967527E-3,20.0000014E-3,
,,,493.199974298E-3,0.0,,,,,493.199974298E-3,16.0000008E-3,
,,,493.599981070E-3,0.0,,,,,493.599981070E-3,4.00000019E-3,
,,,493.999987841E-3,8.000000380E-3,,,,,493.999987841E-3,20.0000014E-3,
,,,494.399964809E-3,16.0000008E-3,,,,,494.399964809E-3,16.0000008E-3,
,,,494.799971581E-3,0.0,,,,,494.799971581E-3,4.00000019E-3,
,,,495.199978352E-3,0.0,,,,,495.199978352E-3,0.0,
,,,495.599985123E-3,8.000000380E-3,,,,,495.599985123E-3,8.000000380E-3,
,,,495.999962091E-3,16.0000008E-3,,,,,495.999962091E-3,16.0000008E-3,
,,,496.399968863E-3,0.0,,,,,496.399968863E-3,0.0,
,,,496.799975634E-3,0.0,,,,,496.799975634E-3,-12.0000001E-3,
,,,497.199982405E-3,0.0,,,,,497.199982405E-3,0.0,
,,,497.599989176E-3,16.0000008E-3,,,,,497.599989176E-3,16.0000008E-3,
,,,497.999966145E-3,0.0,,,,,497.999966145E-3,0.0,
,,,498.399972916E-3,8.000000380E-3,,,,,498.399972916E-3,8.000000380E-3,
,,,498.799979687E-3,8.000000380E-3,,,,,498.799979687E-3,4.00000019E-3,
,,,499.199986458E-3,16.0000008E-3,,,,,499.199986458E-3,4.00000019E-3,
,,,499.599963427E-3,0.0,,,,,499.599963427E-3,4.00000019E-3,
