time_after_trigger_s,time_after_release_s,Vc_V,Vr_V,q_C,I_A,E_J
-0.049999998737499995,-0.057199998737499994,1.016,0.03999999911,0.00046126399999999997,-0.0018018017617117115,0.00023439418406886488
-0.049959998738509995,-0.05715999873850999,1.016,0.0,0.00046126399999999997,-0.0,0.000234322112
-0.049919998739519994,-0.05711999873951999,1.016,0.03999999911,0.00046126399999999997,-0.0018018017617117115,0.00023439418406886488
-0.04987999874052999,-0.05707999874052999,1.016,0.03999999911,0.00046126399999999997,-0.0018018017617117115,0.00023439418406886488
-0.04983999874154,-0.05703999874154,1.016,0.03999999911,0.00046126399999999997,-0.0018018017617117115,0.00023439418406886488
-0.04979999874255,-0.05699999874255,1.016,0.03999999911,0.00046126399999999997,-0.0018018017617117115,0.00023439418406886488
-0.04975999874356,-0.056959998743559996,1.024,0.03999999911,0.00046489599999999996,-0.0018018017617117115,0.00023809882406886483
-0.04971999874457,-0.056919998744569995,1.016,0.03999999911,0.00046126399999999997,-0.0018018017617117115,0.00023439418406886488
-0.04967999874558,-0.056879998745579995,1.016,0.03999999911,0.00046126399999999997,-0.0018018017617117115,0.00023439418406886488
-0.049639998746589996,-0.056839998746589994,1.016,0.03999999911,0.00046126399999999997,-0.0018018017617117115,0.00023439418406886488
-0.049599998747599995,-0.05679999874759999,1.008,0.03999999911,0.00045763199999999997,-0.0018018017617117115,0.0002307186000688649
-0.049559998748609994,-0.05675999874860999,1.016,0.03999999911,0.00046126399999999997,-0.0018018017617117115,0.00023439418406886488
-0.049519998749619994,-0.05671999874961999,1.016,0.0,0.00046126399999999997,-0.0,0.000234322112
-0.04947999875063,-0.05667999875063,1.016,0.0,0.00046126399999999997,-0.0,0.000234322112
-0.04943999875164,-0.05663999875164,1.016,0.03999999911,0.00046126399999999997,-0.0018018017617117115,0.00023439418406886488
-0.04939999875265,-0.056599998752649996,1.024,0.0,0.00046489599999999996,-0.0,0.00023802675199999996
-0.04935999875366,-0.056559998753659996,1.016,0.03999999911,0.00046126399999999997,-0.0018018017617117115,0.00023439418406886488
-0.04931999875467,-0.056519998754669995,1.016,0.03999999911,0.00046126399999999997,-0.0018018017617117115,0.00023439418406886488
-0.049279998755679996,-0.056479998755679994,1.008,0.0,0.00045763199999999997,-0.0,0.00023064652800000002
-0.049239998756689995,-0.056439998756689994,1.008,0.0,0.00045763199999999997,-0.0,0.00023064652800000002
-0.049199998757699995,-0.05639999875769999,1.016,0.0,0.00046126399999999997,-0.0,0.000234322112
-0.049159998758709994,-0.05635999875870999,1.016,0.0,0.00046126399999999997,-0.0,0.000234322112
-0.04911999875971999,-0.05631999875971999,1.016,0.0,0.00046126399999999997,-0.0,0.000234322112
-0.04907999876073,-0.05627999876073,1.008,0.0,0.00045763199999999997,-0.0,0.00023064652800000002
-0.04903999876174,-0.05623999876174,1.008,0.03999999911,0.00045763199999999997,-0.0018018017617117115,0.0002307186000688649
-0.04899999876275,-0.056199998762749996,1.016,0.0,0.00046126399999999997,-0.0,0.000234322112
-0.04895999876376,-0.056159998763759995,1.016,0.0,0.00046126399999999997,-0.0,0.000234322112
-0.04891999876477,-0.056119998764769995,1.008,0.0,0.00045763199999999997,-0.0,0.00023064652800000002
-0.048879998765779996,-0.056079998765779994,1.016,0.0,0.00046126399999999997,-0.0,0.000234322112
-0.048839998766789995,-0.05603999876678999,1.016,0.0,0.00046126399999999997,-0.0,0.000234322112
-0.048799998767799994,-0.05599999876779999,1.016,0.0,0.00046126399999999997,-0.0,0.000234322112
-0.048759998768809994,-0.05595999876880999,1.016,0.03999999911,0.00046126399999999997,-0.0018018017617117115,0.00023439418406886488
-0.04871999876982,-0.05591999876982,1.016,0.03999999911,0.00046126399999999997,-0.0018018017617117115,0.00023439418406886488
-0.04867999877083,-0.05587999877083,1.016,0.03999999911,0.00046126399999999997,-0.0018018017617117115,0.00023439418406886488
-0.04863999877184,-0.055839998771839996,1.016,0.03999999911,0.00046126399999999997,-0.0018018017617117115,0.00023439418406886488
-0.04859999877285,-0.055799998772849996,1.024,0.0,0.00046489599999999996,-0.0,0.00023802675199999996
-0.04855999877386,-0.055759998773859995,1.016,0.03999999911,0.00046126399999999997,-0.0018018017617117115,0.00023439418406886488
-0.048519998774869996,-0.055719998774869994,1.016,0.03999999911,0.00046126399999999997,-0.0018018017617117115,0.00023439418406886488
-0.048479998775879996,-0.055679998775879994,1.016,0.0,0.00046126399999999997,-0.0,0.000234322112
-0.048439998776889995,-0.05563999877688999,1.024,0.0,0.00046489599999999996,-0.0,0.00023802675199999996
-0.048399998777899994,-0.05559999877789999,1.016,0.0,0.00046126399999999997,-0.0,0.000234322112
-0.04835999877890999,-0.05555999877890999,1.024,0.03999999911,0.00046489599999999996,-0.0018018017617117115,0.00023809882406886483
-0.04831999877992,-0.05551999877992,1.016,0.0,0.00046126399999999997,-0.0,0.000234322112
-0.04827999878093,-0.05547999878093,1.024,0.03999999911,0.00046489599999999996,-0.0018018017617117115,0.00023809882406886483
-0.04823999878194,-0.055439998781939996,1.016,0.03999999911,0.00046126399999999997,-0.0018018017617117115,0.00023439418406886488
-0.04819999878295,-0.055399998782949995,1.008,0.0,0.00045763199999999997,-0.0,0.00023064652800000002
-0.04815999878396,-0.055359998783959995,1.008,0.0,0.00045763199999999997,-0.0,0.00023064652800000002
-0.048119998784969996,-0.055319998784969994,1.016,0.03999999911,0.00046126399999999997,-0.0018018017617117115,0.00023439418406886488
-0.048079998785979995,-0.05527999878597999,1.024,0.03999999911,0.00046489599999999996,-0.0018018017617117115,0.00023809882406886483
-0.048039998786989994,-0.05523999878698999,1.016,0.0,0.00046126399999999997,-0.0,0.000234322112
-0.047999998787999994,-0.05519999878799999,1.016,0.0,0.00046126399999999997,-0.0,0.000234322112
-0.04795999878901,-0.05515999878901,1.016,0.03999999911,0.00046126399999999997,-0.0018018017617117115,0.00023439418406886488
-0.04791999879002,-0.05511999879002,1.016,0.03999999911,0.00046126399999999997,-0.0018018017617117115,0.00023439418406886488
-0.04787999879103,-0.055079998791029997,1.024,0.03999999911,0.00046489599999999996,-0.0018018017617117115,0.00023809882406886483
-0.04783999879204,-0.055039998792039996,1.008,0.0,0.00045763199999999997,-0.0,0.00023064652800000002
-0.04779999879305,-0.054999998793049995,1.024,0.03999999911,0.00046489599999999996,-0.0018018017617117115,0.00023809882406886483
-0.047759998794059996,-0.054959998794059994,1.008,0.03999999911,0.00045763199999999997,-0.0018018017617117115,0.0002307186000688649
-0.047719998795069996,-0.054919998795069994,1.016,0.03999999911,0.00046126399999999997,-0.0018018017617117115,0.00023439418406886488
-0.047679998796079995,-0.05487999879607999,1.016,0.0,0.00046126399999999997,-0.0,0.000234322112
-0.047639998797089994,-0.05483999879708999,1.008,0.0,0.00045763199999999997,-0.0,0.00023064652800000002
-0.04759999879809999,-0.05479999879809999,1.008,0.0,0.00045763199999999997,-0.0,0.00023064652800000002
-0.04755999879911,-0.05475999879911,1.024,0.0,0.00046489599999999996,-0.0,0.00023802675199999996
-0.04751999880012,-0.05471999880012,1.016,0.0,0.00046126399999999997,-0.0,0.000234322112
-0.04747999880113,-0.054679998801129996,1.016,0.0,0.00046126399999999997,-0.0,0.000234322112
-0.04743999880214,-0.054639998802139995,1.008,0.0,0.00045763199999999997,-0.0,0.00023064652800000002
-0.04739999880315,-0.054599998803149995,1.016,0.03999999911,0.00046126399999999997,-0.0018018017617117115,0.00023439418406886488
-0.047359998804159996,-0.054559998804159994,1.016,0.03999999911,0.00046126399999999997,-0.0018018017617117115,0.00023439418406886488
-0.047319998805169995,-0.05451999880516999,1.016,0.03999999911,0.00046126399999999997,-0.0018018017617117115,0.00023439418406886488
-0.047279998806179994,-0.05447999880617999,1.016,0.0,0.00046126399999999997,-0.0,0.000234322112
-0.047239998807189994,-0.05443999880718999,1.008,0.03999999911,0.00045763199999999997,-0.0018018017617117115,0.0002307186000688649
-0.0471999988082,-0.0543999988082,1.008,0.0,0.00045763199999999997,-0.0,0.00023064652800000002
-0.04715999880921,-0.05435999880921,1.016,0.0,0.00046126399999999997,-0.0,0.000234322112
-0.04711999881022,-0.05431999881022,1.016,0.0,0.00046126399999999997,-0.0,0.000234322112
-0.04707999881123,-0.054279998811229996,1.016,0.03999999911,0.00046126399999999997,-0.0018018017617117115,0.00023439418406886488
-0.04703999881224,-0.054239998812239995,1.008,0.0,0.00045763199999999997,-0.0,0.00023064652800000002
-0.046999998813249996,-0.054199998813249994,1.016,0.03999999911,0.00046126399999999997,-0.0018018017617117115,0.00023439418406886488
-0.046959998814259996,-0.054159998814259994,1.024,0.0,0.00046489599999999996,-0.0,0.00023802675199999996
-0.046919998815269995,-0.05411999881526999,1.016,0.03999999911,0.00046126399999999997,-0.0018018017617117115,0.00023439418406886488
-0.046879998816279994,-0.05407999881627999,1.016,0.03999999911,0.00046126399999999997,-0.0018018017617117115,0.00023439418406886488
-0.04683999881728999,-0.05403999881728999,1.008,0.0,0.00045763199999999997,-0.0,0.00023064652800000002
-0.0467999988183,-0.0539999988183,1.016,0.0,0.00046126399999999997,-0.0,0.000234322112
-0.04675999881931,-0.05395999881931,1.008,0.03999999911,0.00045763199999999997,-0.0018018017617117115,0.0002307186000688649
-0.04671999882032,-0.053919998820319996,1.016,0.0,0.00046126399999999997,-0.0,0.000234322112
-0.04667999882133,-0.053879998821329995,1.016,0.0,0.00046126399999999997,-0.0,0.000234322112
-0.04663999882234,-0.053839998822339995,1.016,0.03999999911,0.00046126399999999997,-0.0018018017617117115,0.00023439418406886488
-0.046599998823349996,-0.053799998823349994,1.024,0.03999999911,0.00046489599999999996,-0.0018018017617117115,0.00023809882406886483
-0.046559998824359995,-0.05375999882435999,1.008,0.0,0.00045763199999999997,-0.0,0.00023064652800000002
-0.046519998825369994,-0.05371999882536999,1.016,0.03999999911,0.00046126399999999997,-0.0018018017617117115,0.00023439418406886488
-0.046479998826379994,-0.05367999882637999,1.016,0.03999999911,0.00046126399999999997,-0.0018018017617117115,0.00023439418406886488
-0.04643999882739,-0.05363999882739,1.008,0.03999999911,0.00045763199999999997,-0.0018018017617117115,0.0002307186000688649
-0.0463999988284,-0.0535999988284,1.016,0.0,0.00046126399999999997,-0.0,0.000234322112
-0.04635999882941,-0.05355999882941,1.016,0.0,0.00046126399999999997,-0.0,0.000234322112
-0.04631999883042,-0.053519998830419996,1.016,0.0,0.00046126399999999997,-0.0,0.000234322112
-0.04627999883143,-0.053479998831429995,1.016,0.03999999911,0.00046126399999999997,-0.0018018017617117115,0.00023439418406886488
-0.046239998832439996,-0.053439998832439994,1.016,0.0,0.00046126399999999997,-0.0,0.000234322112
-0.046199998833449996,-0.053399998833449994,1.016,0.0,0.00046126399999999997,-0.0,0.000234322112
-0.046159998834459995,-0.05335999883445999,1.024,0.03999999911,0.00046489599999999996,-0.0018018017617117115,0.00023809882406886483
-0.046119998835469994,-0.05331999883546999,1.008,0.0,0.00045763199999999997,-0.0,0.00023064652800000002
-0.04607999883647999,-0.05327999883647999,1.008,0.0,0.00045763199999999997,-0.0,0.00023064652800000002
-0.04603999883749,-0.05323999883749,1.016,0.0,0.00046126399999999997,-0.0,0.000234322112
-0.0459999988385,-0.0531999988385,1.024,0.03999999911,0.00046489599999999996,-0.0018018017617117115,0.00023809882406886483
-0.04595999883951,-0.053159998839509996,1.008,0.03999999911,0.00045763199999999997,-0.0018018017617117115,0.0002307186000688649
-0.04591999884052,-0.053119998840519995,1.008,0.03999999911,0.00045763199999999997,-0.0018018017617117115,0.0002307186000688649
-0.04587999884153,-0.053079998841529995,1.024,0.0,0.00046489599999999996,-0.0,0.00023802675199999996
-0.045839998842539996,-0.053039998842539994,1.016,0.03999999911,0.00046126399999999997,-0.0018018017617117115,0.00023439418406886488
-0.045799998843549995,-0.05299999884354999,1.016,0.03999999911,0.00046126399999999997,-0.0018018017617117115,0.00023439418406886488
-0.045759998844559995,-0.05295999884455999,1.016,0.03999999911,0.00046126399999999997,-0.0018018017617117115,0.00023439418406886488
-0.045719998845569994,-0.05291999884556999,1.016,0.0,0.00046126399999999997,-0.0,0.000234322112
-0.04567999884658,-0.05287999884658,1.008,0.03999999911,0.00045763199999999997,-0.0018018017617117115,0.0002307186000688649
-0.04563999884759,-0.05283999884759,1.016,0.03999999911,0.00046126399999999997,-0.0018018017617117115,0.00023439418406886488
-0.0455999988486,-0.0527999988486,1.016,0.03999999911,0.00046126399999999997,-0.0018018017617117115,0.00023439418406886488
-0.04555999884961,-0.052759998849609996,1.024,0.0,0.00046489599999999996,-0.0,0.00023802675199999996
-0.04551999885062,-0.052719998850619995,1.016,0.03999999911,0.00046126399999999997,-0.0018018017617117115,0.00023439418406886488
-0.045479998851629996,-0.052679998851629994,1.008,0.03999999911,0.00045763199999999997,-0.0018018017617117115,0.0002307186000688649
-0.045439998852639996,-0.052639998852639994,1.008,0.0,0.00045763199999999997,-0.0,0.00023064652800000002
-0.045399998853649995,-0.05259999885364999,1.016,0.03999999911,0.00046126399999999997,-0.0018018017617117115,0.00023439418406886488
-0.045359998854659994,-0.05255999885465999,1.016,0.03999999911,0.00046126399999999997,-0.0018018017617117115,0.00023439418406886488
-0.04531999885567,-0.05251999885567,1.016,0.0,0.00046126399999999997,-0.0,0.000234322112
-0.04527999885668,-0.05247999885668,1.016,0.0,0.00046126399999999997,-0.0,0.000234322112
-0.04523999885769,-0.05243999885769,1.008,0.0,0.00045763199999999997,-0.0,0.00023064652800000002
-0.0451999988587,-0.052399998858699996,1.016,0.0,0.00046126399999999997,-0.0,0.000234322112
-0.04515999885971,-0.052359998859709996,1.016,0.03999999911,0.00046126399999999997,-0.0018018017617117115,0.00023439418406886488
-0.04511999886072,-0.052319998860719995,1.016,0.0,0.00046126399999999997,-0.0,0.000234322112
-0.045079998861729996,-0.052279998861729994,1.016,0.0,0.00046126399999999997,-0.0,0.000234322112
-0.045039998862739995,-0.05223999886273999,1.016,0.03999999911,0.00046126399999999997,-0.0018018017617117115,0.00023439418406886488
-0.044999998863749995,-0.05219999886374999,1.008,0.0,0.00045763199999999997,-0.0,0.00023064652800000002
-0.044959998864759994,-0.05215999886475999,1.016,0.03999999911,0.00046126399999999997,-0.0018018017617117115,0.00023439418406886488
-0.04491999886577,-0.05211999886577,1.016,0.03999999911,0.00046126399999999997,-0.0018018017617117115,0.00023439418406886488
-0.04487999886678,-0.05207999886678,1.008,0.03999999911,0.00045763199999999997,-0.0018018017617117115,0.0002307186000688649
-0.04483999886779,-0.05203999886779,1.0320001,0.0,0.0004685280454,-0.0,0.0002417604948528023
-0.0447999988688,-0.051999998868799996,1.016,0.03999999911,0.00046126399999999997,-0.0018018017617117115,0.00023439418406886488
-0.04475999886981,-0.051959998869809995,1.008,0.03999999911,0.00045763199999999997,-0.0018018017617117115,0.0002307186000688649
-0.044719998870819996,-0.051919998870819994,1.016,0.03999999911,0.00046126399999999997,-0.0018018017617117115,0.00023439418406886488
-0.044679998871829996,-0.051879998871829994,1.008,0.03999999911,0.00045763199999999997,-0.0018018017617117115,0.0002307186000688649
-0.044639998872839995,-0.05183999887283999,1.008,0.0,0.00045763199999999997,-0.0,0.00023064652800000002
-0.044599998873849994,-0.05179999887384999,1.008,0.0,0.00045763199999999997,-0.0,0.00023064652800000002
-0.04455999887486,-0.05175999887486,1.016,0.03999999911,0.00046126399999999997,-0.0018018017617117115,0.00023439418406886488
-0.04451999887587,-0.05171999887587,1.024,0.03999999911,0.00046489599999999996,-0.0018018017617117115,0.00023809882406886483
-0.04447999887688,-0.05167999887688,1.016,0.03999999911,0.00046126399999999997,-0.0018018017617117115,0.00023439418406886488
-0.04443999887789,-0.051639998877889996,1.024,0.03999999911,0.00046489599999999996,-0.0018018017617117115,0.00023809882406886483
-0.0443999988789,-0.051599998878899996,1.016,0.03999999911,0.00046126399999999997,-0.0018018017617117115,0.00023439418406886488
-0.04435999887991,-0.051559998879909995,1.016,0.0,0.00046126399999999997,-0.0,0.000234322112
-0.044319998880919996,-0.051519998880919994,1.016,0.0,0.00046126399999999997,-0.0,0.000234322112
-0.044279998881929995,-0.05147999888192999,1.016,0.03999999911,0.00046126399999999997,-0.0018018017617117115,0.00023439418406886488
-0.044239998882939995,-0.05143999888293999,1.024,0.03999999911,0.00046489599999999996,-0.0018018017617117115,0.00023809882406886483
-0.044199998883949994,-0.05139999888394999,1.016,0.03999999911,0.00046126399999999997,-0.0018018017617117115,0.00023439418406886488
-0.04415999888496,-0.05135999888496,1.016,0.03999999911,0.00046126399999999997,-0.0018018017617117115,0.00023439418406886488
-0.04411999888597,-0.05131999888597,1.016,0.0,0.00046126399999999997,-0.0,0.000234322112
-0.04407999888698,-0.05127999888698,1.016,0.03999999911,0.00046126399999999997,-0.0018018017617117115,0.00023439418406886488
-0.04403999888799,-0.051239998887989996,1.016,0.03999999911,0.00046126399999999997,-0.0018018017617117115,0.00023439418406886488
-0.043999998889,-0.051199998888999995,1.016,0.0,0.00046126399999999997,-0.0,0.000234322112
-0.043959998890009996,-0.051159998890009994,1.016,0.03999999911,0.00046126399999999997,-0.0018018017617117115,0.00023439418406886488
-0.043919998891019996,-0.051119998891019994,1.016,0.0,0.00046126399999999997,-0.0,0.000234322112
-0.043879998892029995,-0.05107999889202999,1.016,0.0,0.00046126399999999997,-0.0,0.000234322112
-0.043839998893039994,-0.05103999889303999,1.016,0.03999999911,0.00046126399999999997,-0.0018018017617117115,0.00023439418406886488
-0.04379999889405,-0.05099999889405,1.024,0.03999999911,0.00046489599999999996,-0.0018018017617117115,0.00023809882406886483
-0.04375999889506,-0.05095999889506,1.024,0.03999999911,0.00046489599999999996,-0.0018018017617117115,0.00023809882406886483
-0.04371999889607,-0.05091999889607,1.008,0.03999999911,0.00045763199999999997,-0.0018018017617117115,0.0002307186000688649
-0.04367999889708,-0.050879998897079996,1.024,0.03999999911,0.00046489599999999996,-0.0018018017617117115,0.00023809882406886483
-0.04363999889809,-0.050839998898089996,1.016,0.0,0.00046126399999999997,-0.0,0.000234322112
-0.0435999988991,-0.050799998899099995,1.016,0.0,0.00046126399999999997,-0.0,0.000234322112
-0.043559998900109996,-0.050759998900109994,1.016,0.03999999911,0.00046126399999999997,-0.0018018017617117115,0.00023439418406886488
-0.043519998901119995,-0.05071999890111999,1.016,0.03999999911,0.00046126399999999997,-0.0018018017617117115,0.00023439418406886488
-0.043479998902129995,-0.05067999890212999,1.016,0.03999999911,0.00046126399999999997,-0.0018018017617117115,0.00023439418406886488
-0.043439998903139994,-0.05063999890313999,1.016,0.03999999911,0.00046126399999999997,-0.0018018017617117115,0.00023439418406886488
-0.04339999890415,-0.05059999890415,1.024,0.03999999911,0.00046489599999999996,-0.0018018017617117115,0.00023809882406886483
-0.04335999890516,-0.05055999890516,1.016,0.03999999911,0.00046126399999999997,-0.0018018017617117115,0.00023439418406886488
-0.04331999890617,-0.05051999890617,1.016,0.0,0.00046126399999999997,-0.0,0.000234322112
-0.04327999890718,-0.050479998907179996,1.008,0.0,0.00045763199999999997,-0.0,0.00023064652800000002
-0.04323999890819,-0.050439998908189995,1.016,0.03999999911,0.00046126399999999997,-0.0018018017617117115,0.00023439418406886488
-0.043199998909199996,-0.050399998909199994,1.024,0.03999999911,0.00046489599999999996,-0.0018018017617117115,0.00023809882406886483
-0.043159998910209996,-0.050359998910209994,1.016,0.03999999911,0.00046126399999999997,-0.0018018017617117115,0.00023439418406886488
-0.043119998911219995,-0.05031999891121999,1.008,0.0,0.00045763199999999997,-0.0,0.00023064652800000002
-0.043079998912229994,-0.05027999891222999,1.016,0.0,0.00046126399999999997,-0.0,0.000234322112
-0.04303999891324,-0.05023999891324,1.016,0.0,0.00046126399999999997,-0.0,0.000234322112
-0.04299999891425,-0.05019999891425,1.016,0.03999999911,0.00046126399999999997,-0.0018018017617117115,0.00023439418406886488
-0.04295999891526,-0.05015999891526,1.008,0.0,0.00045763199999999997,-0.0,0.00023064652800000002
-0.04291999891627,-0.050119998916269996,1.016,0.03999999911,0.00046126399999999997,-0.0018018017617117115,0.00023439418406886488
-0.04287999891728,-0.050079998917279996,1.016,0.0,0.00046126399999999997,-0.0,0.000234322112
-0.04283999891829,-0.050039998918289995,1.016,0.03999999911,0.00046126399999999997,-0.0018018017617117115,0.00023439418406886488
-0.042799998919299996,-0.049999998919299994,1.016,0.0,0.00046126399999999997,-0.0,0.000234322112
-0.042759998920309995,-0.04995999892030999,1.016,0.03999999911,0.00046126399999999997,-0.0018018017617117115,0.00023439418406886488
-0.042719998921319995,-0.04991999892131999,1.008,0.0,0.00045763199999999997,-0.0,0.00023064652800000002
-0.042679998922329994,-0.04987999892232999,1.008,0.03999999911,0.00045763199999999997,-0.0018018017617117115,0.0002307186000688649
-0.04263999892334,-0.04983999892334,1.016,0.0,0.00046126399999999997,-0.0,0.000234322112
-0.04259999892435,-0.04979999892435,1.008,0.0,0.00045763199999999997,-0.0,0.00023064652800000002
-0.04255999892536,-0.04975999892536,1.008,0.0,0.00045763199999999997,-0.0,0.00023064652800000002
-0.04251999892637,-0.049719998926369996,1.016,0.0,0.00046126399999999997,-0.0,0.000234322112
-0.04247999892738,-0.049679998927379995,1.016,0.0,0.00046126399999999997,-0.0,0.000234322112
-0.042439998928389996,-0.049639998928389995,1.016,0.0,0.00046126399999999997,-0.0,0.000234322112
-0.042399998929399996,-0.049599998929399994,1.016,0.03999999911,0.00046126399999999997,-0.0018018017617117115,0.00023439418406886488
-0.042359998930409995,-0.04955999893040999,1.008,0.0,0.00045763199999999997,-0.0,0.00023064652800000002
-0.042319998931419994,-0.04951999893141999,1.008,0.0,0.00045763199999999997,-0.0,0.00023064652800000002
-0.04227999893243,-0.04947999893243,1.016,0.03999999911,0.00046126399999999997,-0.0018018017617117115,0.00023439418406886488
-0.04223999893344,-0.04943999893344,1.016,0.0,0.00046126399999999997,-0.0,0.000234322112
-0.04219999893445,-0.04939999893445,1.008,0.0,0.00045763199999999997,-0.0,0.00023064652800000002
-0.04215999893546,-0.049359998935459996,1.016,0.03999999911,0.00046126399999999997,-0.0018018017617117115,0.00023439418406886488
-0.04211999893647,-0.049319998936469996,1.024,0.0,0.00046489599999999996,-0.0,0.00023802675199999996
-0.04207999893748,-0.049279998937479995,1.016,0.03999999911,0.00046126399999999997,-0.0018018017617117115,0.00023439418406886488
-0.042039998938489996,-0.049239998938489994,1.016,0.0,0.00046126399999999997,-0.0,0.000234322112
-0.041999998939499995,-0.04919999893949999,1.016,0.03999999911,0.00046126399999999997,-0.0018018017617117115,0.00023439418406886488
-0.041959998940509995,-0.04915999894050999,1.0,0.0,0.000454,-0.0,0.000227
-0.041919998941519994,-0.04911999894151999,1.016,0.03999999911,0.00046126399999999997,-0.0018018017617117115,0.00023439418406886488
-0.04187999894253,-0.04907999894253,1.016,0.03999999911,0.00046126399999999997,-0.0018018017617117115,0.00023439418406886488
-0.04183999894354,-0.04903999894354,1.024,0.03999999911,0.00046489599999999996,-0.0018018017617117115,0.00023809882406886483
-0.04179999894455,-0.04899999894455,1.016,0.03999999911,0.00046126399999999997,-0.0018018017617117115,0.00023439418406886488
-0.04175999894556,-0.048959998945559996,1.016,0.03999999911,0.00046126399999999997,-0.0018018017617117115,0.00023439418406886488
-0.04171999894657,-0.048919998946569995,1.016,0.03999999911,0.00046126399999999997,-0.0018018017617117115,0.00023439418406886488
-0.041679998947579996,-0.048879998947579995,1.008,0.03999999911,0.00045763199999999997,-0.0018018017617117115,0.0002307186000688649
-0.041639998948589996,-0.048839998948589994,1.016,0.03999999911,0.00046126399999999997,-0.0018018017617117115,0.00023439418406886488
-0.041599998949599995,-0.04879999894959999,1.016,0.03999999911,0.00046126399999999997,-0.0018018017617117115,0.00023439418406886488
-0.041559998950609994,-0.04875999895060999,1.016,0.03999999911,0.00046126399999999997,-0.0018018017617117115,0.00023439418406886488
-0.04151999895162,-0.04871999895162,1.016,0.03999999911,0.00046126399999999997,-0.0018018017617117115,0.00023439418406886488
-0.04147999895263,-0.04867999895263,1.008,0.03999999911,0.00045763199999999997,-0.0018018017617117115,0.0002307186000688649
-0.04143999895364,-0.04863999895364,1.016,0.0,0.00046126399999999997,-0.0,0.000234322112
-0.04139999895465,-0.048599998954649996,1.008,0.03999999911,0.00045763199999999997,-0.0018018017617117115,0.0002307186000688649
-0.04135999895566,-0.048559998955659996,1.016,0.0,0.00046126399999999997,-0.0,0.000234322112
-0.04131999895667,-0.048519998956669995,1.016,0.0,0.00046126399999999997,-0.0,0.000234322112
-0.041279998957679996,-0.048479998957679994,1.008,0.0,0.00045763199999999997,-0.0,0.00023064652800000002
-0.041239998958689995,-0.04843999895868999,1.008,0.0,0.00045763199999999997,-0.0,0.00023064652800000002
-0.041199998959699995,-0.04839999895969999,1.016,0.03999999911,0.00046126399999999997,-0.0018018017617117115,0.00023439418406886488
-0.041159998960709994,-0.04835999896070999,1.016,0.0,0.00046126399999999997,-0.0,0.000234322112
-0.04111999896172,-0.04831999896172,1.008,0.03999999911,0.00045763199999999997,-0.0018018017617117115,0.0002307186000688649
-0.04107999896273,-0.04827999896273,1.016,0.03999999911,0.00046126399999999997,-0.0018018017617117115,0.00023439418406886488
-0.04103999896374,-0.04823999896374,1.016,0.03999999911,0.00046126399999999997,-0.0018018017617117115,0.00023439418406886488
-0.04099999896475,-0.048199998964749996,1.008,0.0,0.00045763199999999997,-0.0,0.00023064652800000002
-0.04095999896576,-0.048159998965759995,1.016,0.03999999911,0.00046126399999999997,-0.0018018017617117115,0.00023439418406886488
-0.040919998966769996,-0.048119998966769995,1.016,0.03999999911,0.00046126399999999997,-0.0018018017617117115,0.00023439418406886488
-0.040879998967779996,-0.048079998967779994,1.016,0.03999999911,0.00046126399999999997,-0.0018018017617117115,0.00023439418406886488
-0.040839998968789995,-0.04803999896878999,1.016,0.0,0.00046126399999999997,-0.0,0.000234322112
-0.040799998969799994,-0.04799999896979999,1.008,0.0,0.00045763199999999997,-0.0,0.00023064652800000002
-0.04075999897081,-0.04795999897081,1.016,0.0,0.00046126399999999997,-0.0,0.000234322112
-0.04071999897182,-0.04791999897182,1.016,0.03999999911,0.00046126399999999997,-0.0018018017617117115,0.00023439418406886488
-0.04067999897283,-0.04787999897283,1.016,0.0,0.00046126399999999997,-0.0,0.000234322112
-0.04063999897384,-0.047839998973839996,1.016,0.0,0.00046126399999999997,-0.0,0.000234322112
-0.04059999897485,-0.047799998974849996,1.016,0.03999999911,0.00046126399999999997,-0.0018018017617117115,0.00023439418406886488
-0.04055999897586,-0.047759998975859995,1.016,0.0,0.00046126399999999997,-0.0,0.000234322112
-0.040519998976869996,-0.047719998976869994,1.024,0.03999999911,0.00046489599999999996,-0.0018018017617117115,0.00023809882406886483
-0.040479998977879995,-0.047679998977879993,1.008,0.0,0.00045763199999999997,-0.0,0.00023064652800000002
-0.040439998978889995,-0.04763999897888999,1.008,0.03999999911,0.00045763199999999997,-0.0018018017617117115,0.0002307186000688649
-0.040399998979899994,-0.04759999897989999,1.016,0.03999999911,0.00046126399999999997,-0.0018018017617117115,0.00023439418406886488
-0.04035999898091,-0.04755999898091,1.016,0.0,0.00046126399999999997,-0.0,0.000234322112
-0.04031999898192,-0.04751999898192,1.024,0.03999999911,0.00046489599999999996,-0.0018018017617117115,0.00023809882406886483
-0.04027999898293,-0.04747999898293,1.008,0.03999999911,0.00045763199999999997,-0.0018018017617117115,0.0002307186000688649
-0.04023999898394,-0.047439998983939996,1.008,0.0,0.00045763199999999997,-0.0,0.00023064652800000002
-0.04019999898495,-0.047399998984949995,1.008,0.03999999911,0.00045763199999999997,-0.0018018017617117115,0.0002307186000688649
-0.040159998985959997,-0.047359998985959995,1.016,0.03999999911,0.00046126399999999997,-0.0018018017617117115,0.00023439418406886488
-0.040119998986969996,-0.047319998986969994,1.016,0.03999999911,0.00046126399999999997,-0.0018018017617117115,0.00023439418406886488
-0.040079998987979995,-0.04727999898797999,1.016,0.0,0.00046126399999999997,-0.0,0.000234322112
-0.040039998988989994,-0.04723999898898999,1.016,0.0,0.00046126399999999997,-0.0,0.000234322112
-0.03999999899,-0.04719999899,1.016,0.03999999911,0.00046126399999999997,-0.0018018017617117115,0.00023439418406886488
-0.03995999899101,-0.04715999899101,1.016,0.0,0.00046126399999999997,-0.0,0.000234322112
-0.03991999899202,-0.04711999899202,1.016,0.03999999911,0.00046126399999999997,-0.0018018017617117115,0.00023439418406886488
-0.03987999899303,-0.047079998993029996,1.016,0.03999999911,0.00046126399999999997,-0.0018018017617117115,0.00023439418406886488
-0.03983999899404,-0.047039998994039996,1.008,0.0,0.00045763199999999997,-0.0,0.00023064652800000002
-0.03979999899505,-0.046999998995049995,1.016,0.03999999911,0.00046126399999999997,-0.0018018017617117115,0.00023439418406886488
-0.039759998996059996,-0.046959998996059994,1.016,0.0,0.00046126399999999997,-0.0,0.000234322112
-0.039719998997069995,-0.046919998997069993,1.008,0.03999999911,0.00045763199999999997,-0.0018018017617117115,0.0002307186000688649
-0.039679998998079995,-0.04687999899807999,1.016,0.0,0.00046126399999999997,-0.0,0.000234322112
-0.039639998999089994,-0.04683999899908999,1.008,0.0,0.00045763199999999997,-0.0,0.00023064652800000002
-0.0395999990001,-0.0467999990001,1.016,0.03999999911,0.00046126399999999997,-0.0018018017617117115,0.00023439418406886488
-0.03955999900111,-0.04675999900111,1.008,0.03999999911,0.00045763199999999997,-0.0018018017617117115,0.0002307186000688649
-0.03951999900212,-0.04671999900212,1.024,0.0,0.00046489599999999996,-0.0,0.00023802675199999996
-0.03947999900313,-0.046679999003129996,1.016,0.03999999911,0.00046126399999999997,-0.0018018017617117115,0.00023439418406886488
-0.03943999900414,-0.046639999004139995,1.016,0.03999999911,0.00046126399999999997,-0.0018018017617117115,0.00023439418406886488
-0.03939999900515,-0.046599999005149995,1.016,0.0,0.00046126399999999997,-0.0,0.000234322112
-0.039359999006159996,-0.046559999006159994,1.016,0.03999999911,0.00046126399999999997,-0.0018018017617117115,0.00023439418406886488
-0.039319999007169995,-0.04651999900716999,1.008,0.03999999911,0.00045763199999999997,-0.0018018017617117115,0.0002307186000688649
-0.039279999008179994,-0.04647999900817999,1.008,0.03999999911,0.00045763199999999997,-0.0018018017617117115,0.0002307186000688649
-0.03923999900919,-0.04643999900919,1.016,0.03999999911,0.00046126399999999997,-0.0018018017617117115,0.00023439418406886488
-0.0391999990102,-0.0463999990102,1.016,0.03999999911,0.00046126399999999997,-0.0018018017617117115,0.00023439418406886488
-0.03915999901121,-0.04635999901121,1.008,0.0,0.00045763199999999997,-0.0,0.00023064652800000002
-0.03911999901222,-0.046319999012219996,1.016,0.0,0.00046126399999999997,-0.0,0.000234322112
-0.03907999901323,-0.046279999013229996,1.0320001,0.0,0.0004685280454,-0.0,0.0002417604948528023
-0.03903999901424,-0.046239999014239995,1.016,0.0,0.00046126399999999997,-0.0,0.000234322112
-0.038999999015249996,-0.046199999015249994,1.016,0.03999999911,0.00046126399999999997,-0.0018018017617117115,0.00023439418406886488
-0.038959999016259995,-0.046159999016259994,1.016,0.03999999911,0.00046126399999999997,-0.0018018017617117115,0.00023439418406886488
-0.038919999017269995,-0.04611999901726999,1.008,0.03999999911,0.00045763199999999997,-0.0018018017617117115,0.0002307186000688649
-0.038879999018279994,-0.04607999901827999,1.016,0.0,0.00046126399999999997,-0.0,0.000234322112
-0.03883999901929,-0.04603999901929,1.008,0.0,0.00045763199999999997,-0.0,0.00023064652800000002
-0.0387999990203,-0.0459999990203,1.016,0.03999999911,0.00046126399999999997,-0.0018018017617117115,0.00023439418406886488
-0.03875999902131,-0.04595999902131,1.016,0.0,0.00046126399999999997,-0.0,0.000234322112
-0.03871999902232,-0.045919999022319996,1.008,0.03999999911,0.00045763199999999997,-0.0018018017617117115,0.0002307186000688649
-0.03867999902333,-0.045879999023329995,1.024,0.0,0.00046489599999999996,-0.0,0.00023802675199999996
-0.03863999902434,-0.045839999024339995,1.008,0.03999999911,0.00045763199999999997,-0.0018018017617117115,0.0002307186000688649
-0.038599999025349996,-0.045799999025349994,1.008,0.03999999911,0.00045763199999999997,-0.0018018017617117115,0.0002307186000688649
-0.038559999026359995,-0.04575999902635999,1.016,0.0,0.00046126399999999997,-0.0,0.000234322112
-0.038519999027369994,-0.04571999902736999,1.016,0.03999999911,0.00046126399999999997,-0.0018018017617117115,0.00023439418406886488
-0.03847999902838,-0.04567999902838,1.016,0.0,0.00046126399999999997,-0.0,0.000234322112
-0.03843999902939,-0.04563999902939,1.016,0.03999999911,0.00046126399999999997,-0.0018018017617117115,0.00023439418406886488
-0.0383999990304,-0.0455999990304,1.008,0.03999999911,0.00045763199999999997,-0.0018018017617117115,0.0002307186000688649
-0.03835999903141,-0.045559999031409996,1.008,0.03999999911,0.00045763199999999997,-0.0018018017617117115,0.0002307186000688649
-0.03831999903242,-0.045519999032419996,1.016,0.03999999911,0.00046126399999999997,-0.0018018017617117115,0.00023439418406886488
-0.03827999903343,-0.045479999033429995,1.016,0.0,0.00046126399999999997,-0.0,0.000234322112
-0.038239999034439996,-0.045439999034439994,1.016,0.03999999911,0.00046126399999999997,-0.0018018017617117115,0.00023439418406886488
-0.038199999035449995,-0.045399999035449994,1.016,0.03999999911,0.00046126399999999997,-0.0018018017617117115,0.00023439418406886488
-0.038159999036459995,-0.04535999903645999,1.008,0.0,0.00045763199999999997,-0.0,0.00023064652800000002
-0.038119999037469994,-0.04531999903746999,1.016,0.03999999911,0.00046126399999999997,-0.0018018017617117115,0.00023439418406886488
-0.03807999903848,-0.04527999903848,1.008,0.03999999911,0.00045763199999999997,-0.0018018017617117115,0.0002307186000688649
-0.03803999903949,-0.04523999903949,1.016,0.0,0.00046126399999999997,-0.0,0.000234322112
-0.0379999990405,-0.0451999990405,1.024,0.03999999911,0.00046489599999999996,-0.0018018017617117115,0.00023809882406886483
-0.03795999904151,-0.045159999041509996,1.016,0.0,0.00046126399999999997,-0.0,0.000234322112
-0.03791999904252,-0.045119999042519995,1.024,0.0,0.00046489599999999996,-0.0,0.00023802675199999996
-0.03787999904353,-0.045079999043529995,1.008,0.0,0.00045763199999999997,-0.0,0.00023064652800000002
-0.037839999044539996,-0.045039999044539994,1.016,0.03999999911,0.00046126399999999997,-0.0018018017617117115,0.00023439418406886488
-0.037799999045549995,-0.04499999904554999,1.016,0.0,0.00046126399999999997,-0.0,0.000234322112
-0.037759999046559994,-0.04495999904655999,1.008,0.03999999911,0.00045763199999999997,-0.0018018017617117115,0.0002307186000688649
-0.03771999904757,-0.04491999904757,1.016,0.03999999911,0.00046126399999999997,-0.0018018017617117115,0.00023439418406886488
-0.03767999904858,-0.04487999904858,1.016,0.03999999911,0.00046126399999999997,-0.0018018017617117115,0.00023439418406886488
-0.03763999904959,-0.04483999904959,1.024,0.03999999911,0.00046489599999999996,-0.0018018017617117115,0.00023809882406886483
-0.0375999990506,-0.044799999050599996,1.008,0.03999999911,0.00045763199999999997,-0.0018018017617117115,0.0002307186000688649
-0.03755999905161,-0.044759999051609996,1.024,0.0,0.00046489599999999996,-0.0,0.00023802675199999996
-0.03751999905262,-0.044719999052619995,1.016,0.03999999911,0.00046126399999999997,-0.0018018017617117115,0.00023439418406886488
-0.037479999053629996,-0.044679999053629994,1.016,0.03999999911,0.00046126399999999997,-0.0018018017617117115,0.00023439418406886488
-0.037439999054639996,-0.044639999054639994,1.008,0.03999999911,0.00045763199999999997,-0.0018018017617117115,0.0002307186000688649
-0.037399999055649995,-0.04459999905564999,1.016,0.0,0.00046126399999999997,-0.0,0.000234322112
-0.037359999056659994,-0.04455999905665999,1.016,0.03999999911,0.00046126399999999997,-0.0018018017617117115,0.00023439418406886488
-0.03731999905767,-0.04451999905767,1.016,0.03999999911,0.00046126399999999997,-0.0018018017617117115,0.00023439418406886488
-0.03727999905868,-0.04447999905868,1.016,0.03999999911,0.00046126399999999997,-0.0018018017617117115,0.00023439418406886488
-0.03723999905969,-0.04443999905969,1.008,0.03999999911,0.00045763199999999997,-0.0018018017617117115,0.0002307186000688649
-0.0371999990607,-0.044399999060699996,1.016,0.03999999911,0.00046126399999999997,-0.0018018017617117115,0.00023439418406886488
-0.03715999906171,-0.044359999061709995,1.016,0.0,0.00046126399999999997,-0.0,0.000234322112
-0.03711999906272,-0.044319999062719995,1.016,0.03999999911,0.00046126399999999997,-0.0018018017617117115,0.00023439418406886488
-0.037079999063729996,-0.044279999063729994,1.016,0.03999999911,0.00046126399999999997,-0.0018018017617117115,0.00023439418406886488
-0.037039999064739995,-0.04423999906473999,1.016,0.03999999911,0.00046126399999999997,-0.0018018017617117115,0.00023439418406886488
-0.036999999065749994,-0.04419999906574999,1.016,0.0,0.00046126399999999997,-0.0,0.000234322112
-0.03695999906676,-0.04415999906676,1.008,0.0,0.00045763199999999997,-0.0,0.00023064652800000002
-0.03691999906777,-0.04411999906777,1.008,0.0,0.00045763199999999997,-0.0,0.00023064652800000002
-0.03687999906878,-0.04407999906878,1.016,0.0,0.00046126399999999997,-0.0,0.000234322112
-0.03683999906979,-0.044039999069789997,1.016,0.0,0.00046126399999999997,-0.0,0.000234322112
-0.0367999990708,-0.043999999070799996,1.008,0.03999999911,0.00045763199999999997,-0.0018018017617117115,0.0002307186000688649
-0.03675999907181,-0.043959999071809995,1.008,0.03999999911,0.00045763199999999997,-0.0018018017617117115,0.0002307186000688649
-0.036719999072819996,-0.043919999072819994,1.008,0.03999999911,0.00045763199999999997,-0.0018018017617117115,0.0002307186000688649
-0.036679999073829996,-0.043879999073829994,1.008,0.0,0.00045763199999999997,-0.0,0.00023064652800000002
-0.036639999074839995,-0.04383999907483999,1.016,0.03999999911,0.00046126399999999997,-0.0018018017617117115,0.00023439418406886488
-0.036599999075849994,-0.04379999907584999,1.016,0.03999999911,0.00046126399999999997,-0.0018018017617117115,0.00023439418406886488
-0.03655999907686,-0.04375999907686,1.016,0.03999999911,0.00046126399999999997,-0.0018018017617117115,0.00023439418406886488
-0.03651999907787,-0.04371999907787,1.008,0.0,0.00045763199999999997,-0.0,0.00023064652800000002
-0.03647999907888,-0.04367999907888,1.016,0.0,0.00046126399999999997,-0.0,0.000234322112
-0.03643999907989,-0.043639999079889996,1.016,0.03999999911,0.00046126399999999997,-0.0018018017617117115,0.00023439418406886488
-0.0363999990809,-0.043599999080899995,1.008,0.0,0.00045763199999999997,-0.0,0.00023064652800000002
-0.03635999908191,-0.043559999081909995,1.008,0.0,0.00045763199999999997,-0.0,0.00023064652800000002
-0.036319999082919996,-0.043519999082919994,1.016,0.0,0.00046126399999999997,-0.0,0.000234322112
-0.036279999083929995,-0.04347999908392999,1.016,0.03999999911,0.00046126399999999997,-0.0018018017617117115,0.00023439418406886488
-0.036239999084939994,-0.04343999908493999,1.008,0.03999999911,0.00045763199999999997,-0.0018018017617117115,0.0002307186000688649
-0.03619999908595,-0.04339999908595,1.016,0.03999999911,0.00046126399999999997,-0.0018018017617117115,0.00023439418406886488
-0.03615999908696,-0.04335999908696,1.016,0.03999999911,0.00046126399999999997,-0.0018018017617117115,0.00023439418406886488
-0.03611999908797,-0.04331999908797,1.016,0.0,0.00046126399999999997,-0.0,0.000234322112
-0.03607999908898,-0.04327999908898,1.016,0.03999999911,0.00046126399999999997,-0.0018018017617117115,0.00023439418406886488
-0.03603999908999,-0.043239999089989996,1.016,0.03999999911,0.00046126399999999997,-0.0018018017617117115,0.00023439418406886488
-0.035999999091,-0.043199999090999995,1.016,0.0,0.00046126399999999997,-0.0,0.000234322112
-0.035959999092009996,-0.043159999092009994,1.008,0.0,0.00045763199999999997,-0.0,0.00023064652800000002
-0.035919999093019996,-0.043119999093019994,1.016,0.03999999911,0.00046126399999999997,-0.0018018017617117115,0.00023439418406886488
-0.035879999094029995,-0.04307999909402999,1.008,0.0,0.00045763199999999997,-0.0,0.00023064652800000002
-0.03583999909504,-0.04303999909504,1.008,0.0,0.00045763199999999997,-0.0,0.00023064652800000002
-0.03579999909605,-0.04299999909605,1.016,0.03999999911,0.00046126399999999997,-0.0018018017617117115,0.00023439418406886488
-0.03575999909706,-0.04295999909706,1.016,0.03999999911,0.00046126399999999997,-0.0018018017617117115,0.00023439418406886488
-0.03571999909807,-0.04291999909807,1.008,0.03999999911,0.00045763199999999997,-0.0018018017617117115,0.0002307186000688649
-0.03567999909908,-0.042879999099079996,1.008,0.03999999911,0.00045763199999999997,-0.0018018017617117115,0.0002307186000688649
-0.03563999910009,-0.042839999100089995,1.016,0.03999999911,0.00046126399999999997,-0.0018018017617117115,0.00023439418406886488
-0.0355999991011,-0.042799999101099995,1.024,0.03999999911,0.00046489599999999996,-0.0018018017617117115,0.00023809882406886483
-0.035559999102109996,-0.042759999102109994,1.016,0.03999999911,0.00046126399999999997,-0.0018018017617117115,0.00023439418406886488
-0.035519999103119995,-0.04271999910311999,1.016,0.03999999911,0.00046126399999999997,-0.0018018017617117115,0.00023439418406886488
-0.035479999104129994,-0.04267999910412999,1.008,0.03999999911,0.00045763199999999997,-0.0018018017617117115,0.0002307186000688649
-0.03543999910514,-0.04263999910514,1.016,0.0,0.00046126399999999997,-0.0,0.000234322112
-0.03539999910615,-0.04259999910615,1.016,0.03999999911,0.00046126399999999997,-0.0018018017617117115,0.00023439418406886488
-0.03535999910716,-0.04255999910716,1.016,0.0,0.00046126399999999997,-0.0,0.000234322112
-0.03531999910817,-0.04251999910817,1.016,0.03999999911,0.00046126399999999997,-0.0018018017617117115,0.00023439418406886488
-0.03527999910918,-0.042479999109179996,1.016,0.0,0.00046126399999999997,-0.0,0.000234322112
-0.03523999911019,-0.042439999110189995,1.008,0.03999999911,0.00045763199999999997,-0.0018018017617117115,0.0002307186000688649
-0.035199999111199996,-0.042399999111199994,1.016,0.0,0.00046126399999999997,-0.0,0.000234322112
-0.035159999112209996,-0.042359999112209994,1.008,0.0,0.00045763199999999997,-0.0,0.00023064652800000002
-0.035119999113219995,-0.04231999911321999,1.016,0.03999999911,0.00046126399999999997,-0.0018018017617117115,0.00023439418406886488
-0.03507999911423,-0.04227999911423,1.016,0.0,0.00046126399999999997,-0.0,0.000234322112
-0.03503999911524,-0.04223999911524,1.016,0.03999999911,0.00046126399999999997,-0.0018018017617117115,0.00023439418406886488
-0.03499999911625,-0.04219999911625,1.016,0.0,0.00046126399999999997,-0.0,0.000234322112
-0.03495999911726,-0.04215999911726,1.016,0.0,0.00046126399999999997,-0.0,0.000234322112
-0.03491999911827,-0.042119999118269996,1.016,0.0,0.00046126399999999997,-0.0,0.000234322112
-0.03487999911928,-0.042079999119279995,1.016,0.03999999911,0.00046126399999999997,-0.0018018017617117115,0.00023439418406886488
-0.03483999912029,-0.042039999120289995,1.016,0.03999999911,0.00046126399999999997,-0.0018018017617117115,0.00023439418406886488
-0.034799999121299996,-0.041999999121299994,1.008,0.03999999911,0.00045763199999999997,-0.0018018017617117115,0.0002307186000688649
-0.034759999122309995,-0.04195999912230999,1.016,0.0,0.00046126399999999997,-0.0,0.000234322112
-0.034719999123319994,-0.04191999912331999,1.016,0.03999999911,0.00046126399999999997,-0.0018018017617117115,0.00023439418406886488
-0.03467999912433,-0.04187999912433,1.016,0.0,0.00046126399999999997,-0.0,0.000234322112
-0.03463999912534,-0.04183999912534,1.016,0.03999999911,0.00046126399999999997,-0.0018018017617117115,0.00023439418406886488
-0.03459999912635,-0.04179999912635,1.008,0.0,0.00045763199999999997,-0.0,0.00023064652800000002
-0.03455999912736,-0.04175999912736,1.008,0.03999999911,0.00045763199999999997,-0.0018018017617117115,0.0002307186000688649
-0.03451999912837,-0.041719999128369996,1.008,0.0,0.00045763199999999997,-0.0,0.00023064652800000002
-0.03447999912938,-0.041679999129379995,1.016,0.03999999911,0.00046126399999999997,-0.0018018017617117115,0.00023439418406886488
-0.034439999130389996,-0.041639999130389994,1.016,0.03999999911,0.00046126399999999997,-0.0018018017617117115,0.00023439418406886488
-0.034399999131399996,-0.041599999131399994,1.016,0.03999999911,0.00046126399999999997,-0.0018018017617117115,0.00023439418406886488
-0.034359999132409995,-0.04155999913240999,1.008,0.03999999911,0.00045763199999999997,-0.0018018017617117115,0.0002307186000688649
-0.03431999913342,-0.04151999913342,1.016,0.0,0.00046126399999999997,-0.0,0.000234322112
-0.03427999913443,-0.04147999913443,1.008,0.03999999911,0.00045763199999999997,-0.0018018017617117115,0.0002307186000688649
-0.03423999913544,-0.04143999913544,1.008,0.03999999911,0.00045763199999999997,-0.0018018017617117115,0.0002307186000688649
-0.03419999913645,-0.04139999913645,1.016,0.03999999911,0.00046126399999999997,-0.0018018017617117115,0.00023439418406886488
-0.03415999913746,-0.041359999137459996,1.016,0.03999999911,0.00046126399999999997,-0.0018018017617117115,0.00023439418406886488
-0.03411999913847,-0.041319999138469996,1.016,0.03999999911,0.00046126399999999997,-0.0018018017617117115,0.00023439418406886488
-0.03407999913948,-0.041279999139479995,1.008,0.0,0.00045763199999999997,-0.0,0.00023064652800000002
-0.034039999140489996,-0.041239999140489994,1.016,0.03999999911,0.00046126399999999997,-0.0018018017617117115,0.00023439418406886488
-0.033999999141499995,-0.04119999914149999,1.008,0.0,0.00045763199999999997,-0.0,0.00023064652800000002
-0.033959999142509995,-0.04115999914250999,1.008,0.0,0.00045763199999999997,-0.0,0.00023064652800000002
-0.03391999914352,-0.04111999914352,1.024,0.03999999911,0.00046489599999999996,-0.0018018017617117115,0.00023809882406886483
-0.03387999914453,-0.04107999914453,1.016,0.03999999911,0.00046126399999999997,-0.0018018017617117115,0.00023439418406886488
-0.03383999914554,-0.04103999914554,1.008,0.03999999911,0.00045763199999999997,-0.0018018017617117115,0.0002307186000688649
-0.03379999914655,-0.04099999914655,1.016,0.03999999911,0.00046126399999999997,-0.0018018017617117115,0.00023439418406886488
-0.03375999914756,-0.040959999147559996,1.016,0.03999999911,0.00046126399999999997,-0.0018018017617117115,0.00023439418406886488
-0.03371999914857,-0.040919999148569995,1.008,0.0,0.00045763199999999997,-0.0,0.00023064652800000002
-0.033679999149579996,-0.040879999149579994,1.016,0.03999999911,0.00046126399999999997,-0.0018018017617117115,0.00023439418406886488
-0.033639999150589996,-0.040839999150589994,1.016,0.03999999911,0.00046126399999999997,-0.0018018017617117115,0.00023439418406886488
-0.033599999151599995,-0.04079999915159999,1.016,0.03999999911,0.00046126399999999997,-0.0018018017617117115,0.00023439418406886488
-0.03355999915261,-0.04075999915261,1.016,0.03999999911,0.00046126399999999997,-0.0018018017617117115,0.00023439418406886488
-0.03351999915362,-0.04071999915362,1.016,0.03999999911,0.00046126399999999997,-0.0018018017617117115,0.00023439418406886488
-0.03347999915463,-0.04067999915463,1.008,0.0,0.00045763199999999997,-0.0,0.00023064652800000002
-0.03343999915564,-0.04063999915564,1.016,0.03999999911,0.00046126399999999997,-0.0018018017617117115,0.00023439418406886488
-0.03339999915665,-0.040599999156649996,1.016,0.0,0.00046126399999999997,-0.0,0.000234322112
-0.03335999915766,-0.040559999157659996,1.024,0.03999999911,0.00046489599999999996,-0.0018018017617117115,0.00023809882406886483
-0.03331999915867,-0.040519999158669995,1.016,0.0,0.00046126399999999997,-0.0,0.000234322112
-0.033279999159679996,-0.040479999159679994,1.008,0.0,0.00045763199999999997,-0.0,0.00023064652800000002
-0.033239999160689995,-0.04043999916068999,1.016,0.03999999911,0.00046126399999999997,-0.0018018017617117115,0.00023439418406886488
-0.033199999161699995,-0.04039999916169999,1.016,0.0,0.00046126399999999997,-0.0,0.000234322112
-0.03315999916271,-0.04035999916271,1.016,0.03999999911,0.00046126399999999997,-0.0018018017617117115,0.00023439418406886488
-0.03311999916372,-0.04031999916372,1.016,0.03999999911,0.00046126399999999997,-0.0018018017617117115,0.00023439418406886488
-0.03307999916473,-0.04027999916473,1.016,0.0,0.00046126399999999997,-0.0,0.000234322112
-0.03303999916574,-0.04023999916574,1.008,0.03999999911,0.00045763199999999997,-0.0018018017617117115,0.0002307186000688649
-0.03299999916675,-0.040199999166749996,1.024,0.03999999911,0.00046489599999999996,-0.0018018017617117115,0.00023809882406886483
-0.03295999916776,-0.040159999167759995,1.016,0.03999999911,0.00046126399999999997,-0.0018018017617117115,0.00023439418406886488
-0.032919999168769996,-0.040119999168769994,1.024,0.03999999911,0.00046489599999999996,-0.0018018017617117115,0.00023809882406886483
-0.032879999169779996,-0.040079999169779994,1.016,0.03999999911,0.00046126399999999997,-0.0018018017617117115,0.00023439418406886488
-0.032839999170789995,-0.04003999917078999,1.016,0.03999999911,0.00046126399999999997,-0.0018018017617117115,0.00023439418406886488
-0.0327999991718,-0.0399999991718,1.016,0.0,0.00046126399999999997,-0.0,0.000234322112
-0.03275999917281,-0.03995999917281,1.016,0.0,0.00046126399999999997,-0.0,0.000234322112
-0.03271999917382,-0.03991999917382,1.008,0.0,0.00045763199999999997,-0.0,0.00023064652800000002
-0.03267999917483,-0.03987999917483,1.008,0.0,0.00045763199999999997,-0.0,0.00023064652800000002
-0.03263999917584,-0.039839999175839996,1.016,0.0,0.00046126399999999997,-0.0,0.000234322112
-0.03259999917685,-0.039799999176849996,1.016,0.0,0.00046126399999999997,-0.0,0.000234322112
-0.03255999917786,-0.039759999177859995,1.024,0.03999999911,0.00046489599999999996,-0.0018018017617117115,0.00023809882406886483
-0.032519999178869996,-0.039719999178869994,1.016,0.03999999911,0.00046126399999999997,-0.0018018017617117115,0.00023439418406886488
-0.032479999179879995,-0.03967999917987999,1.008,0.03999999911,0.00045763199999999997,-0.0018018017617117115,0.0002307186000688649
-0.032439999180889995,-0.03963999918088999,1.008,0.0,0.00045763199999999997,-0.0,0.00023064652800000002
-0.0323999991819,-0.0395999991819,1.024,0.03999999911,0.00046489599999999996,-0.0018018017617117115,0.00023809882406886483
-0.03235999918291,-0.03955999918291,1.016,0.0,0.00046126399999999997,-0.0,0.000234322112
-0.03231999918392,-0.03951999918392,1.024,0.03999999911,0.00046489599999999996,-0.0018018017617117115,0.00023809882406886483
-0.03227999918493,-0.03947999918493,1.016,0.0,0.00046126399999999997,-0.0,0.000234322112
-0.03223999918594,-0.039439999185939996,1.016,0.0,0.00046126399999999997,-0.0,0.000234322112
-0.03219999918695,-0.039399999186949995,1.016,0.03999999911,0.00046126399999999997,-0.0018018017617117115,0.00023439418406886488
-0.032159999187959996,-0.039359999187959994,1.016,0.03999999911,0.00046126399999999997,-0.0018018017617117115,0.00023439418406886488
-0.032119999188969996,-0.039319999188969994,1.016,0.0,0.00046126399999999997,-0.0,0.000234322112
-0.032079999189979995,-0.03927999918997999,1.016,0.03999999911,0.00046126399999999997,-0.0018018017617117115,0.00023439418406886488
-0.03203999919099,-0.03923999919099,1.008,0.0,0.00045763199999999997,-0.0,0.00023064652800000002
-0.031999999192,-0.039199999192,1.024,0.03999999911,0.00046489599999999996,-0.0018018017617117115,0.00023809882406886483
-0.03195999919301,-0.03915999919301,1.008,0.03999999911,0.00045763199999999997,-0.0018018017617117115,0.0002307186000688649
-0.03191999919402,-0.03911999919402,1.024,0.03999999911,0.00046489599999999996,-0.0018018017617117115,0.00023809882406886483
-0.03187999919503,-0.039079999195029996,1.008,0.03999999911,0.00045763199999999997,-0.0018018017617117115,0.0002307186000688649
-0.03183999919604,-0.039039999196039996,1.024,0.03999999911,0.00046489599999999996,-0.0018018017617117115,0.00023809882406886483
-0.03179999919705,-0.038999999197049995,1.016,0.0,0.00046126399999999997,-0.0,0.000234322112
-0.031759999198059996,-0.038959999198059994,1.008,0.03999999911,0.00045763199999999997,-0.0018018017617117115,0.0002307186000688649
-0.031719999199069995,-0.03891999919906999,1.016,0.03999999911,0.00046126399999999997,-0.0018018017617117115,0.00023439418406886488
-0.031679999200079995,-0.03887999920007999,1.024,0.0,0.00046489599999999996,-0.0,0.00023802675199999996
-0.03163999920109,-0.03883999920109,1.024,0.0,0.00046489599999999996,-0.0,0.00023802675199999996
-0.0315999992021,-0.0387999992021,1.008,0.03999999911,0.00045763199999999997,-0.0018018017617117115,0.0002307186000688649
-0.03155999920311,-0.03875999920311,1.016,0.03999999911,0.00046126399999999997,-0.0018018017617117115,0.00023439418406886488
-0.03151999920412,-0.03871999920412,1.016,0.03999999911,0.00046126399999999997,-0.0018018017617117115,0.00023439418406886488
-0.03147999920513,-0.038679999205129996,1.024,0.03999999911,0.00046489599999999996,-0.0018018017617117115,0.00023809882406886483
-0.03143999920614,-0.038639999206139995,1.016,0.03999999911,0.00046126399999999997,-0.0018018017617117115,0.00023439418406886488
-0.031399999207149996,-0.038599999207149994,1.016,0.0,0.00046126399999999997,-0.0,0.000234322112
-0.031359999208159996,-0.038559999208159994,1.016,0.03999999911,0.00046126399999999997,-0.0018018017617117115,0.00023439418406886488
-0.031319999209169995,-0.03851999920916999,1.016,0.03999999911,0.00046126399999999997,-0.0018018017617117115,0.00023439418406886488
-0.03127999921018,-0.03847999921018,1.016,0.03999999911,0.00046126399999999997,-0.0018018017617117115,0.00023439418406886488
-0.031239999211189997,-0.03843999921119,1.008,0.03999999911,0.00045763199999999997,-0.0018018017617117115,0.0002307186000688649
-0.031199999212199996,-0.0383999992122,1.024,0.03999999911,0.00046489599999999996,-0.0018018017617117115,0.00023809882406886483
-0.03115999921321,-0.03835999921321,1.016,0.0,0.00046126399999999997,-0.0,0.000234322112
-0.031119999214219998,-0.038319999214219996,1.016,0.03999999911,0.00046126399999999997,-0.0018018017617117115,0.00023439418406886488
-0.031079999215229998,-0.038279999215229996,1.016,0.0,0.00046126399999999997,-0.0,0.000234322112
-0.031039999216239997,-0.038239999216239995,1.008,0.0,0.00045763199999999997,-0.0,0.00023064652800000002
-0.03099999921725,-0.03819999921725,1.008,0.03999999911,0.00045763199999999997,-0.0018018017617117115,0.0002307186000688649
-0.03095999921826,-0.03815999921826,1.016,0.0,0.00046126399999999997,-0.0,0.000234322112
-0.030919999219269998,-0.03811999921927,1.024,0.03999999911,0.00046489599999999996,-0.0018018017617117115,0.00023809882406886483
-0.030879999220279997,-0.03807999922028,1.016,0.03999999911,0.00046126399999999997,-0.0018018017617117115,0.00023439418406886488
-0.030839999221289997,-0.03803999922129,1.016,0.03999999911,0.00046126399999999997,-0.0018018017617117115,0.00023439418406886488
-0.0307999992223,-0.0379999992223,1.016,0.03999999911,0.00046126399999999997,-0.0018018017617117115,0.00023439418406886488
-0.03075999922331,-0.03795999922331,1.016,0.03999999911,0.00046126399999999997,-0.0018018017617117115,0.00023439418406886488
-0.030719999224319998,-0.037919999224319996,1.008,0.0,0.00045763199999999997,-0.0,0.00023064652800000002
-0.030679999225329997,-0.037879999225329995,1.016,0.03999999911,0.00046126399999999997,-0.0018018017617117115,0.00023439418406886488
-0.030639999226339996,-0.037839999226339995,1.016,0.0,0.00046126399999999997,-0.0,0.000234322112
-0.03059999922735,-0.03779999922735,1.008,0.0,0.00045763199999999997,-0.0,0.00023064652800000002
-0.03055999922836,-0.03775999922836,1.024,0.03999999911,0.00046489599999999996,-0.0018018017617117115,0.00023809882406886483
-0.030519999229369998,-0.03771999922937,1.016,0.0,0.00046126399999999997,-0.0,0.000234322112
-0.030479999230379997,-0.03767999923038,1.016,0.03999999911,0.00046126399999999997,-0.0018018017617117115,0.00023439418406886488
-0.030439999231389996,-0.03763999923139,1.008,0.0,0.00045763199999999997,-0.0,0.00023064652800000002
-0.0303999992324,-0.0375999992324,1.016,0.0,0.00046126399999999997,-0.0,0.000234322112
-0.03035999923341,-0.037559999233409996,1.016,0.03999999911,0.00046126399999999997,-0.0018018017617117115,0.00023439418406886488
-0.030319999234419998,-0.037519999234419996,1.008,0.03999999911,0.00045763199999999997,-0.0018018017617117115,0.0002307186000688649
-0.030279999235429997,-0.037479999235429995,1.008,0.03999999911,0.00045763199999999997,-0.0018018017617117115,0.0002307186000688649
-0.03023999923644,-0.03743999923644,1.016,0.03999999911,0.00046126399999999997,-0.0018018017617117115,0.00023439418406886488
-0.03019999923745,-0.03739999923745,1.016,0.0,0.00046126399999999997,-0.0,0.000234322112
-0.030159999238459998,-0.03735999923846,1.016,0.03999999911,0.00046126399999999997,-0.0018018017617117115,0.00023439418406886488
-0.030119999239469997,-0.03731999923947,1.008,0.03999999911,0.00045763199999999997,-0.0018018017617117115,0.0002307186000688649
-0.030079999240479997,-0.03727999924048,1.016,0.03999999911,0.00046126399999999997,-0.0018018017617117115,0.00023439418406886488
-0.03003999924149,-0.03723999924149,1.024,0.03999999911,0.00046489599999999996,-0.0018018017617117115,0.00023809882406886483
-0.0299999992425,-0.0371999992425,1.016,0.03999999911,0.00046126399999999997,-0.0018018017617117115,0.00023439418406886488
-0.029959999243509998,-0.037159999243509996,1.016,0.03999999911,0.00046126399999999997,-0.0018018017617117115,0.00023439418406886488
-0.029919999244519997,-0.037119999244519995,1.024,0.03999999911,0.00046489599999999996,-0.0018018017617117115,0.00023809882406886483
-0.029879999245529996,-0.037079999245529995,1.016,0.0,0.00046126399999999997,-0.0,0.000234322112
-0.02983999924654,-0.03703999924654,1.008,0.03999999911,0.00045763199999999997,-0.0018018017617117115,0.0002307186000688649
-0.02979999924755,-0.03699999924755,1.016,0.03999999911,0.00046126399999999997,-0.0018018017617117115,0.00023439418406886488
-0.029759999248559998,-0.03695999924856,1.016,0.03999999911,0.00046126399999999997,-0.0018018017617117115,0.00023439418406886488
-0.029719999249569997,-0.03691999924957,1.016,0.0,0.00046126399999999997,-0.0,0.000234322112
-0.029679999250579996,-0.03687999925058,1.016,0.03999999911,0.00046126399999999997,-0.0018018017617117115,0.00023439418406886488
-0.02963999925159,-0.03683999925159,1.016,0.03999999911,0.00046126399999999997,-0.0018018017617117115,0.00023439418406886488
-0.0295999992526,-0.036799999252599996,1.016,0.03999999911,0.00046126399999999997,-0.0018018017617117115,0.00023439418406886488
-0.029559999253609998,-0.036759999253609996,1.016,0.03999999911,0.00046126399999999997,-0.0018018017617117115,0.00023439418406886488
-0.029519999254619997,-0.036719999254619995,1.016,0.0,0.00046126399999999997,-0.0,0.000234322112
-0.02947999925563,-0.03667999925563,1.016,0.0,0.00046126399999999997,-0.0,0.000234322112
-0.02943999925664,-0.03663999925664,1.016,0.0,0.00046126399999999997,-0.0,0.000234322112
-0.029399999257649998,-0.03659999925765,1.016,0.0,0.00046126399999999997,-0.0,0.000234322112
-0.029359999258659997,-0.03655999925866,1.008,0.0,0.00045763199999999997,-0.0,0.00023064652800000002
-0.029319999259669997,-0.03651999925967,1.016,0.03999999911,0.00046126399999999997,-0.0018018017617117115,0.00023439418406886488
-0.02927999926068,-0.03647999926068,1.008,0.0,0.00045763199999999997,-0.0,0.00023064652800000002
-0.02923999926169,-0.03643999926169,1.024,0.03999999911,0.00046489599999999996,-0.0018018017617117115,0.00023809882406886483
-0.029199999262699998,-0.036399999262699996,1.008,0.03999999911,0.00045763199999999997,-0.0018018017617117115,0.0002307186000688649
-0.029159999263709997,-0.036359999263709995,1.016,0.03999999911,0.00046126399999999997,-0.0018018017617117115,0.00023439418406886488
-0.029119999264719997,-0.036319999264719995,1.016,0.03999999911,0.00046126399999999997,-0.0018018017617117115,0.00023439418406886488
-0.02907999926573,-0.03627999926573,1.008,0.0,0.00045763199999999997,-0.0,0.00023064652800000002
-0.02903999926674,-0.03623999926674,1.016,0.0,0.00046126399999999997,-0.0,0.000234322112
-0.028999999267749998,-0.03619999926775,1.016,0.03999999911,0.00046126399999999997,-0.0018018017617117115,0.00023439418406886488
-0.028959999268759997,-0.03615999926876,1.008,0.03999999911,0.00045763199999999997,-0.0018018017617117115,0.0002307186000688649
-0.028919999269769996,-0.03611999926977,1.016,0.03999999911,0.00046126399999999997,-0.0018018017617117115,0.00023439418406886488
-0.02887999927078,-0.03607999927078,1.008,0.03999999911,0.00045763199999999997,-0.0018018017617117115,0.0002307186000688649
-0.02883999927179,-0.036039999271789996,1.016,0.03999999911,0.00046126399999999997,-0.0018018017617117115,0.00023439418406886488
-0.028799999272799998,-0.035999999272799996,1.024,0.0,0.00046489599999999996,-0.0,0.00023802675199999996
-0.028759999273809997,-0.035959999273809995,1.016,0.03999999911,0.00046126399999999997,-0.0018018017617117115,0.00023439418406886488
-0.02871999927482,-0.03591999927482,1.016,0.03999999911,0.00046126399999999997,-0.0018018017617117115,0.00023439418406886488
-0.02867999927583,-0.03587999927583,1.0,0.0,0.000454,-0.0,0.000227
-0.028639999276839998,-0.03583999927684,1.016,0.03999999911,0.00046126399999999997,-0.0018018017617117115,0.00023439418406886488
-0.028599999277849997,-0.03579999927785,1.024,0.03999999911,0.00046489599999999996,-0.0018018017617117115,0.00023809882406886483
-0.028559999278859997,-0.03575999927886,1.008,0.03999999911,0.00045763199999999997,-0.0018018017617117115,0.0002307186000688649
-0.02851999927987,-0.03571999927987,1.016,0.03999999911,0.00046126399999999997,-0.0018018017617117115,0.00023439418406886488
-0.02847999928088,-0.03567999928088,1.016,0.03999999911,0.00046126399999999997,-0.0018018017617117115,0.00023439418406886488
-0.028439999281889998,-0.035639999281889996,1.008,0.03999999911,0.00045763199999999997,-0.0018018017617117115,0.0002307186000688649
-0.028399999282899997,-0.035599999282899995,1.008,0.0,0.00045763199999999997,-0.0,0.00023064652800000002
-0.028359999283909997,-0.035559999283909995,1.008,0.0,0.00045763199999999997,-0.0,0.00023064652800000002
-0.02831999928492,-0.03551999928492,1.016,0.03999999911,0.00046126399999999997,-0.0018018017617117115,0.00023439418406886488
-0.02827999928593,-0.03547999928593,1.016,0.0,0.00046126399999999997,-0.0,0.000234322112
-0.028239999286939998,-0.03543999928694,1.016,0.03999999911,0.00046126399999999997,-0.0018018017617117115,0.00023439418406886488
-0.028199999287949997,-0.03539999928795,1.008,0.0,0.00045763199999999997,-0.0,0.00023064652800000002
-0.02815999928896,-0.03535999928896,1.008,0.03999999911,0.00045763199999999997,-0.0018018017617117115,0.0002307186000688649
-0.02811999928997,-0.03531999928997,1.016,0.03999999911,0.00046126399999999997,-0.0018018017617117115,0.00023439418406886488
-0.02807999929098,-0.035279999290979996,1.016,0.03999999911,0.00046126399999999997,-0.0018018017617117115,0.00023439418406886488
-0.028039999291989998,-0.035239999291989996,1.008,0.0,0.00045763199999999997,-0.0,0.00023064652800000002
-0.027999999292999997,-0.035199999292999995,1.008,0.0,0.00045763199999999997,-0.0,0.00023064652800000002
-0.02795999929401,-0.03515999929401,1.024,0.03999999911,0.00046489599999999996,-0.0018018017617117115,0.00023809882406886483
-0.02791999929502,-0.03511999929502,1.016,0.03999999911,0.00046126399999999997,-0.0018018017617117115,0.00023439418406886488
-0.027879999296029998,-0.03507999929603,1.008,0.0,0.00045763199999999997,-0.0,0.00023064652800000002
-0.027839999297039997,-0.03503999929704,1.016,0.0,0.00046126399999999997,-0.0,0.000234322112
-0.027799999298049997,-0.03499999929805,1.016,0.0,0.00046126399999999997,-0.0,0.000234322112
-0.02775999929906,-0.03495999929906,1.016,0.03999999911,0.00046126399999999997,-0.0018018017617117115,0.00023439418406886488
-0.02771999930007,-0.03491999930007,1.024,0.03999999911,0.00046489599999999996,-0.0018018017617117115,0.00023809882406886483
-0.027679999301079998,-0.034879999301079996,1.008,0.0,0.00045763199999999997,-0.0,0.00023064652800000002
-0.027639999302089997,-0.034839999302089995,1.016,0.03999999911,0.00046126399999999997,-0.0018018017617117115,0.00023439418406886488
-0.027599999303099997,-0.034799999303099995,1.016,0.0,0.00046126399999999997,-0.0,0.000234322112
-0.02755999930411,-0.03475999930411,1.016,0.0,0.00046126399999999997,-0.0,0.000234322112
-0.02751999930512,-0.03471999930512,1.016,0.03999999911,0.00046126399999999997,-0.0018018017617117115,0.00023439418406886488
-0.027479999306129998,-0.03467999930613,1.016,0.03999999911,0.00046126399999999997,-0.0018018017617117115,0.00023439418406886488
-0.027439999307139997,-0.03463999930714,1.016,0.03999999911,0.00046126399999999997,-0.0018018017617117115,0.00023439418406886488
-0.02739999930815,-0.03459999930815,1.016,0.03999999911,0.00046126399999999997,-0.0018018017617117115,0.00023439418406886488
-0.02735999930916,-0.03455999930916,1.016,0.03999999911,0.00046126399999999997,-0.0018018017617117115,0.00023439418406886488
-0.02731999931017,-0.034519999310169996,1.016,0.03999999911,0.00046126399999999997,-0.0018018017617117115,0.00023439418406886488
-0.027279999311179998,-0.034479999311179996,1.008,0.03999999911,0.00045763199999999997,-0.0018018017617117115,0.0002307186000688649
-0.027239999312189997,-0.034439999312189995,1.016,0.0,0.00046126399999999997,-0.0,0.000234322112
-0.0271999993132,-0.0343999993132,1.016,0.03999999911,0.00046126399999999997,-0.0018018017617117115,0.00023439418406886488
-0.02715999931421,-0.03435999931421,1.024,0.03999999911,0.00046489599999999996,-0.0018018017617117115,0.00023809882406886483
-0.027119999315219998,-0.03431999931522,1.016,0.0,0.00046126399999999997,-0.0,0.000234322112
-0.027079999316229997,-0.03427999931623,1.008,0.0,0.00045763199999999997,-0.0,0.00023064652800000002
-0.027039999317239997,-0.03423999931724,1.016,0.03999999911,0.00046126399999999997,-0.0018018017617117115,0.00023439418406886488
-0.02699999931825,-0.03419999931825,1.016,0.0,0.00046126399999999997,-0.0,0.000234322112
-0.02695999931926,-0.03415999931926,1.016,0.0,0.00046126399999999997,-0.0,0.000234322112
-0.026919999320269998,-0.034119999320269996,1.016,0.0,0.00046126399999999997,-0.0,0.000234322112
-0.026879999321279997,-0.034079999321279995,1.016,0.03999999911,0.00046126399999999997,-0.0018018017617117115,0.00023439418406886488
-0.026839999322289997,-0.034039999322289995,1.016,0.0,0.00046126399999999997,-0.0,0.000234322112
-0.0267999993233,-0.0339999993233,1.008,0.03999999911,0.00045763199999999997,-0.0018018017617117115,0.0002307186000688649
-0.02675999932431,-0.03395999932431,1.016,0.03999999911,0.00046126399999999997,-0.0018018017617117115,0.00023439418406886488
-0.026719999325319998,-0.03391999932532,1.016,0.03999999911,0.00046126399999999997,-0.0018018017617117115,0.00023439418406886488
-0.026679999326329997,-0.03387999932633,1.016,0.03999999911,0.00046126399999999997,-0.0018018017617117115,0.00023439418406886488
-0.02663999932734,-0.03383999932734,1.008,0.0,0.00045763199999999997,-0.0,0.00023064652800000002
-0.02659999932835,-0.03379999932835,1.016,0.0,0.00046126399999999997,-0.0,0.000234322112
-0.02655999932936,-0.033759999329359996,1.008,0.03999999911,0.00045763199999999997,-0.0018018017617117115,0.0002307186000688649
-0.026519999330369998,-0.033719999330369996,1.016,0.0,0.00046126399999999997,-0.0,0.000234322112
-0.026479999331379997,-0.033679999331379995,1.016,0.0,0.00046126399999999997,-0.0,0.000234322112
-0.02643999933239,-0.03363999933239,1.016,0.03999999911,0.00046126399999999997,-0.0018018017617117115,0.00023439418406886488
-0.0263999993334,-0.0335999993334,1.016,0.03999999911,0.00046126399999999997,-0.0018018017617117115,0.00023439418406886488
-0.026359999334409998,-0.03355999933441,1.016,0.0,0.00046126399999999997,-0.0,0.000234322112
-0.026319999335419998,-0.03351999933542,1.016,0.03999999911,0.00046126399999999997,-0.0018018017617117115,0.00023439418406886488
-0.026279999336429997,-0.03347999933643,1.016,0.0,0.00046126399999999997,-0.0,0.000234322112
-0.02623999933744,-0.03343999933744,1.008,0.03999999911,0.00045763199999999997,-0.0018018017617117115,0.0002307186000688649
-0.02619999933845,-0.03339999933845,1.008,0.03999999911,0.00045763199999999997,-0.0018018017617117115,0.0002307186000688649
-0.026159999339459998,-0.033359999339459996,1.016,0.03999999911,0.00046126399999999997,-0.0018018017617117115,0.00023439418406886488
-0.026119999340469997,-0.033319999340469995,1.024,0.03999999911,0.00046489599999999996,-0.0018018017617117115,0.00023809882406886483
-0.026079999341479997,-0.033279999341479995,1.008,0.03999999911,0.00045763199999999997,-0.0018018017617117115,0.0002307186000688649
-0.02603999934249,-0.03323999934249,1.016,0.0,0.00046126399999999997,-0.0,0.000234322112
-0.0259999993435,-0.0331999993435,1.016,0.0,0.00046126399999999997,-0.0,0.000234322112
-0.025959999344509998,-0.03315999934451,1.008,0.0,0.00045763199999999997,-0.0,0.00023064652800000002
-0.025919999345519997,-0.03311999934552,1.016,0.03999999911,0.00046126399999999997,-0.0018018017617117115,0.00023439418406886488
-0.02587999934653,-0.03307999934653,1.008,0.0,0.00045763199999999997,-0.0,0.00023064652800000002
-0.02583999934754,-0.03303999934754,1.016,0.0,0.00046126399999999997,-0.0,0.000234322112
-0.02579999934855,-0.032999999348549997,1.008,0.0,0.00045763199999999997,-0.0,0.00023064652800000002
-0.025759999349559998,-0.032959999349559996,1.008,0.03999999911,0.00045763199999999997,-0.0018018017617117115,0.0002307186000688649
-0.025719999350569997,-0.032919999350569995,1.016,0.03999999911,0.00046126399999999997,-0.0018018017617117115,0.00023439418406886488
-0.02567999935158,-0.03287999935158,1.016,0.0,0.00046126399999999997,-0.0,0.000234322112
-0.02563999935259,-0.03283999935259,1.008,0.0,0.00045763199999999997,-0.0,0.00023064652800000002
-0.025599999353599998,-0.0327999993536,1.016,0.0,0.00046126399999999997,-0.0,0.000234322112
-0.025559999354609998,-0.03275999935461,1.008,0.0,0.00045763199999999997,-0.0,0.00023064652800000002
-0.025519999355619997,-0.03271999935562,1.016,0.0,0.00046126399999999997,-0.0,0.000234322112
-0.02547999935663,-0.03267999935663,1.016,0.03999999911,0.00046126399999999997,-0.0018018017617117115,0.00023439418406886488
-0.02543999935764,-0.03263999935764,1.008,0.0,0.00045763199999999997,-0.0,0.00023064652800000002
-0.025399999358649998,-0.032599999358649996,1.016,0.03999999911,0.00046126399999999997,-0.0018018017617117115,0.00023439418406886488
-0.025359999359659997,-0.032559999359659995,1.024,0.03999999911,0.00046489599999999996,-0.0018018017617117115,0.00023809882406886483
-0.025319999360669997,-0.032519999360669995,1.016,0.03999999911,0.00046126399999999997,-0.0018018017617117115,0.00023439418406886488
-0.02527999936168,-0.03247999936168,1.024,0.03999999911,0.00046489599999999996,-0.0018018017617117115,0.00023809882406886483
-0.02523999936269,-0.03243999936269,1.016,0.03999999911,0.00046126399999999997,-0.0018018017617117115,0.00023439418406886488
-0.025199999363699998,-0.0323999993637,1.016,0.03999999911,0.00046126399999999997,-0.0018018017617117115,0.00023439418406886488
-0.025159999364709997,-0.03235999936471,1.016,0.03999999911,0.00046126399999999997,-0.0018018017617117115,0.00023439418406886488
-0.02511999936572,-0.03231999936572,1.016,0.0,0.00046126399999999997,-0.0,0.000234322112
-0.02507999936673,-0.03227999936673,1.024,0.03999999911,0.00046489599999999996,-0.0018018017617117115,0.00023809882406886483
-0.02503999936774,-0.032239999367739997,1.008,0.03999999911,0.00045763199999999997,-0.0018018017617117115,0.0002307186000688649
-0.024999999368749998,-0.032199999368749996,1.008,0.0,0.00045763199999999997,-0.0,0.00023064652800000002
-0.024959999369759997,-0.032159999369759995,1.024,0.03999999911,0.00046489599999999996,-0.0018018017617117115,0.00023809882406886483
-0.02491999937077,-0.03211999937077,1.016,0.03999999911,0.00046126399999999997,-0.0018018017617117115,0.00023439418406886488
-0.02487999937178,-0.03207999937178,1.016,0.03999999911,0.00046126399999999997,-0.0018018017617117115,0.00023439418406886488
-0.02483999937279,-0.03203999937279,1.016,0.03999999911,0.00046126399999999997,-0.0018018017617117115,0.00023439418406886488
-0.024799999373799998,-0.0319999993738,1.008,0.0,0.00045763199999999997,-0.0,0.00023064652800000002
-0.024759999374809997,-0.03195999937481,1.024,0.03999999911,0.00046489599999999996,-0.0018018017617117115,0.00023809882406886483
-0.02471999937582,-0.03191999937582,1.016,0.0,0.00046126399999999997,-0.0,0.000234322112
-0.02467999937683,-0.03187999937683,1.008,0.0,0.00045763199999999997,-0.0,0.00023064652800000002
-0.024639999377839998,-0.031839999377839996,1.008,0.03999999911,0.00045763199999999997,-0.0018018017617117115,0.0002307186000688649
-0.024599999378849997,-0.031799999378849995,1.016,0.03999999911,0.00046126399999999997,-0.0018018017617117115,0.00023439418406886488
-0.024559999379859997,-0.031759999379859995,1.016,0.03999999911,0.00046126399999999997,-0.0018018017617117115,0.00023439418406886488
-0.02451999938087,-0.03171999938087,1.0,0.0,0.000454,-0.0,0.000227
-0.02447999938188,-0.03167999938188,1.016,0.0,0.00046126399999999997,-0.0,0.000234322112
-0.024439999382889998,-0.03163999938289,1.016,0.0,0.00046126399999999997,-0.0,0.000234322112
-0.024399999383899997,-0.0315999993839,1.016,0.0,0.00046126399999999997,-0.0,0.000234322112
-0.02435999938491,-0.03155999938491,1.008,0.0,0.00045763199999999997,-0.0,0.00023064652800000002
-0.02431999938592,-0.03151999938592,1.008,0.0,0.00045763199999999997,-0.0,0.00023064652800000002
-0.02427999938693,-0.03147999938693,1.016,0.03999999911,0.00046126399999999997,-0.0018018017617117115,0.00023439418406886488
-0.024239999387939998,-0.031439999387939996,1.016,0.03999999911,0.00046126399999999997,-0.0018018017617117115,0.00023439418406886488
-0.024199999388949997,-0.031399999388949995,1.008,0.03999999911,0.00045763199999999997,-0.0018018017617117115,0.0002307186000688649
-0.02415999938996,-0.03135999938996,1.016,0.03999999911,0.00046126399999999997,-0.0018018017617117115,0.00023439418406886488
-0.02411999939097,-0.03131999939097,1.008,0.03999999911,0.00045763199999999997,-0.0018018017617117115,0.0002307186000688649
-0.02407999939198,-0.03127999939198,1.008,0.03999999911,0.00045763199999999997,-0.0018018017617117115,0.0002307186000688649
-0.024039999392989998,-0.03123999939299,1.016,0.03999999911,0.00046126399999999997,-0.0018018017617117115,0.00023439418406886488
-0.023999999393999997,-0.031199999394,1.016,0.03999999911,0.00046126399999999997,-0.0018018017617117115,0.00023439418406886488
-0.02395999939501,-0.031159999395009998,1.008,0.0,0.00045763199999999997,-0.0,0.00023064652800000002
-0.02391999939602,-0.031119999396019997,1.0320001,0.03999999911,0.0004685280454,-0.0018018017617117115,0.00024183256692166717
-0.023879999397029998,-0.031079999397029996,1.008,0.0,0.00045763199999999997,-0.0,0.00023064652800000002
-0.023839999398039997,-0.031039999398039995,1.016,0.0,0.00046126399999999997,-0.0,0.000234322112
-0.023799999399049997,-0.030999999399049995,1.016,0.0,0.00046126399999999997,-0.0,0.000234322112
-0.02375999940006,-0.03095999940006,1.008,0.03999999911,0.00045763199999999997,-0.0018018017617117115,0.0002307186000688649
-0.02371999940107,-0.03091999940107,1.016,0.03999999911,0.00046126399999999997,-0.0018018017617117115,0.00023439418406886488
-0.023679999402079998,-0.03087999940208,1.024,0.03999999911,0.00046489599999999996,-0.0018018017617117115,0.00023809882406886483
-0.023639999403089997,-0.03083999940309,1.024,0.0,0.00046489599999999996,-0.0,0.00023802675199999996
-0.0235999994041,-0.030799999404099998,1.008,0.0,0.00045763199999999997,-0.0,0.00023064652800000002
-0.02355999940511,-0.030759999405109997,1.024,0.03999999911,0.00046489599999999996,-0.0018018017617117115,0.00023809882406886483
-0.02351999940612,-0.030719999406119997,1.016,0.03999999911,0.00046126399999999997,-0.0018018017617117115,0.00023439418406886488
-0.023479999407129998,-0.030679999407129996,1.016,0.03999999911,0.00046126399999999997,-0.0018018017617117115,0.00023439418406886488
-0.023439999408139997,-0.030639999408139995,1.016,0.03999999911,0.00046126399999999997,-0.0018018017617117115,0.00023439418406886488
-0.02339999940915,-0.03059999940915,1.016,0.03999999911,0.00046126399999999997,-0.0018018017617117115,0.00023439418406886488
-0.02335999941016,-0.03055999941016,1.016,0.0,0.00046126399999999997,-0.0,0.000234322112
-0.02331999941117,-0.03051999941117,1.016,0.03999999911,0.00046126399999999997,-0.0018018017617117115,0.00023439418406886488
-0.023279999412179998,-0.03047999941218,1.008,0.03999999911,0.00045763199999999997,-0.0018018017617117115,0.0002307186000688649
-0.023239999413189997,-0.03043999941319,1.016,0.03999999911,0.00046126399999999997,-0.0018018017617117115,0.00023439418406886488
-0.0231999994142,-0.030399999414199998,1.024,0.0,0.00046489599999999996,-0.0,0.00023802675199999996
-0.02315999941521,-0.030359999415209997,1.016,0.0,0.00046126399999999997,-0.0,0.000234322112
-0.023119999416219998,-0.030319999416219996,1.016,0.03999999911,0.00046126399999999997,-0.0018018017617117115,0.00023439418406886488
-0.023079999417229997,-0.030279999417229995,1.008,0.03999999911,0.00045763199999999997,-0.0018018017617117115,0.0002307186000688649
-0.023039999418239997,-0.030239999418239995,1.016,0.03999999911,0.00046126399999999997,-0.0018018017617117115,0.00023439418406886488
-0.02299999941925,-0.03019999941925,1.008,0.0,0.00045763199999999997,-0.0,0.00023064652800000002
-0.02295999942026,-0.03015999942026,1.016,0.0,0.00046126399999999997,-0.0,0.000234322112
-0.022919999421269998,-0.03011999942127,1.016,0.03999999911,0.00046126399999999997,-0.0018018017617117115,0.00023439418406886488
-0.022879999422279997,-0.03007999942228,1.008,0.03999999911,0.00045763199999999997,-0.0018018017617117115,0.0002307186000688649
-0.02283999942329,-0.030039999423289998,1.008,0.0,0.00045763199999999997,-0.0,0.00023064652800000002
-0.0227999994243,-0.029999999424299997,1.008,0.0,0.00045763199999999997,-0.0,0.00023064652800000002
-0.02275999942531,-0.029959999425309997,1.024,0.0,0.00046489599999999996,-0.0,0.00023802675199999996
-0.022719999426319998,-0.029919999426319996,1.008,0.0,0.00045763199999999997,-0.0,0.00023064652800000002
-0.022679999427329997,-0.029879999427329995,1.008,0.0,0.00045763199999999997,-0.0,0.00023064652800000002
-0.02263999942834,-0.02983999942834,1.016,0.0,0.00046126399999999997,-0.0,0.000234322112
-0.02259999942935,-0.02979999942935,1.016,0.03999999911,0.00046126399999999997,-0.0018018017617117115,0.00023439418406886488
-0.02255999943036,-0.02975999943036,1.016,0.03999999911,0.00046126399999999997,-0.0018018017617117115,0.00023439418406886488
-0.022519999431369998,-0.02971999943137,1.008,0.03999999911,0.00045763199999999997,-0.0018018017617117115,0.0002307186000688649
-0.022479999432379997,-0.02967999943238,1.016,0.0,0.00046126399999999997,-0.0,0.000234322112
-0.02243999943339,-0.029639999433389998,1.016,0.03999999911,0.00046126399999999997,-0.0018018017617117115,0.00023439418406886488
-0.0223999994344,-0.029599999434399997,1.024,0.03999999911,0.00046489599999999996,-0.0018018017617117115,0.00023809882406886483
-0.022359999435409998,-0.029559999435409996,1.016,0.0,0.00046126399999999997,-0.0,0.000234322112
-0.022319999436419997,-0.029519999436419996,1.008,0.0,0.00045763199999999997,-0.0,0.00023064652800000002
-0.02227999943743,-0.02947999943743,1.008,0.0,0.00045763199999999997,-0.0,0.00023064652800000002
-0.02223999943844,-0.02943999943844,1.016,0.03999999911,0.00046126399999999997,-0.0018018017617117115,0.00023439418406886488
-0.02219999943945,-0.02939999943945,1.016,0.03999999911,0.00046126399999999997,-0.0018018017617117115,0.00023439418406886488
-0.022159999440459998,-0.02935999944046,1.016,0.03999999911,0.00046126399999999997,-0.0018018017617117115,0.00023439418406886488
-0.022119999441469997,-0.02931999944147,1.016,0.03999999911,0.00046126399999999997,-0.0018018017617117115,0.00023439418406886488
-0.02207999944248,-0.029279999442479998,1.016,0.0,0.00046126399999999997,-0.0,0.000234322112
-0.02203999944349,-0.029239999443489997,1.008,0.0,0.00045763199999999997,-0.0,0.00023064652800000002
-0.0219999994445,-0.029199999444499997,1.016,0.03999999911,0.00046126399999999997,-0.0018018017617117115,0.00023439418406886488
-0.021959999445509998,-0.029159999445509996,1.016,0.03999999911,0.00046126399999999997,-0.0018018017617117115,0.00023439418406886488
-0.021919999446519997,-0.029119999446519995,1.008,0.0,0.00045763199999999997,-0.0,0.00023064652800000002
-0.02187999944753,-0.02907999944753,1.024,0.0,0.00046489599999999996,-0.0,0.00023802675199999996
-0.02183999944854,-0.02903999944854,1.008,0.0,0.00045763199999999997,-0.0,0.00023064652800000002
-0.02179999944955,-0.02899999944955,1.016,0.03999999911,0.00046126399999999997,-0.0018018017617117115,0.00023439418406886488
-0.021759999450559998,-0.02895999945056,1.016,0.03999999911,0.00046126399999999997,-0.0018018017617117115,0.00023439418406886488
-0.021719999451569997,-0.02891999945157,1.016,0.03999999911,0.00046126399999999997,-0.0018018017617117115,0.00023439418406886488
-0.02167999945258,-0.028879999452579998,1.016,0.03999999911,0.00046126399999999997,-0.0018018017617117115,0.00023439418406886488
-0.02163999945359,-0.028839999453589997,1.024,0.03999999911,0.00046489599999999996,-0.0018018017617117115,0.00023809882406886483
-0.021599999454599998,-0.028799999454599996,1.008,0.03999999911,0.00045763199999999997,-0.0018018017617117115,0.0002307186000688649
-0.021559999455609997,-0.028759999455609996,1.016,0.0,0.00046126399999999997,-0.0,0.000234322112
-0.02151999945662,-0.028719999456620002,1.016,0.03999999911,0.00046126399999999997,-0.0018018017617117115,0.00023439418406886488
-0.02147999945763,-0.02867999945763,1.008,0.0,0.00045763199999999997,-0.0,0.00023064652800000002
-0.02143999945864,-0.02863999945864,1.008,0.03999999911,0.00045763199999999997,-0.0018018017617117115,0.0002307186000688649
-0.021399999459649998,-0.02859999945965,1.016,0.0,0.00046126399999999997,-0.0,0.000234322112
-0.021359999460659997,-0.02855999946066,1.016,0.0,0.00046126399999999997,-0.0,0.000234322112
-0.02131999946167,-0.028519999461669998,1.008,0.03999999911,0.00045763199999999997,-0.0018018017617117115,0.0002307186000688649
-0.02127999946268,-0.028479999462679997,1.008,0.0,0.00045763199999999997,-0.0,0.00023064652800000002
-0.02123999946369,-0.028439999463689997,1.016,0.0,0.00046126399999999997,-0.0,0.000234322112
-0.021199999464699998,-0.028399999464699996,1.016,0.0,0.00046126399999999997,-0.0,0.000234322112
-0.021159999465709997,-0.028359999465709995,1.024,0.0,0.00046489599999999996,-0.0,0.00023802675199999996
-0.02111999946672,-0.02831999946672,1.016,0.03999999911,0.00046126399999999997,-0.0018018017617117115,0.00023439418406886488
-0.02107999946773,-0.02827999946773,1.008,0.03999999911,0.00045763199999999997,-0.0018018017617117115,0.0002307186000688649
-0.02103999946874,-0.02823999946874,1.008,0.03999999911,0.00045763199999999997,-0.0018018017617117115,0.0002307186000688649
-0.020999999469749998,-0.02819999946975,1.008,0.0,0.00045763199999999997,-0.0,0.00023064652800000002
-0.020959999470759997,-0.02815999947076,1.016,0.0,0.00046126399999999997,-0.0,0.000234322112
-0.02091999947177,-0.028119999471769998,1.016,0.0,0.00046126399999999997,-0.0,0.000234322112
-0.02087999947278,-0.028079999472779997,1.008,0.0,0.00045763199999999997,-0.0,0.00023064652800000002
-0.020839999473789998,-0.028039999473789996,1.008,0.03999999911,0.00045763199999999997,-0.0018018017617117115,0.0002307186000688649
-0.020799999474799998,-0.027999999474799996,1.008,0.0,0.00045763199999999997,-0.0,0.00023064652800000002
-0.02075999947581,-0.027959999475810002,1.008,0.0,0.00045763199999999997,-0.0,0.00023064652800000002
-0.02071999947682,-0.02791999947682,1.016,0.0,0.00046126399999999997,-0.0,0.000234322112
-0.02067999947783,-0.02787999947783,1.016,0.0,0.00046126399999999997,-0.0,0.000234322112
-0.020639999478839998,-0.02783999947884,1.016,0.03999999911,0.00046126399999999997,-0.0018018017617117115,0.00023439418406886488
-0.020599999479849997,-0.02779999947985,1.016,0.03999999911,0.00046126399999999997,-0.0018018017617117115,0.00023439418406886488
-0.02055999948086,-0.027759999480859998,1.024,0.03999999911,0.00046489599999999996,-0.0018018017617117115,0.00023809882406886483
-0.02051999948187,-0.027719999481869997,1.024,0.03999999911,0.00046489599999999996,-0.0018018017617117115,0.00023809882406886483
-0.02047999948288,-0.027679999482879997,1.016,0.03999999911,0.00046126399999999997,-0.0018018017617117115,0.00023439418406886488
-0.020439999483889998,-0.027639999483889996,1.016,0.03999999911,0.00046126399999999997,-0.0018018017617117115,0.00023439418406886488
-0.020399999484899997,-0.027599999484899995,1.024,0.03999999911,0.00046489599999999996,-0.0018018017617117115,0.00023809882406886483
-0.02035999948591,-0.02755999948591,1.008,0.03999999911,0.00045763199999999997,-0.0018018017617117115,0.0002307186000688649
-0.02031999948692,-0.02751999948692,1.016,0.03999999911,0.00046126399999999997,-0.0018018017617117115,0.00023439418406886488
-0.02027999948793,-0.02747999948793,1.016,0.0,0.00046126399999999997,-0.0,0.000234322112
-0.020239999488939998,-0.02743999948894,1.016,0.03999999911,0.00046126399999999997,-0.0018018017617117115,0.00023439418406886488
-0.020199999489949997,-0.02739999948995,1.024,0.03999999911,0.00046489599999999996,-0.0018018017617117115,0.00023809882406886483
-0.02015999949096,-0.027359999490959998,1.008,0.0,0.00045763199999999997,-0.0,0.00023064652800000002
-0.02011999949197,-0.027319999491969997,1.008,0.03999999911,0.00045763199999999997,-0.0018018017617117115,0.0002307186000688649
-0.020079999492979998,-0.027279999492979996,1.008,0.0,0.00045763199999999997,-0.0,0.00023064652800000002
-0.020039999493989998,-0.027239999493989996,1.016,0.03999999911,0.00046126399999999997,-0.0018018017617117115,0.00023439418406886488
-0.019999999495,-0.027199999495000002,1.016,0.03999999911,0.00046126399999999997,-0.0018018017617117115,0.00023439418406886488
-0.01995999949601,-0.02715999949601,1.016,0.03999999911,0.00046126399999999997,-0.0018018017617117115,0.00023439418406886488
-0.01991999949702,-0.02711999949702,1.008,0.03999999911,0.00045763199999999997,-0.0018018017617117115,0.0002307186000688649
-0.019879999498029998,-0.02707999949803,1.008,0.0,0.00045763199999999997,-0.0,0.00023064652800000002
-0.019839999499039997,-0.02703999949904,1.016,0.0,0.00046126399999999997,-0.0,0.000234322112
-0.01979999950005,-0.026999999500049998,1.016,0.0,0.00046126399999999997,-0.0,0.000234322112
-0.01975999950106,-0.026959999501059997,1.016,0.03999999911,0.00046126399999999997,-0.0018018017617117115,0.00023439418406886488
-0.01971999950207,-0.026919999502069997,1.016,0.0,0.00046126399999999997,-0.0,0.000234322112
-0.019679999503079998,-0.026879999503079996,1.008,0.0,0.00045763199999999997,-0.0,0.00023064652800000002
-0.019639999504089997,-0.026839999504089995,1.016,0.0,0.00046126399999999997,-0.0,0.000234322112
-0.0195999995051,-0.0267999995051,1.016,0.03999999911,0.00046126399999999997,-0.0018018017617117115,0.00023439418406886488
-0.01955999950611,-0.02675999950611,1.016,0.03999999911,0.00046126399999999997,-0.0018018017617117115,0.00023439418406886488
-0.01951999950712,-0.02671999950712,1.016,0.03999999911,0.00046126399999999997,-0.0018018017617117115,0.00023439418406886488
-0.019479999508129998,-0.02667999950813,1.016,0.03999999911,0.00046126399999999997,-0.0018018017617117115,0.00023439418406886488
-0.019439999509139997,-0.02663999950914,1.008,0.03999999911,0.00045763199999999997,-0.0018018017617117115,0.0002307186000688649
-0.01939999951015,-0.026599999510149998,1.008,0.03999999911,0.00045763199999999997,-0.0018018017617117115,0.0002307186000688649
-0.01935999951116,-0.026559999511159997,1.016,0.0,0.00046126399999999997,-0.0,0.000234322112
-0.01931999951217,-0.026519999512169996,1.008,0.03999999911,0.00045763199999999997,-0.0018018017617117115,0.0002307186000688649
-0.019279999513179998,-0.026479999513179996,1.024,0.03999999911,0.00046489599999999996,-0.0018018017617117115,0.00023809882406886483
-0.01923999951419,-0.026439999514190002,1.016,0.0,0.00046126399999999997,-0.0,0.000234322112
-0.0191999995152,-0.0263999995152,1.008,0.0,0.00045763199999999997,-0.0,0.00023064652800000002
-0.01915999951621,-0.02635999951621,1.008,0.0,0.00045763199999999997,-0.0,0.00023064652800000002
-0.019119999517219998,-0.02631999951722,1.008,0.03999999911,0.00045763199999999997,-0.0018018017617117115,0.0002307186000688649
-0.019079999518229997,-0.02627999951823,1.016,0.0,0.00046126399999999997,-0.0,0.000234322112
-0.01903999951924,-0.026239999519239998,1.016,0.03999999911,0.00046126399999999997,-0.0018018017617117115,0.00023439418406886488
-0.01899999952025,-0.026199999520249997,1.016,0.0,0.00046126399999999997,-0.0,0.000234322112
-0.01895999952126,-0.026159999521259997,1.016,0.0,0.00046126399999999997,-0.0,0.000234322112
-0.018919999522269998,-0.026119999522269996,1.016,0.0,0.00046126399999999997,-0.0,0.000234322112
-0.018879999523279997,-0.026079999523279995,1.016,0.0,0.00046126399999999997,-0.0,0.000234322112
-0.01883999952429,-0.02603999952429,1.016,0.0,0.00046126399999999997,-0.0,0.000234322112
-0.0187999995253,-0.0259999995253,1.008,0.0,0.00045763199999999997,-0.0,0.00023064652800000002
-0.01875999952631,-0.02595999952631,1.024,0.03999999911,0.00046489599999999996,-0.0018018017617117115,0.00023809882406886483
-0.018719999527319998,-0.02591999952732,1.016,0.03999999911,0.00046126399999999997,-0.0018018017617117115,0.00023439418406886488
-0.018679999528329997,-0.02587999952833,1.008,0.0,0.00045763199999999997,-0.0,0.00023064652800000002
-0.01863999952934,-0.025839999529339998,1.016,0.03999999911,0.00046126399999999997,-0.0018018017617117115,0.00023439418406886488
-0.01859999953035,-0.025799999530349997,1.016,0.0,0.00046126399999999997,-0.0,0.000234322112
-0.01855999953136,-0.025759999531359996,1.008,0.0,0.00045763199999999997,-0.0,0.00023064652800000002
-0.018519999532369998,-0.025719999532369996,1.008,0.0,0.00045763199999999997,-0.0,0.00023064652800000002
-0.01847999953338,-0.025679999533380002,1.0320001,0.03999999911,0.0004685280454,-0.0018018017617117115,0.00024183256692166717
-0.01843999953439,-0.02563999953439,1.024,0.0,0.00046489599999999996,-0.0,0.00023802675199999996
-0.0183999995354,-0.0255999995354,1.016,0.03999999911,0.00046126399999999997,-0.0018018017617117115,0.00023439418406886488
-0.018359999536409998,-0.02555999953641,1.016,0.03999999911,0.00046126399999999997,-0.0018018017617117115,0.00023439418406886488
-0.018319999537419997,-0.02551999953742,1.008,0.03999999911,0.00045763199999999997,-0.0018018017617117115,0.0002307186000688649
-0.01827999953843,-0.025479999538429998,1.016,0.03999999911,0.00046126399999999997,-0.0018018017617117115,0.00023439418406886488
-0.01823999953944,-0.025439999539439997,1.008,0.0,0.00045763199999999997,-0.0,0.00023064652800000002
-0.01819999954045,-0.025399999540449997,1.016,0.0,0.00046126399999999997,-0.0,0.000234322112
-0.018159999541459998,-0.025359999541459996,1.016,0.03999999911,0.00046126399999999997,-0.0018018017617117115,0.00023439418406886488
-0.018119999542469997,-0.025319999542469995,1.016,0.03999999911,0.00046126399999999997,-0.0018018017617117115,0.00023439418406886488
-0.01807999954348,-0.02527999954348,1.008,0.03999999911,0.00045763199999999997,-0.0018018017617117115,0.0002307186000688649
-0.01803999954449,-0.02523999954449,1.008,0.03999999911,0.00045763199999999997,-0.0018018017617117115,0.0002307186000688649
-0.0179999995455,-0.0251999995455,1.016,0.0,0.00046126399999999997,-0.0,0.000234322112
-0.017959999546509998,-0.02515999954651,1.008,0.0,0.00045763199999999997,-0.0,0.00023064652800000002
-0.01791999954752,-0.02511999954752,1.008,0.03999999911,0.00045763199999999997,-0.0018018017617117115,0.0002307186000688649
-0.01787999954853,-0.025079999548529998,1.016,0.03999999911,0.00046126399999999997,-0.0018018017617117115,0.00023439418406886488
-0.01783999954954,-0.025039999549539997,1.008,0.03999999911,0.00045763199999999997,-0.0018018017617117115,0.0002307186000688649
-0.01779999955055,-0.024999999550549996,1.024,0.03999999911,0.00046489599999999996,-0.0018018017617117115,0.00023809882406886483
-0.017759999551559998,-0.024959999551559996,1.008,0.0,0.00045763199999999997,-0.0,0.00023064652800000002
-0.01771999955257,-0.024919999552570002,1.016,0.0,0.00046126399999999997,-0.0,0.000234322112
-0.01767999955358,-0.02487999955358,1.016,0.03999999911,0.00046126399999999997,-0.0018018017617117115,0.00023439418406886488
-0.01763999955459,-0.02483999955459,1.016,0.0,0.00046126399999999997,-0.0,0.000234322112
-0.017599999555599998,-0.0247999995556,1.024,0.03999999911,0.00046489599999999996,-0.0018018017617117115,0.00023809882406886483
-0.017559999556609997,-0.02475999955661,1.016,0.03999999911,0.00046126399999999997,-0.0018018017617117115,0.00023439418406886488
-0.01751999955762,-0.024719999557619998,1.008,0.0,0.00045763199999999997,-0.0,0.00023064652800000002
-0.01747999955863,-0.024679999558629998,1.008,0.03999999911,0.00045763199999999997,-0.0018018017617117115,0.0002307186000688649
-0.01743999955964,-0.024639999559639997,1.016,0.0,0.00046126399999999997,-0.0,0.000234322112
-0.017399999560649998,-0.024599999560649996,1.016,0.03999999911,0.00046126399999999997,-0.0018018017617117115,0.00023439418406886488
-0.017359999561659997,-0.024559999561659995,1.024,0.03999999911,0.00046489599999999996,-0.0018018017617117115,0.00023809882406886483
-0.01731999956267,-0.02451999956267,1.024,0.0,0.00046489599999999996,-0.0,0.00023802675199999996
-0.01727999956368,-0.02447999956368,1.008,0.0,0.00045763199999999997,-0.0,0.00023064652800000002
-0.01723999956469,-0.02443999956469,1.008,0.0,0.00045763199999999997,-0.0,0.00023064652800000002
-0.017199999565699998,-0.0243999995657,1.016,0.0,0.00046126399999999997,-0.0,0.000234322112
-0.01715999956671,-0.02435999956671,1.024,0.03999999911,0.00046489599999999996,-0.0018018017617117115,0.00023809882406886483
-0.01711999956772,-0.024319999567719998,1.016,0.0,0.00046126399999999997,-0.0,0.000234322112
-0.01707999956873,-0.024279999568729997,1.024,0.03999999911,0.00046489599999999996,-0.0018018017617117115,0.00023809882406886483
-0.01703999956974,-0.024239999569739996,1.016,0.0,0.00046126399999999997,-0.0,0.000234322112
-0.016999999570749998,-0.024199999570749996,1.016,0.03999999911,0.00046126399999999997,-0.0018018017617117115,0.00023439418406886488
-0.01695999957176,-0.024159999571760002,1.016,0.03999999911,0.00046126399999999997,-0.0018018017617117115,0.00023439418406886488
-0.01691999957277,-0.02411999957277,1.024,0.03999999911,0.00046489599999999996,-0.0018018017617117115,0.00023809882406886483
-0.01687999957378,-0.02407999957378,1.016,0.03999999911,0.00046126399999999997,-0.0018018017617117115,0.00023439418406886488
-0.016839999574789998,-0.02403999957479,1.016,0.0,0.00046126399999999997,-0.0,0.000234322112
-0.016799999575799997,-0.0239999995758,1.016,0.03999999911,0.00046126399999999997,-0.0018018017617117115,0.00023439418406886488
-0.01675999957681,-0.023959999576809998,1.016,0.03999999911,0.00046126399999999997,-0.0018018017617117115,0.00023439418406886488
-0.01671999957782,-0.023919999577819998,1.016,0.03999999911,0.00046126399999999997,-0.0018018017617117115,0.00023439418406886488
-0.01667999957883,-0.023879999578829997,1.008,0.03999999911,0.00045763199999999997,-0.0018018017617117115,0.0002307186000688649
-0.016639999579839998,-0.023839999579839996,1.016,0.0,0.00046126399999999997,-0.0,0.000234322112
-0.016599999580849997,-0.023799999580849995,1.016,0.03999999911,0.00046126399999999997,-0.0018018017617117115,0.00023439418406886488
-0.01655999958186,-0.02375999958186,1.016,0.03999999911,0.00046126399999999997,-0.0018018017617117115,0.00023439418406886488
-0.01651999958287,-0.02371999958287,1.024,0.03999999911,0.00046489599999999996,-0.0018018017617117115,0.00023809882406886483
-0.01647999958388,-0.02367999958388,1.016,0.03999999911,0.00046126399999999997,-0.0018018017617117115,0.00023439418406886488
-0.016439999584889998,-0.02363999958489,1.024,0.03999999911,0.00046489599999999996,-0.0018018017617117115,0.00023809882406886483
-0.0163999995859,-0.0235999995859,1.024,0.03999999911,0.00046489599999999996,-0.0018018017617117115,0.00023809882406886483
-0.01635999958691,-0.023559999586909998,1.016,0.03999999911,0.00046126399999999997,-0.0018018017617117115,0.00023439418406886488
-0.01631999958792,-0.023519999587919997,1.008,0.0,0.00045763199999999997,-0.0,0.00023064652800000002
-0.01627999958893,-0.023479999588929996,1.016,0.03999999911,0.00046126399999999997,-0.0018018017617117115,0.00023439418406886488
-0.016239999589939998,-0.023439999589939996,1.016,0.0,0.00046126399999999997,-0.0,0.000234322112
-0.01619999959095,-0.023399999590950002,1.016,0.03999999911,0.00046126399999999997,-0.0018018017617117115,0.00023439418406886488
-0.01615999959196,-0.02335999959196,1.008,0.0,0.00045763199999999997,-0.0,0.00023064652800000002
-0.01611999959297,-0.02331999959297,1.016,0.03999999911,0.00046126399999999997,-0.0018018017617117115,0.00023439418406886488
-0.016079999593979998,-0.02327999959398,1.0,0.03999999911,0.000454,-0.0018018017617117115,0.00022707207206886486
-0.016039999594989997,-0.02323999959499,1.008,0.0,0.00045763199999999997,-0.0,0.00023064652800000002
-0.015999999596,-0.023199999596,1.008,0.03999999911,0.00045763199999999997,-0.0018018017617117115,0.0002307186000688649
-0.01595999959701,-0.023159999597009998,1.016,0.03999999911,0.00046126399999999997,-0.0018018017617117115,0.00023439418406886488
-0.01591999959802,-0.023119999598019997,1.016,0.0,0.00046126399999999997,-0.0,0.000234322112
-0.015879999599029998,-0.023079999599029996,1.016,0.03999999911,0.00046126399999999997,-0.0018018017617117115,0.00023439418406886488
-0.015839999600039997,-0.023039999600039995,1.016,0.0,0.00046126399999999997,-0.0,0.000234322112
-0.01579999960105,-0.02299999960105,1.016,0.0,0.00046126399999999997,-0.0,0.000234322112
-0.01575999960206,-0.02295999960206,1.016,0.0,0.00046126399999999997,-0.0,0.000234322112
-0.01571999960307,-0.02291999960307,1.016,0.0,0.00046126399999999997,-0.0,0.000234322112
-0.015679999604079998,-0.02287999960408,1.016,0.03999999911,0.00046126399999999997,-0.0018018017617117115,0.00023439418406886488
-0.01563999960509,-0.02283999960509,1.016,0.0,0.00046126399999999997,-0.0,0.000234322112
-0.015599999606099998,-0.022799999606099998,1.024,0.0,0.00046489599999999996,-0.0,0.00023802675199999996
-0.015559999607109999,-0.022759999607109997,1.008,0.0,0.00045763199999999997,-0.0,0.00023064652800000002
-0.015519999608119998,-0.022719999608119996,1.008,0.03999999911,0.00045763199999999997,-0.0018018017617117115,0.0002307186000688649
-0.01547999960913,-0.02267999960913,1.008,0.03999999911,0.00045763199999999997,-0.0018018017617117115,0.0002307186000688649
-0.015439999610139999,-0.02263999961014,1.008,0.03999999911,0.00045763199999999997,-0.0018018017617117115,0.0002307186000688649
-0.01539999961115,-0.02259999961115,1.016,0.0,0.00046126399999999997,-0.0,0.000234322112
-0.015359999612159999,-0.02255999961216,1.016,0.03999999911,0.00046126399999999997,-0.0018018017617117115,0.00023439418406886488
-0.015319999613169998,-0.02251999961317,1.024,0.03999999911,0.00046489599999999996,-0.0018018017617117115,0.00023809882406886483
-0.01527999961418,-0.02247999961418,1.016,0.03999999911,0.00046126399999999997,-0.0018018017617117115,0.00023439418406886488
-0.015239999615189999,-0.02243999961519,1.016,0.03999999911,0.00046126399999999997,-0.0018018017617117115,0.00023439418406886488
-0.0151999996162,-0.022399999616199998,1.016,0.0,0.00046126399999999997,-0.0,0.000234322112
-0.015159999617209999,-0.022359999617209997,1.016,0.0,0.00046126399999999997,-0.0,0.000234322112
-0.01511999961822,-0.02231999961822,1.016,0.03999999911,0.00046126399999999997,-0.0018018017617117115,0.00023439418406886488
-0.015079999619229999,-0.02227999961923,1.008,0.03999999911,0.00045763199999999997,-0.0018018017617117115,0.0002307186000688649
-0.015039999620239998,-0.022239999620239998,1.016,0.03999999911,0.00046126399999999997,-0.0018018017617117115,0.00023439418406886488
-0.01499999962125,-0.02219999962125,1.016,0.03999999911,0.00046126399999999997,-0.0018018017617117115,0.00023439418406886488
-0.014959999622259999,-0.02215999962226,1.016,0.03999999911,0.00046126399999999997,-0.0018018017617117115,0.00023439418406886488
-0.01491999962327,-0.02211999962327,1.016,0.03999999911,0.00046126399999999997,-0.0018018017617117115,0.00023439418406886488
-0.014879999624279999,-0.02207999962428,1.016,0.03999999911,0.00046126399999999997,-0.0018018017617117115,0.00023439418406886488
-0.014839999625289998,-0.022039999625289998,1.008,0.0,0.00045763199999999997,-0.0,0.00023064652800000002
-0.0147999996263,-0.021999999626299997,1.016,0.0,0.00046126399999999997,-0.0,0.000234322112
-0.014759999627309998,-0.021959999627309996,1.016,0.03999999911,0.00046126399999999997,-0.0018018017617117115,0.00023439418406886488
-0.01471999962832,-0.02191999962832,1.016,0.03999999911,0.00046126399999999997,-0.0018018017617117115,0.00023439418406886488
-0.014679999629329999,-0.02187999962933,1.008,0.03999999911,0.00045763199999999997,-0.0018018017617117115,0.0002307186000688649
-0.01463999963034,-0.02183999963034,1.008,0.0,0.00045763199999999997,-0.0,0.00023064652800000002
-0.014599999631349999,-0.02179999963135,1.008,0.0,0.00045763199999999997,-0.0,0.00023064652800000002
-0.014559999632359998,-0.02175999963236,1.008,0.0,0.00045763199999999997,-0.0,0.00023064652800000002
-0.01451999963337,-0.02171999963337,1.016,0.03999999911,0.00046126399999999997,-0.0018018017617117115,0.00023439418406886488
-0.014479999634379999,-0.02167999963438,1.016,0.0,0.00046126399999999997,-0.0,0.000234322112
-0.01443999963539,-0.021639999635389998,1.008,0.03999999911,0.00045763199999999997,-0.0018018017617117115,0.0002307186000688649
-0.014399999636399999,-0.021599999636399997,1.016,0.0,0.00046126399999999997,-0.0,0.000234322112
-0.01435999963741,-0.02155999963741,1.008,0.03999999911,0.00045763199999999997,-0.0018018017617117115,0.0002307186000688649
-0.014319999638419999,-0.02151999963842,1.016,0.03999999911,0.00046126399999999997,-0.0018018017617117115,0.00023439418406886488
-0.014279999639429998,-0.021479999639429998,1.008,0.0,0.00045763199999999997,-0.0,0.00023064652800000002
-0.01423999964044,-0.02143999964044,1.016,0.0,0.00046126399999999997,-0.0,0.000234322112
-0.014199999641449999,-0.02139999964145,1.016,0.0,0.00046126399999999997,-0.0,0.000234322112
-0.01415999964246,-0.02135999964246,1.016,0.03999999911,0.00046126399999999997,-0.0018018017617117115,0.00023439418406886488
-0.014119999643469999,-0.02131999964347,1.016,0.03999999911,0.00046126399999999997,-0.0018018017617117115,0.00023439418406886488
-0.01407999964448,-0.021279999644479998,1.008,0.0,0.00045763199999999997,-0.0,0.00023064652800000002
-0.01403999964549,-0.021239999645489997,1.016,0.03999999911,0.00046126399999999997,-0.0018018017617117115,0.00023439418406886488
-0.013999999646499998,-0.021199999646499997,1.016,0.03999999911,0.00046126399999999997,-0.0018018017617117115,0.00023439418406886488
-0.01395999964751,-0.02115999964751,1.008,0.0,0.00045763199999999997,-0.0,0.00023064652800000002
-0.013919999648519999,-0.02111999964852,1.016,0.03999999911,0.00046126399999999997,-0.0018018017617117115,0.00023439418406886488
-0.01387999964953,-0.02107999964953,1.016,0.03999999911,0.00046126399999999997,-0.0018018017617117115,0.00023439418406886488
-0.013839999650539999,-0.02103999965054,1.008,0.0,0.00045763199999999997,-0.0,0.00023064652800000002
-0.013799999651549998,-0.02099999965155,1.008,0.03999999911,0.00045763199999999997,-0.0018018017617117115,0.0002307186000688649
-0.01375999965256,-0.02095999965256,1.008,0.03999999911,0.00045763199999999997,-0.0018018017617117115,0.0002307186000688649
-0.013719999653569999,-0.02091999965357,1.016,0.03999999911,0.00046126399999999997,-0.0018018017617117115,0.00023439418406886488
-0.01367999965458,-0.020879999654579998,1.008,0.03999999911,0.00045763199999999997,-0.0018018017617117115,0.0002307186000688649
-0.013639999655589999,-0.020839999655589997,1.016,0.03999999911,0.00046126399999999997,-0.0018018017617117115,0.00023439418406886488
-0.0135999996566,-0.0207999996566,1.016,0.0,0.00046126399999999997,-0.0,0.000234322112
-0.013559999657609999,-0.02075999965761,1.016,0.03999999911,0.00046126399999999997,-0.0018018017617117115,0.00023439418406886488
-0.013519999658619998,-0.020719999658619998,1.008,0.03999999911,0.00045763199999999997,-0.0018018017617117115,0.0002307186000688649
-0.01347999965963,-0.02067999965963,1.016,0.0,0.00046126399999999997,-0.0,0.000234322112
-0.013439999660639999,-0.02063999966064,1.008,0.0,0.00045763199999999997,-0.0,0.00023064652800000002
-0.01339999966165,-0.02059999966165,1.008,0.03999999911,0.00045763199999999997,-0.0018018017617117115,0.0002307186000688649
-0.013359999662659999,-0.02055999966266,1.016,0.03999999911,0.00046126399999999997,-0.0018018017617117115,0.00023439418406886488
-0.01331999966367,-0.020519999663669998,1.016,0.0,0.00046126399999999997,-0.0,0.000234322112
-0.01327999966468,-0.020479999664679997,1.016,0.03999999911,0.00046126399999999997,-0.0018018017617117115,0.00023439418406886488
-0.013239999665689998,-0.020439999665689997,1.024,0.03999999911,0.00046489599999999996,-0.0018018017617117115,0.00023809882406886483
-0.0131999996667,-0.0203999996667,1.008,0.0,0.00045763199999999997,-0.0,0.00023064652800000002
-0.013159999667709999,-0.02035999966771,1.024,0.0,0.00046489599999999996,-0.0,0.00023802675199999996
-0.01311999966872,-0.02031999966872,1.016,0.03999999911,0.00046126399999999997,-0.0018018017617117115,0.00023439418406886488
-0.013079999669729999,-0.02027999966973,1.008,0.0,0.00045763199999999997,-0.0,0.00023064652800000002
-0.013039999670739998,-0.02023999967074,1.016,0.03999999911,0.00046126399999999997,-0.0018018017617117115,0.00023439418406886488
-0.01299999967175,-0.02019999967175,1.016,0.03999999911,0.00046126399999999997,-0.0018018017617117115,0.00023439418406886488
-0.012959999672759999,-0.02015999967276,1.024,0.03999999911,0.00046489599999999996,-0.0018018017617117115,0.00023809882406886483
-0.01291999967377,-0.020119999673769998,1.024,0.0,0.00046489599999999996,-0.0,0.00023802675199999996
-0.012879999674779999,-0.020079999674779997,1.016,0.03999999911,0.00046126399999999997,-0.0018018017617117115,0.00023439418406886488
-0.01283999967579,-0.02003999967579,1.016,0.03999999911,0.00046126399999999997,-0.0018018017617117115,0.00023439418406886488
-0.012799999676799999,-0.0199999996768,1.016,0.0,0.00046126399999999997,-0.0,0.000234322112
-0.012759999677809998,-0.019959999677809998,1.016,0.0,0.00046126399999999997,-0.0,0.000234322112
-0.01271999967882,-0.01991999967882,1.016,0.03999999911,0.00046126399999999997,-0.0018018017617117115,0.00023439418406886488
-0.012679999679829999,-0.01987999967983,1.016,0.03999999911,0.00046126399999999997,-0.0018018017617117115,0.00023439418406886488
-0.01263999968084,-0.01983999968084,1.024,0.03999999911,0.00046489599999999996,-0.0018018017617117115,0.00023809882406886483
-0.012599999681849999,-0.01979999968185,1.016,0.03999999911,0.00046126399999999997,-0.0018018017617117115,0.00023439418406886488
-0.01255999968286,-0.019759999682859998,1.016,0.0,0.00046126399999999997,-0.0,0.000234322112
-0.01251999968387,-0.019719999683869997,1.016,0.03999999911,0.00046126399999999997,-0.0018018017617117115,0.00023439418406886488
-0.012479999684879999,-0.019679999684879997,1.016,0.03999999911,0.00046126399999999997,-0.0018018017617117115,0.00023439418406886488
-0.01243999968589,-0.01963999968589,1.016,0.03999999911,0.00046126399999999997,-0.0018018017617117115,0.00023439418406886488
-0.012399999686899999,-0.0195999996869,1.024,0.0,0.00046489599999999996,-0.0,0.00023802675199999996
-0.01235999968791,-0.01955999968791,1.016,0.0,0.00046126399999999997,-0.0,0.000234322112
-0.012319999688919999,-0.01951999968892,1.016,0.03999999911,0.00046126399999999997,-0.0018018017617117115,0.00023439418406886488
-0.012279999689929998,-0.01947999968993,1.016,0.03999999911,0.00046126399999999997,-0.0018018017617117115,0.00023439418406886488
-0.01223999969094,-0.01943999969094,1.016,0.0,0.00046126399999999997,-0.0,0.000234322112
-0.012199999691949999,-0.01939999969195,1.016,0.03999999911,0.00046126399999999997,-0.0018018017617117115,0.00023439418406886488
-0.01215999969296,-0.019359999692959998,1.016,0.03999999911,0.00046126399999999997,-0.0018018017617117115,0.00023439418406886488
-0.012119999693969999,-0.019319999693969997,1.008,0.03999999911,0.00045763199999999997,-0.0018018017617117115,0.0002307186000688649
-0.01207999969498,-0.01927999969498,1.008,0.03999999911,0.00045763199999999997,-0.0018018017617117115,0.0002307186000688649
-0.01203999969599,-0.01923999969599,1.016,0.0,0.00046126399999999997,-0.0,0.000234322112
-0.011999999696999998,-0.019199999696999998,1.016,0.03999999911,0.00046126399999999997,-0.0018018017617117115,0.00023439418406886488
-0.01195999969801,-0.01915999969801,1.016,0.0,0.00046126399999999997,-0.0,0.000234322112
-0.011919999699019999,-0.01911999969902,1.016,0.03999999911,0.00046126399999999997,-0.0018018017617117115,0.00023439418406886488
-0.01187999970003,-0.01907999970003,1.016,0.03999999911,0.00046126399999999997,-0.0018018017617117115,0.00023439418406886488
-0.011839999701039999,-0.01903999970104,1.016,0.03999999911,0.00046126399999999997,-0.0018018017617117115,0.00023439418406886488
-0.01179999970205,-0.018999999702049998,1.016,0.03999999911,0.00046126399999999997,-0.0018018017617117115,0.00023439418406886488
-0.01175999970306,-0.018959999703059997,1.016,0.03999999911,0.00046126399999999997,-0.0018018017617117115,0.00023439418406886488
-0.011719999704069999,-0.018919999704069997,1.008,0.0,0.00045763199999999997,-0.0,0.00023064652800000002
-0.01167999970508,-0.01887999970508,1.016,0.0,0.00046126399999999997,-0.0,0.000234322112
-0.011639999706089999,-0.01883999970609,1.016,0.0,0.00046126399999999997,-0.0,0.000234322112
-0.0115999997071,-0.0187999997071,1.016,0.03999999911,0.00046126399999999997,-0.0018018017617117115,0.00023439418406886488
-0.011559999708109999,-0.01875999970811,1.008,0.03999999911,0.00045763199999999997,-0.0018018017617117115,0.0002307186000688649
-0.011519999709119998,-0.01871999970912,1.016,0.03999999911,0.00046126399999999997,-0.0018018017617117115,0.00023439418406886488
-0.01147999971013,-0.01867999971013,1.024,0.03999999911,0.00046489599999999996,-0.0018018017617117115,0.00023809882406886483
-0.011439999711139999,-0.01863999971114,1.016,0.03999999911,0.00046126399999999997,-0.0018018017617117115,0.00023439418406886488
-0.01139999971215,-0.018599999712149998,1.016,0.0,0.00046126399999999997,-0.0,0.000234322112
-0.011359999713159999,-0.018559999713159997,1.016,0.0,0.00046126399999999997,-0.0,0.000234322112
-0.01131999971417,-0.01851999971417,1.024,0.0,0.00046489599999999996,-0.0,0.00023802675199999996
-0.01127999971518,-0.01847999971518,1.016,0.0,0.00046126399999999997,-0.0,0.000234322112
-0.011239999716189998,-0.018439999716189998,1.016,0.0,0.00046126399999999997,-0.0,0.000234322112
-0.0111999997172,-0.0183999997172,1.008,0.03999999911,0.00045763199999999997,-0.0018018017617117115,0.0002307186000688649
-0.011159999718209999,-0.01835999971821,1.016,0.03999999911,0.00046126399999999997,-0.0018018017617117115,0.00023439418406886488
-0.01111999971922,-0.01831999971922,1.016,0.03999999911,0.00046126399999999997,-0.0018018017617117115,0.00023439418406886488
-0.011079999720229999,-0.01827999972023,1.016,0.03999999911,0.00046126399999999997,-0.0018018017617117115,0.00023439418406886488
-0.01103999972124,-0.018239999721239998,1.016,0.03999999911,0.00046126399999999997,-0.0018018017617117115,0.00023439418406886488
-0.01099999972225,-0.018199999722249997,1.024,0.0,0.00046489599999999996,-0.0,0.00023802675199999996
-0.010959999723259999,-0.018159999723259997,1.024,0.03999999911,0.00046489599999999996,-0.0018018017617117115,0.00023809882406886483
-0.01091999972427,-0.01811999972427,1.016,0.0,0.00046126399999999997,-0.0,0.000234322112
-0.010879999725279999,-0.01807999972528,1.016,0.0,0.00046126399999999997,-0.0,0.000234322112
-0.01083999972629,-0.01803999972629,1.008,0.0,0.00045763199999999997,-0.0,0.00023064652800000002
-0.010799999727299999,-0.0179999997273,1.0320001,0.03999999911,0.0004685280454,-0.0018018017617117115,0.00024183256692166717
-0.01075999972831,-0.01795999972831,1.016,0.03999999911,0.00046126399999999997,-0.0018018017617117115,0.00023439418406886488
-0.01071999972932,-0.01791999972932,1.008,0.03999999911,0.00045763199999999997,-0.0018018017617117115,0.0002307186000688649
-0.010679999730329999,-0.01787999973033,1.016,0.0,0.00046126399999999997,-0.0,0.000234322112
-0.01063999973134,-0.017839999731339998,1.016,0.03999999911,0.00046126399999999997,-0.0018018017617117115,0.00023439418406886488
-0.010599999732349999,-0.017799999732349997,1.016,0.03999999911,0.00046126399999999997,-0.0018018017617117115,0.00023439418406886488
-0.01055999973336,-0.01775999973336,1.016,0.03999999911,0.00046126399999999997,-0.0018018017617117115,0.00023439418406886488
-0.01051999973437,-0.01771999973437,1.016,0.03999999911,0.00046126399999999997,-0.0018018017617117115,0.00023439418406886488
-0.010479999735379998,-0.01767999973538,1.008,0.0,0.00045763199999999997,-0.0,0.00023064652800000002
-0.01043999973639,-0.01763999973639,1.016,0.03999999911,0.00046126399999999997,-0.0018018017617117115,0.00023439418406886488
-0.010399999737399999,-0.0175999997374,1.016,0.03999999911,0.00046126399999999997,-0.0018018017617117115,0.00023439418406886488
-0.01035999973841,-0.01755999973841,1.016,0.03999999911,0.00046126399999999997,-0.0018018017617117115,0.00023439418406886488
-0.010319999739419999,-0.01751999973942,1.008,0.0,0.00045763199999999997,-0.0,0.00023064652800000002
-0.01027999974043,-0.017479999740429998,1.008,0.03999999911,0.00045763199999999997,-0.0018018017617117115,0.0002307186000688649
-0.01023999974144,-0.017439999741439997,1.008,0.0,0.00045763199999999997,-0.0,0.00023064652800000002
-0.010199999742449999,-0.017399999742449997,1.016,0.03999999911,0.00046126399999999997,-0.0018018017617117115,0.00023439418406886488
-0.01015999974346,-0.01735999974346,1.016,0.03999999911,0.00046126399999999997,-0.0018018017617117115,0.00023439418406886488
-0.010119999744469999,-0.01731999974447,1.008,0.03999999911,0.00045763199999999997,-0.0018018017617117115,0.0002307186000688649
-0.01007999974548,-0.01727999974548,1.016,0.0,0.00046126399999999997,-0.0,0.000234322112
-0.010039999746489999,-0.01723999974649,1.008,0.03999999911,0.00045763199999999997,-0.0018018017617117115,0.0002307186000688649
-0.0099999997475,-0.0171999997475,1.024,0.03999999911,0.00046489599999999996,-0.0018018017617117115,0.00023809882406886483
-0.00995999974851,-0.01715999974851,1.016,0.03999999911,0.00046126399999999997,-0.0018018017617117115,0.00023439418406886488
-0.009919999749519999,-0.01711999974952,1.016,0.03999999911,0.00046126399999999997,-0.0018018017617117115,0.00023439418406886488
-0.00987999975053,-0.017079999750529998,1.016,0.03999999911,0.00046126399999999997,-0.0018018017617117115,0.00023439418406886488
-0.009839999751539999,-0.017039999751539997,1.008,0.0,0.00045763199999999997,-0.0,0.00023064652800000002
-0.00979999975255,-0.01699999975255,1.016,0.0,0.00046126399999999997,-0.0,0.000234322112
-0.00975999975356,-0.01695999975356,1.016,0.0,0.00046126399999999997,-0.0,0.000234322112
-0.009719999754569998,-0.01691999975457,1.016,0.03999999911,0.00046126399999999997,-0.0018018017617117115,0.00023439418406886488
-0.00967999975558,-0.01687999975558,1.016,0.03999999911,0.00046126399999999997,-0.0018018017617117115,0.00023439418406886488
-0.009639999756589999,-0.01683999975659,1.016,0.0,0.00046126399999999997,-0.0,0.000234322112
-0.0095999997576,-0.0167999997576,1.016,0.03999999911,0.00046126399999999997,-0.0018018017617117115,0.00023439418406886488
-0.009559999758609999,-0.01675999975861,1.016,0.0,0.00046126399999999997,-0.0,0.000234322112
-0.00951999975962,-0.016719999759619998,1.016,0.03999999911,0.00046126399999999997,-0.0018018017617117115,0.00023439418406886488
-0.00947999976063,-0.016679999760629997,1.024,0.03999999911,0.00046489599999999996,-0.0018018017617117115,0.00023809882406886483
-0.009439999761639999,-0.016639999761639997,1.008,0.0,0.00045763199999999997,-0.0,0.00023064652800000002
-0.00939999976265,-0.01659999976265,1.008,0.03999999911,0.00045763199999999997,-0.0018018017617117115,0.0002307186000688649
-0.009359999763659999,-0.01655999976366,1.016,0.03999999911,0.00046126399999999997,-0.0018018017617117115,0.00023439418406886488
-0.00931999976467,-0.01651999976467,1.016,0.0,0.00046126399999999997,-0.0,0.000234322112
-0.00927999976568,-0.01647999976568,1.016,0.03999999911,0.00046126399999999997,-0.0018018017617117115,0.00023439418406886488
-0.00923999976669,-0.01643999976669,1.016,0.03999999911,0.00046126399999999997,-0.0018018017617117115,0.00023439418406886488
-0.0091999997677,-0.0163999997677,1.016,0.0,0.00046126399999999997,-0.0,0.000234322112
-0.009159999768709999,-0.01635999976871,1.016,0.0,0.00046126399999999997,-0.0,0.000234322112
-0.00911999976972,-0.016319999769719998,1.024,0.03999999911,0.00046489599999999996,-0.0018018017617117115,0.00023809882406886483
-0.009079999770729999,-0.016279999770729997,1.024,0.0,0.00046489599999999996,-0.0,0.00023802675199999996
-0.00903999977174,-0.01623999977174,1.016,0.03999999911,0.00046126399999999997,-0.0018018017617117115,0.00023439418406886488
-0.00899999977275,-0.01619999977275,1.016,0.03999999911,0.00046126399999999997,-0.0018018017617117115,0.00023439418406886488
-0.00895999977376,-0.016159999773760002,1.016,0.03999999911,0.00046126399999999997,-0.0018018017617117115,0.00023439418406886488
-0.00891999977477,-0.01611999977477,1.008,0.0,0.00045763199999999997,-0.0,0.00023064652800000002
-0.008879999775779999,-0.01607999977578,1.024,0.03999999911,0.00046489599999999996,-0.0018018017617117115,0.00023809882406886483
-0.00883999977679,-0.01603999977679,1.016,0.03999999911,0.00046126399999999997,-0.0018018017617117115,0.00023439418406886488
-0.008799999777799999,-0.0159999997778,1.008,0.0,0.00045763199999999997,-0.0,0.00023064652800000002
-0.00875999977881,-0.015959999778809998,1.008,0.03999999911,0.00045763199999999997,-0.0018018017617117115,0.0002307186000688649
-0.00871999977982,-0.015919999779819997,1.016,0.0,0.00046126399999999997,-0.0,0.000234322112
-0.008679999780829999,-0.015879999780829997,1.016,0.0,0.00046126399999999997,-0.0,0.000234322112
-0.00863999978184,-0.01583999978184,1.016,0.03999999911,0.00046126399999999997,-0.0018018017617117115,0.00023439418406886488
-0.008599999782849999,-0.01579999978285,1.008,0.0,0.00045763199999999997,-0.0,0.00023064652800000002
-0.00855999978386,-0.01575999978386,1.008,0.03999999911,0.00045763199999999997,-0.0018018017617117115,0.0002307186000688649
-0.00851999978487,-0.01571999978487,1.024,0.0,0.00046489599999999996,-0.0,0.00023802675199999996
-0.00847999978588,-0.01567999978588,1.008,0.03999999911,0.00045763199999999997,-0.0018018017617117115,0.0002307186000688649
-0.00843999978689,-0.01563999978689,1.016,0.0,0.00046126399999999997,-0.0,0.000234322112
-0.008399999787899999,-0.015599999787899999,1.008,0.03999999911,0.00045763199999999997,-0.0018018017617117115,0.0002307186000688649
-0.00835999978891,-0.01555999978891,1.016,0.03999999911,0.00046126399999999997,-0.0018018017617117115,0.00023439418406886488
-0.008319999789919999,-0.015519999789919999,1.016,0.03999999911,0.00046126399999999997,-0.0018018017617117115,0.00023439418406886488
-0.00827999979093,-0.01547999979093,1.016,0.03999999911,0.00046126399999999997,-0.0018018017617117115,0.00023439418406886488
-0.00823999979194,-0.015439999791939999,1.016,0.03999999911,0.00046126399999999997,-0.0018018017617117115,0.00023439418406886488
-0.00819999979295,-0.01539999979295,1.024,0.03999999911,0.00046489599999999996,-0.0018018017617117115,0.00023809882406886483
-0.00815999979396,-0.01535999979396,1.016,0.03999999911,0.00046126399999999997,-0.0018018017617117115,0.00023439418406886488
-0.008119999794969999,-0.015319999794969999,1.024,0.03999999911,0.00046489599999999996,-0.0018018017617117115,0.00023809882406886483
-0.00807999979598,-0.01527999979598,1.016,0.0,0.00046126399999999997,-0.0,0.000234322112
-0.008039999796989999,-0.015239999796989999,1.024,0.03999999911,0.00046489599999999996,-0.0018018017617117115,0.00023809882406886483
-0.007999999798,-0.015199999798,1.016,0.03999999911,0.00046126399999999997,-0.0018018017617117115,0.00023439418406886488
-0.00795999979901,-0.01515999979901,1.016,0.03999999911,0.00046126399999999997,-0.0018018017617117115,0.00023439418406886488
-0.007919999800019999,-0.015119999800019998,1.016,0.03999999911,0.00046126399999999997,-0.0018018017617117115,0.00023439418406886488
-0.00787999980103,-0.01507999980103,1.008,0.0,0.00045763199999999997,-0.0,0.00023064652800000002
-0.007839999802039999,-0.015039999802039999,1.016,0.03999999911,0.00046126399999999997,-0.0018018017617117115,0.00023439418406886488
-0.007799999803049999,-0.014999999803049998,1.008,0.03999999911,0.00045763199999999997,-0.0018018017617117115,0.0002307186000688649
-0.007759999804059999,-0.014959999804059999,1.016,0.03999999911,0.00046126399999999997,-0.0018018017617117115,0.00023439418406886488
-0.007719999805069999,-0.01491999980507,1.016,0.0,0.00046126399999999997,-0.0,0.000234322112
-0.0076799998060799995,-0.01487999980608,1.008,0.03999999911,0.00045763199999999997,-0.0018018017617117115,0.0002307186000688649
-0.00763999980709,-0.014839999807089999,1.016,0.03999999911,0.00046126399999999997,-0.0018018017617117115,0.00023439418406886488
-0.0075999998081,-0.0147999998081,1.016,0.03999999911,0.00046126399999999997,-0.0018018017617117115,0.00023439418406886488
-0.00755999980911,-0.01475999980911,1.016,0.03999999911,0.00046126399999999997,-0.0018018017617117115,0.00023439418406886488
-0.007519999810119999,-0.01471999981012,1.008,0.0,0.00045763199999999997,-0.0,0.00023064652800000002
-0.007479999811129999,-0.014679999811129999,1.016,0.03999999911,0.00046126399999999997,-0.0018018017617117115,0.00023439418406886488
-0.0074399998121399994,-0.014639999812139998,1.016,0.0,0.00046126399999999997,-0.0,0.000234322112
-0.00739999981315,-0.01459999981315,1.016,0.0,0.00046126399999999997,-0.0,0.000234322112
-0.00735999981416,-0.01455999981416,1.016,0.03999999911,0.00046126399999999997,-0.0018018017617117115,0.00023439418406886488
-0.00731999981517,-0.01451999981517,1.008,0.0,0.00045763199999999997,-0.0,0.00023064652800000002
-0.007279999816179999,-0.014479999816179999,1.016,0.03999999911,0.00046126399999999997,-0.0018018017617117115,0.00023439418406886488
-0.007239999817189999,-0.014439999817189998,1.016,0.03999999911,0.00046126399999999997,-0.0018018017617117115,0.00023439418406886488
-0.007199999818199999,-0.0143999998182,1.016,0.0,0.00046126399999999997,-0.0,0.000234322112
-0.0071599998192099995,-0.01435999981921,1.016,0.03999999911,0.00046126399999999997,-0.0018018017617117115,0.00023439418406886488
-0.00711999982022,-0.01431999982022,1.016,0.03999999911,0.00046126399999999997,-0.0018018017617117115,0.00023439418406886488
-0.00707999982123,-0.014279999821229999,1.024,0.03999999911,0.00046489599999999996,-0.0018018017617117115,0.00023809882406886483
-0.00703999982224,-0.01423999982224,1.016,0.0,0.00046126399999999997,-0.0,0.000234322112
-0.006999999823249999,-0.014199999823249999,1.016,0.0,0.00046126399999999997,-0.0,0.000234322112
-0.006959999824259999,-0.01415999982426,1.016,0.03999999911,0.00046126399999999997,-0.0018018017617117115,0.00023439418406886488
-0.0069199998252699995,-0.01411999982527,1.016,0.03999999911,0.00046126399999999997,-0.0018018017617117115,0.00023439418406886488
-0.00687999982628,-0.014079999826279999,1.016,0.03999999911,0.00046126399999999997,-0.0018018017617117115,0.00023439418406886488
-0.00683999982729,-0.01403999982729,1.008,0.0,0.00045763199999999997,-0.0,0.00023064652800000002
-0.0067999998283,-0.0139999998283,1.024,0.03999999911,0.00046489599999999996,-0.0018018017617117115,0.00023809882406886483
-0.006759999829309999,-0.01395999982931,1.016,0.03999999911,0.00046126399999999997,-0.0018018017617117115,0.00023439418406886488
-0.006719999830319999,-0.013919999830319999,1.008,0.0,0.00045763199999999997,-0.0,0.00023064652800000002
-0.0066799998313299995,-0.013879999831329998,1.008,0.0,0.00045763199999999997,-0.0,0.00023064652800000002
-0.00663999983234,-0.01383999983234,1.016,0.03999999911,0.00046126399999999997,-0.0018018017617117115,0.00023439418406886488
-0.00659999983335,-0.01379999983335,1.016,0.03999999911,0.00046126399999999997,-0.0018018017617117115,0.00023439418406886488
-0.00655999983436,-0.01375999983436,1.008,0.0,0.00045763199999999997,-0.0,0.00023064652800000002
-0.006519999835369999,-0.013719999835369999,1.024,0.03999999911,0.00046489599999999996,-0.0018018017617117115,0.00023809882406886483
-0.006479999836379999,-0.013679999836379998,1.016,0.03999999911,0.00046126399999999997,-0.0018018017617117115,0.00023439418406886488
-0.006439999837389999,-0.01363999983739,1.016,0.0,0.00046126399999999997,-0.0,0.000234322112
-0.0063999998383999996,-0.0135999998384,1.008,0.0,0.00045763199999999997,-0.0,0.00023064652800000002
-0.00635999983941,-0.01355999983941,1.016,0.03999999911,0.00046126399999999997,-0.0018018017617117115,0.00023439418406886488
-0.00631999984042,-0.013519999840419999,1.016,0.03999999911,0.00046126399999999997,-0.0018018017617117115,0.00023439418406886488
-0.00627999984143,-0.01347999984143,1.016,0.0,0.00046126399999999997,-0.0,0.000234322112
-0.006239999842439999,-0.013439999842439999,1.016,0.03999999911,0.00046126399999999997,-0.0018018017617117115,0.00023439418406886488
-0.006199999843449999,-0.01339999984345,1.008,0.0,0.00045763199999999997,-0.0,0.00023064652800000002
-0.0061599998444599995,-0.01335999984446,1.016,0.0,0.00046126399999999997,-0.0,0.000234322112
-0.00611999984547,-0.013319999845469999,1.016,0.03999999911,0.00046126399999999997,-0.0018018017617117115,0.00023439418406886488
-0.00607999984648,-0.01327999984648,1.024,0.0,0.00046489599999999996,-0.0,0.00023802675199999996
-0.00603999984749,-0.01323999984749,1.016,0.03999999911,0.00046126399999999997,-0.0018018017617117115,0.00023439418406886488
-0.005999999848499999,-0.0131999998485,1.016,0.0,0.00046126399999999997,-0.0,0.000234322112
-0.005959999849509999,-0.01315999984951,1.016,0.03999999911,0.00046126399999999997,-0.0018018017617117115,0.00023439418406886488
-0.0059199998505199995,-0.013119999850519998,1.016,0.03999999911,0.00046126399999999997,-0.0018018017617117115,0.00023439418406886488
-0.00587999985153,-0.01307999985153,1.016,0.0,0.00046126399999999997,-0.0,0.000234322112
-0.00583999985254,-0.01303999985254,1.024,0.0,0.00046489599999999996,-0.0,0.00023802675199999996
-0.00579999985355,-0.01299999985355,1.008,0.0,0.00045763199999999997,-0.0,0.00023064652800000002
-0.005759999854559999,-0.012959999854559999,1.016,0.03999999911,0.00046126399999999997,-0.0018018017617117115,0.00023439418406886488
-0.005719999855569999,-0.012919999855569998,1.008,0.0,0.00045763199999999997,-0.0,0.00023064652800000002
-0.0056799998565799995,-0.01287999985658,1.016,0.0,0.00046126399999999997,-0.0,0.000234322112
-0.00563999985759,-0.01283999985759,1.024,0.0,0.00046489599999999996,-0.0,0.00023802675199999996
-0.0055999998586,-0.0127999998586,1.008,0.03999999911,0.00045763199999999997,-0.0018018017617117115,0.0002307186000688649
-0.00555999985961,-0.012759999859609999,1.024,0.03999999911,0.00046489599999999996,-0.0018018017617117115,0.00023809882406886483
-0.00551999986062,-0.01271999986062,1.016,0.0,0.00046126399999999997,-0.0,0.000234322112
-0.005479999861629999,-0.012679999861629999,1.024,0.03999999911,0.00046489599999999996,-0.0018018017617117115,0.00023809882406886483
-0.005439999862639999,-0.01263999986264,1.0320001,0.03999999911,0.0004685280454,-0.0018018017617117115,0.00024183256692166717
-0.0053999998636499996,-0.01259999986365,1.016,0.0,0.00046126399999999997,-0.0,0.000234322112
-0.00535999986466,-0.012559999864659999,1.016,0.0,0.00046126399999999997,-0.0,0.000234322112
-0.00531999986567,-0.01251999986567,1.008,0.0,0.00045763199999999997,-0.0,0.00023064652800000002
-0.00527999986668,-0.01247999986668,1.016,0.0,0.00046126399999999997,-0.0,0.000234322112
-0.005239999867689999,-0.01243999986769,1.016,0.0,0.00046126399999999997,-0.0,0.000234322112
-0.005199999868699999,-0.0123999998687,1.016,0.03999999911,0.00046126399999999997,-0.0018018017617117115,0.00023439418406886488
-0.0051599998697099995,-0.012359999869709998,1.016,0.03999999911,0.00046126399999999997,-0.0018018017617117115,0.00023439418406886488
-0.00511999987072,-0.01231999987072,1.024,0.03999999911,0.00046489599999999996,-0.0018018017617117115,0.00023809882406886483
-0.00507999987173,-0.01227999987173,1.008,0.03999999911,0.00045763199999999997,-0.0018018017617117115,0.0002307186000688649
-0.00503999987274,-0.01223999987274,1.016,0.03999999911,0.00046126399999999997,-0.0018018017617117115,0.00023439418406886488
-0.00499999987375,-0.012199999873749999,1.016,0.0,0.00046126399999999997,-0.0,0.000234322112
-0.004959999874759999,-0.012159999874759998,1.016,0.0,0.00046126399999999997,-0.0,0.000234322112
-0.0049199998757699995,-0.01211999987577,1.016,0.03999999911,0.00046126399999999997,-0.0018018017617117115,0.00023439418406886488
-0.00487999987678,-0.01207999987678,1.016,0.03999999911,0.00046126399999999997,-0.0018018017617117115,0.00023439418406886488
-0.00483999987779,-0.01203999987779,1.016,0.0,0.00046126399999999997,-0.0,0.000234322112
-0.0047999998788,-0.011999999878799999,1.008,0.03999999911,0.00045763199999999997,-0.0018018017617117115,0.0002307186000688649
-0.00475999987981,-0.01195999987981,1.016,0.0,0.00046126399999999997,-0.0,0.000234322112
-0.004719999880819999,-0.011919999880819999,1.008,0.03999999911,0.00045763199999999997,-0.0018018017617117115,0.0002307186000688649
-0.0046799998818299994,-0.01187999988183,1.016,0.03999999911,0.00046126399999999997,-0.0018018017617117115,0.00023439418406886488
-0.00463999988284,-0.01183999988284,1.016,0.0,0.00046126399999999997,-0.0,0.000234322112
-0.00459999988385,-0.011799999883849999,1.008,0.0,0.00045763199999999997,-0.0,0.00023064652800000002
-0.00455999988486,-0.01175999988486,1.016,0.0,0.00046126399999999997,-0.0,0.000234322112
-0.00451999988587,-0.01171999988587,1.008,0.0,0.00045763199999999997,-0.0,0.00023064652800000002
-0.00447999988688,-0.01167999988688,1.016,0.03999999911,0.00046126399999999997,-0.0018018017617117115,0.00023439418406886488
-0.004439999887889999,-0.01163999988789,1.016,0.03999999911,0.00046126399999999997,-0.0018018017617117115,0.00023439418406886488
-0.0043999998888999995,-0.011599999888899998,1.016,0.0,0.00046126399999999997,-0.0,0.000234322112
-0.00435999988991,-0.01155999988991,1.008,0.03999999911,0.00045763199999999997,-0.0018018017617117115,0.0002307186000688649
-0.00431999989092,-0.01151999989092,1.016,0.03999999911,0.00046126399999999997,-0.0018018017617117115,0.00023439418406886488
-0.00427999989193,-0.01147999989193,1.016,0.0,0.00046126399999999997,-0.0,0.000234322112
-0.00423999989294,-0.011439999892939999,1.008,0.03999999911,0.00045763199999999997,-0.0018018017617117115,0.0002307186000688649
-0.004199999893949999,-0.011399999893949998,1.008,0.03999999911,0.00045763199999999997,-0.0018018017617117115,0.0002307186000688649
-0.0041599998949599995,-0.01135999989496,1.016,0.0,0.00046126399999999997,-0.0,0.000234322112
-0.00411999989597,-0.01131999989597,1.008,0.03999999911,0.00045763199999999997,-0.0018018017617117115,0.0002307186000688649
-0.00407999989698,-0.01127999989698,1.016,0.03999999911,0.00046126399999999997,-0.0018018017617117115,0.00023439418406886488
-0.00403999989799,-0.011239999897989999,1.008,0.03999999911,0.00045763199999999997,-0.0018018017617117115,0.0002307186000688649
-0.003999999899,-0.011199999899,1.016,0.03999999911,0.00046126399999999997,-0.0018018017617117115,0.00023439418406886488
-0.003959999900009999,-0.011159999900009999,1.016,0.03999999911,0.00046126399999999997,-0.0018018017617117115,0.00023439418406886488
-0.0039199999010199995,-0.01111999990102,1.016,0.03999999911,0.00046126399999999997,-0.0018018017617117115,0.00023439418406886488
-0.0038799999020299996,-0.01107999990203,1.016,0.03999999911,0.00046126399999999997,-0.0018018017617117115,0.00023439418406886488
-0.0038399999030399997,-0.011039999903039999,1.016,0.03999999911,0.00046126399999999997,-0.0018018017617117115,0.00023439418406886488
-0.00379999990405,-0.01099999990405,1.016,0.0,0.00046126399999999997,-0.0,0.000234322112
-0.0037599999050599996,-0.010959999905059999,1.008,0.0,0.00045763199999999997,-0.0,0.00023064652800000002
-0.0037199999060699997,-0.01091999990607,1.008,0.0,0.00045763199999999997,-0.0,0.00023064652800000002
-0.00367999990708,-0.01087999990708,1.016,0.03999999911,0.00046126399999999997,-0.0018018017617117115,0.00023439418406886488
-0.0036399999080899996,-0.010839999908089998,1.016,0.0,0.00046126399999999997,-0.0,0.000234322112
-0.0035999999090999997,-0.0107999999091,1.016,0.03999999911,0.00046126399999999997,-0.0018018017617117115,0.00023439418406886488
-0.00355999991011,-0.01075999991011,1.016,0.0,0.00046126399999999997,-0.0,0.000234322112
-0.00351999991112,-0.01071999991112,1.008,0.0,0.00045763199999999997,-0.0,0.00023064652800000002
-0.0034799999121299997,-0.010679999912129999,1.016,0.03999999911,0.00046126399999999997,-0.0018018017617117115,0.00023439418406886488
-0.00343999991314,-0.01063999991314,1.024,0.03999999911,0.00046489599999999996,-0.0018018017617117115,0.00023809882406886483
-0.00339999991415,-0.01059999991415,1.024,0.03999999911,0.00046489599999999996,-0.0018018017617117115,0.00023809882406886483
-0.0033599999151599997,-0.01055999991516,1.016,0.03999999911,0.00046126399999999997,-0.0018018017617117115,0.00023439418406886488
-0.00331999991617,-0.01051999991617,1.024,0.03999999911,0.00046489599999999996,-0.0018018017617117115,0.00023809882406886483
-0.00327999991718,-0.010479999917179999,1.016,0.0,0.00046126399999999997,-0.0,0.000234322112
-0.0032399999181899996,-0.01043999991819,1.016,0.03999999911,0.00046126399999999997,-0.0018018017617117115,0.00023439418406886488
-0.0031999999191999998,-0.0103999999192,1.024,0.03999999911,0.00046489599999999996,-0.0018018017617117115,0.00023809882406886483
-0.00315999992021,-0.01035999992021,1.008,0.0,0.00045763199999999997,-0.0,0.00023064652800000002
-0.0031199999212199996,-0.01031999992122,1.016,0.0,0.00046126399999999997,-0.0,0.000234322112
-0.0030799999222299998,-0.010279999922229999,1.024,0.03999999911,0.00046489599999999996,-0.0018018017617117115,0.00023809882406886483
-0.00303999992324,-0.01023999992324,1.008,0.03999999911,0.00045763199999999997,-0.0018018017617117115,0.0002307186000688649
-0.0029999999242499996,-0.010199999924249999,1.008,0.03999999911,0.00045763199999999997,-0.0018018017617117115,0.0002307186000688649
-0.0029599999252599997,-0.01015999992526,1.016,0.03999999911,0.00046126399999999997,-0.0018018017617117115,0.00023439418406886488
-0.00291999992627,-0.01011999992627,1.016,0.03999999911,0.00046126399999999997,-0.0018018017617117115,0.00023439418406886488
-0.0028799999272799996,-0.010079999927279999,1.016,0.0,0.00046126399999999997,-0.0,0.000234322112
-0.0028399999282899997,-0.01003999992829,1.016,0.0,0.00046126399999999997,-0.0,0.000234322112
-0.0027999999293,-0.0099999999293,1.016,0.0,0.00046126399999999997,-0.0,0.000234322112
-0.00275999993031,-0.00995999993031,1.008,0.03999999911,0.00045763199999999997,-0.0018018017617117115,0.0002307186000688649
-0.0027199999313199997,-0.009919999931319999,1.008,0.0,0.00045763199999999997,-0.0,0.00023064652800000002
-0.00267999993233,-0.00987999993233,1.008,0.0,0.00045763199999999997,-0.0,0.00023064652800000002
-0.00263999993334,-0.00983999993334,1.016,0.03999999911,0.00046126399999999997,-0.0018018017617117115,0.00023439418406886488
-0.0025999999343499997,-0.00979999993435,1.016,0.03999999911,0.00046126399999999997,-0.0018018017617117115,0.00023439418406886488
-0.00255999993536,-0.00975999993536,1.016,0.03999999911,0.00046126399999999997,-0.0018018017617117115,0.00023439418406886488
-0.00251999993637,-0.009719999936369999,1.016,0.03999999911,0.00046126399999999997,-0.0018018017617117115,0.00023439418406886488
-0.0024799999373799997,-0.00967999993738,1.016,0.0,0.00046126399999999997,-0.0,0.000234322112
-0.00243999993839,-0.00963999993839,1.016,0.03999999911,0.00046126399999999997,-0.0018018017617117115,0.00023439418406886488
-0.0023999999394,-0.0095999999394,1.016,0.03999999911,0.00046126399999999997,-0.0018018017617117115,0.00023439418406886488
-0.0023599999404099996,-0.00955999994041,1.016,0.03999999911,0.00046126399999999997,-0.0018018017617117115,0.00023439418406886488
-0.00231999994142,-0.009519999941419999,1.016,0.03999999911,0.00046126399999999997,-0.0018018017617117115,0.00023439418406886488
-0.00227999994243,-0.00947999994243,1.008,0.03999999911,0.00045763199999999997,-0.0018018017617117115,0.0002307186000688649
-0.00223999994344,-0.00943999994344,1.008,0.03999999911,0.00045763199999999997,-0.0018018017617117115,0.0002307186000688649
-0.0021999999444499998,-0.00939999994445,1.016,0.03999999911,0.00046126399999999997,-0.0018018017617117115,0.00023439418406886488
-0.00215999994546,-0.00935999994546,1.016,0.03999999911,0.00046126399999999997,-0.0018018017617117115,0.00023439418406886488
-0.00211999994647,-0.00931999994647,1.008,0.0,0.00045763199999999997,-0.0,0.00023064652800000002
-0.0020799999474799998,-0.00927999994748,1.016,0.0,0.00046126399999999997,-0.0,0.000234322112
-0.00203999994849,-0.00923999994849,1.016,0.03999999911,0.00046126399999999997,-0.0018018017617117115,0.00023439418406886488
-0.0019999999495,-0.0091999999495,1.008,0.0,0.00045763199999999997,-0.0,0.00023064652800000002
-0.0019599999505099997,-0.009159999950509999,1.024,0.03999999911,0.00046489599999999996,-0.0018018017617117115,0.00023809882406886483
-0.0019199999515199999,-0.00911999995152,1.016,0.03999999911,0.00046126399999999997,-0.0018018017617117115,0.00023439418406886488
-0.0018799999525299998,-0.00907999995253,1.016,0.03999999911,0.00046126399999999997,-0.0018018017617117115,0.00023439418406886488
-0.00183999995354,-0.00903999995354,1.024,0.0,0.00046489599999999996,-0.0,0.00023802675199999996
-0.0017999999545499999,-0.00899999995455,1.016,0.03999999911,0.00046126399999999997,-0.0018018017617117115,0.00023439418406886488
-0.00175999995556,-0.008959999955559999,1.016,0.03999999911,0.00046126399999999997,-0.0018018017617117115,0.00023439418406886488
-0.00171999995657,-0.00891999995657,1.0,0.03999999911,0.000454,-0.0018018017617117115,0.00022707207206886486
-0.0016799999575799998,-0.00887999995758,1.0,0.0,0.000454,-0.0,0.000227
-0.00163999995859,-0.00883999995859,1.008,0.03999999911,0.00045763199999999997,-0.0018018017617117115,0.0002307186000688649
-0.0015999999595999999,-0.0087999999596,1.016,0.03999999911,0.00046126399999999997,-0.0018018017617117115,0.00023439418406886488
-0.0015599999606099998,-0.008759999960609999,1.016,0.0,0.00046126399999999997,-0.0,0.000234322112
-0.00151999996162,-0.00871999996162,1.016,0.03999999911,0.00046126399999999997,-0.0018018017617117115,0.00023439418406886488
-0.0014799999626299999,-0.008679999962629999,1.008,0.0,0.00045763199999999997,-0.0,0.00023064652800000002
-0.0014399999636399998,-0.00863999996364,1.016,0.0,0.00046126399999999997,-0.0,0.000234322112
-0.00139999996465,-0.00859999996465,1.016,0.03999999911,0.00046126399999999997,-0.0018018017617117115,0.00023439418406886488
-0.0013599999656599999,-0.00855999996566,1.008,0.0,0.00045763199999999997,-0.0,0.00023064652800000002
-0.00131999996667,-0.00851999996667,1.016,0.0,0.00046126399999999997,-0.0,0.000234322112
-0.00127999996768,-0.00847999996768,1.016,0.0,0.00046126399999999997,-0.0,0.000234322112
-0.0012399999686899998,-0.00843999996869,1.016,0.03999999911,0.00046126399999999997,-0.0018018017617117115,0.00023439418406886488
-0.0011999999697,-0.008399999969699999,1.024,0.03999999911,0.00046489599999999996,-0.0018018017617117115,0.00023809882406886483
-0.00115999997071,-0.00835999997071,1.016,0.0,0.00046126399999999997,-0.0,0.000234322112
-0.00111999997172,-0.00831999997172,1.016,0.03999999911,0.00046126399999999997,-0.0018018017617117115,0.00023439418406886488
-0.00107999997273,-0.00827999997273,1.024,0.03999999911,0.00046489599999999996,-0.0018018017617117115,0.00023809882406886483
-0.0010399999737399999,-0.00823999997374,1.008,0.03999999911,0.00045763199999999997,-0.0018018017617117115,0.0002307186000688649
-0.00099999997475,-0.008199999974749999,1.016,0.0,0.00046126399999999997,-0.0,0.000234322112
-0.0009599999757599999,-0.00815999997576,1.016,0.03999999911,0.00046126399999999997,-0.0018018017617117115,0.00023439418406886488
-0.00091999997677,-0.00811999997677,1.024,0.03999999911,0.00046489599999999996,-0.0018018017617117115,0.00023809882406886483
-0.00087999997778,-0.00807999997778,1.016,0.03999999911,0.00046126399999999997,-0.0018018017617117115,0.00023439418406886488
-0.0008399999787899999,-0.00803999997879,1.024,0.0,0.00046489599999999996,-0.0,0.00023802675199999996
-0.0007999999797999999,-0.0079999999798,1.016,0.0,0.00046126399999999997,-0.0,0.000234322112
-0.00075999998081,-0.00795999998081,1.016,0.03999999911,0.00046126399999999997,-0.0018018017617117115,0.00023439418406886488
-0.0007199999818199999,-0.007919999981819999,1.016,0.0,0.00046126399999999997,-0.0,0.000234322112
-0.0006799999828299999,-0.00787999998283,1.016,0.03999999911,0.00046126399999999997,-0.0018018017617117115,0.00023439418406886488
-0.00063999998384,-0.00783999998384,1.016,0.03999999911,0.00046126399999999997,-0.0018018017617117115,0.00023439418406886488
-0.00059999998485,-0.0077999999848499995,1.008,0.03999999911,0.00045763199999999997,-0.0018018017617117115,0.0002307186000688649
-0.00055999998586,-0.00775999998586,1.008,0.03999999911,0.00045763199999999997,-0.0018018017617117115,0.0002307186000688649
-0.0005199999868699999,-0.00771999998687,1.008,0.03999999911,0.00045763199999999997,-0.0018018017617117115,0.0002307186000688649
-0.00047999998787999997,-0.00767999998788,1.016,0.03999999911,0.00046126399999999997,-0.0018018017617117115,0.00023439418406886488
-0.00043999998889,-0.00763999998889,1.016,0.03999999911,0.00046126399999999997,-0.0018018017617117115,0.00023439418406886488
-0.00039999998989999997,-0.0075999999899,1.016,0.03999999911,0.00046126399999999997,-0.0018018017617117115,0.00023439418406886488
-0.00035999999090999995,-0.007559999990909999,1.016,0.0,0.00046126399999999997,-0.0,0.000234322112
-0.00031999999192,-0.0075199999919199996,1.016,0.03999999911,0.00046126399999999997,-0.0018018017617117115,0.00023439418406886488
-0.00027999999293,-0.00747999999293,1.016,0.03999999911,0.00046126399999999997,-0.0018018017617117115,0.00023439418406886488
-0.00023999999393999998,-0.00743999999394,1.008,0.03999999911,0.00045763199999999997,-0.0018018017617117115,0.0002307186000688649
-0.00019999999494999999,-0.00739999999495,1.016,0.03999999911,0.00046126399999999997,-0.0018018017617117115,0.00023439418406886488
-0.00015999999596,-0.00735999999596,1.016,0.03999999911,0.00046126399999999997,-0.0018018017617117115,0.00023439418406886488
-0.00011999999696999999,-0.007319999996969999,1.016,0.03999999911,0.00046126399999999997,-0.0018018017617117115,0.00023439418406886488
-7.999999798e-05,-0.0072799999979799995,1.008,0.03999999911,0.00045763199999999997,-0.0018018017617117115,0.0002307186000688649
-3.999999899e-05,-0.00723999999899,1.024,0.03999999911,0.00046489599999999996,-0.0018018017617117115,0.00023809882406886483
0.0,-0.0072,1.016,0.0,0.00046126399999999997,-0.0,0.000234322112
3.999999899e-05,-0.00716000000101,1.016,0.03999999911,0.00046126399999999997,-0.0018018017617117115,0.00023439418406886488
7.999999798e-05,-0.00712000000202,1.008,0.03999999911,0.00045763199999999997,-0.0018018017617117115,0.0002307186000688649
0.00011999999696999999,-0.00708000000303,1.016,0.03999999911,0.00046126399999999997,-0.0018018017617117115,0.00023439418406886488
0.00015999999596,-0.0070400000040399995,1.0320001,0.03999999911,0.0004685280454,-0.0018018017617117115,0.00024183256692166717
0.00019999999494999999,-0.00700000000505,1.016,0.03999999911,0.00046126399999999997,-0.0018018017617117115,0.00023439418406886488
0.00023999999393999998,-0.00696000000606,1.016,0.0,0.00046126399999999997,-0.0,0.000234322112
0.00027999999293,-0.00692000000707,1.016,0.03999999911,0.00046126399999999997,-0.0018018017617117115,0.00023439418406886488
0.00031999999192,-0.00688000000808,1.024,0.03999999911,0.00046489599999999996,-0.0018018017617117115,0.00023809882406886483
0.00035999999090999995,-0.00684000000909,1.016,0.0,0.00046126399999999997,-0.0,0.000234322112
0.00039999998989999997,-0.0068000000100999995,1.016,0.03999999911,0.00046126399999999997,-0.0018018017617117115,0.00023439418406886488
0.00043999998889,-0.00676000001111,1.008,0.03999999911,0.00045763199999999997,-0.0018018017617117115,0.0002307186000688649
0.00047999998787999997,-0.00672000001212,1.016,0.03999999911,0.00046126399999999997,-0.0018018017617117115,0.00023439418406886488
0.0005199999868699999,-0.00668000001313,1.016,0.03999999911,0.00046126399999999997,-0.0018018017617117115,0.00023439418406886488
0.00055999998586,-0.00664000001414,1.0,0.03999999911,0.000454,-0.0018018017617117115,0.00022707207206886486
0.00059999998485,-0.00660000001515,1.016,0.03999999911,0.00046126399999999997,-0.0018018017617117115,0.00023439418406886488
0.00063999998384,-0.00656000001616,1.008,0.0,0.00045763199999999997,-0.0,0.00023064652800000002
0.0006799999828299999,-0.0065200000171699996,1.016,0.03999999911,0.00046126399999999997,-0.0018018017617117115,0.00023439418406886488
0.0007199999818199999,-0.00648000001818,1.008,0.0,0.00045763199999999997,-0.0,0.00023064652800000002
0.00075999998081,-0.00644000001919,1.024,0.03999999911,0.00046489599999999996,-0.0018018017617117115,0.00023809882406886483
0.0007999999797999999,-0.0064000000202,1.016,0.03999999911,0.00046126399999999997,-0.0018018017617117115,0.00023439418406886488
0.0008399999787899999,-0.00636000002121,1.016,0.0,0.00046126399999999997,-0.0,0.000234322112
0.00087999997778,-0.006320000022219999,1.016,0.0,0.00046126399999999997,-0.0,0.000234322112
0.00091999997677,-0.0062800000232299995,1.016,0.0,0.00046126399999999997,-0.0,0.000234322112
0.0009599999757599999,-0.00624000002424,1.024,0.03999999911,0.00046489599999999996,-0.0018018017617117115,0.00023809882406886483
0.00099999997475,-0.00620000002525,1.016,0.03999999911,0.00046126399999999997,-0.0018018017617117115,0.00023439418406886488
0.0010399999737399999,-0.00616000002626,1.016,0.0,0.00046126399999999997,-0.0,0.000234322112
0.00107999997273,-0.00612000002727,1.016,0.03999999911,0.00046126399999999997,-0.0018018017617117115,0.00023439418406886488
0.00111999997172,-0.00608000002828,1.024,0.0,0.00046489599999999996,-0.0,0.00023802675199999996
0.00115999997071,-0.0060400000292899995,1.008,0.03999999911,0.00045763199999999997,-0.0018018017617117115,0.0002307186000688649
0.0011999999697,-0.0060000000303,1.016,0.03999999911,0.00046126399999999997,-0.0018018017617117115,0.00023439418406886488
0.0012399999686899998,-0.00596000003131,1.024,0.03999999911,0.00046489599999999996,-0.0018018017617117115,0.00023809882406886483
0.00127999996768,-0.00592000003232,1.016,0.03999999911,0.00046126399999999997,-0.0018018017617117115,0.00023439418406886488
0.00131999996667,-0.00588000003333,1.016,0.03999999911,0.00046126399999999997,-0.0018018017617117115,0.00023439418406886488
0.0013599999656599999,-0.00584000003434,1.008,0.0,0.00045763199999999997,-0.0,0.00023064652800000002
0.00139999996465,-0.00580000003535,1.016,0.03999999911,0.00046126399999999997,-0.0018018017617117115,0.00023439418406886488
0.0014399999636399998,-0.00576000003636,1.024,0.03999999911,0.00046489599999999996,-0.0018018017617117115,0.00023809882406886483
0.0014799999626299999,-0.00572000003737,1.016,0.03999999911,0.00046126399999999997,-0.0018018017617117115,0.00023439418406886488
0.00151999996162,-0.00568000003838,1.016,0.03999999911,0.00046126399999999997,-0.0018018017617117115,0.00023439418406886488
0.0015599999606099998,-0.00564000003939,1.016,0.03999999911,0.00046126399999999997,-0.0018018017617117115,0.00023439418406886488
0.0015999999595999999,-0.0056000000404,1.008,0.03999999911,0.00045763199999999997,-0.0018018017617117115,0.0002307186000688649
0.00163999995859,-0.005560000041409999,1.008,0.03999999911,0.00045763199999999997,-0.0018018017617117115,0.0002307186000688649
0.0016799999575799998,-0.00552000004242,1.016,0.03999999911,0.00046126399999999997,-0.0018018017617117115,0.00023439418406886488
0.00171999995657,-0.00548000004343,1.016,0.0,0.00046126399999999997,-0.0,0.000234322112
0.00175999995556,-0.00544000004444,1.016,0.03999999911,0.00046126399999999997,-0.0018018017617117115,0.00023439418406886488
0.0017999999545499999,-0.00540000004545,1.016,0.0,0.00046126399999999997,-0.0,0.000234322112
0.00183999995354,-0.00536000004646,1.016,0.03999999911,0.00046126399999999997,-0.0018018017617117115,0.00023439418406886488
0.0018799999525299998,-0.00532000004747,1.016,0.03999999911,0.00046126399999999997,-0.0018018017617117115,0.00023439418406886488
0.0019199999515199999,-0.0052800000484799995,1.016,0.03999999911,0.00046126399999999997,-0.0018018017617117115,0.00023439418406886488
0.0019599999505099997,-0.0052400000494900005,1.016,0.03999999911,0.00046126399999999997,-0.0018018017617117115,0.00023439418406886488
0.0019999999495,-0.0052000000505,1.008,0.0,0.00045763199999999997,-0.0,0.00023064652800000002
0.00203999994849,-0.00516000005151,1.016,0.03999999911,0.00046126399999999997,-0.0018018017617117115,0.00023439418406886488
0.0020799999474799998,-0.00512000005252,1.016,0.03999999911,0.00046126399999999997,-0.0018018017617117115,0.00023439418406886488
0.00211999994647,-0.005080000053529999,1.016,0.0,0.00046126399999999997,-0.0,0.000234322112
0.00215999994546,-0.00504000005454,1.008,0.03999999911,0.00045763199999999997,-0.0018018017617117115,0.0002307186000688649
0.0021999999444499998,-0.00500000005555,1.016,0.03999999911,0.00046126399999999997,-0.0018018017617117115,0.00023439418406886488
0.00223999994344,-0.00496000005656,1.016,0.03999999911,0.00046126399999999997,-0.0018018017617117115,0.00023439418406886488
0.00227999994243,-0.00492000005757,1.008,0.0,0.00045763199999999997,-0.0,0.00023064652800000002
0.00231999994142,-0.00488000005858,1.016,0.03999999911,0.00046126399999999997,-0.0018018017617117115,0.00023439418406886488
0.0023599999404099996,-0.00484000005959,1.016,0.03999999911,0.00046126399999999997,-0.0018018017617117115,0.00023439418406886488
0.0023999999394,-0.004800000060599999,1.016,0.0,0.00046126399999999997,-0.0,0.000234322112
0.00243999993839,-0.00476000006161,1.008,0.03999999911,0.00045763199999999997,-0.0018018017617117115,0.0002307186000688649
0.0024799999373799997,-0.00472000006262,1.016,0.0,0.00046126399999999997,-0.0,0.000234322112
0.00251999993637,-0.00468000006363,1.016,0.03999999911,0.00046126399999999997,-0.0018018017617117115,0.00023439418406886488
0.00255999993536,-0.00464000006464,1.016,0.0,0.00046126399999999997,-0.0,0.000234322112
0.0025999999343499997,-0.00460000006565,1.0320001,0.03999999911,0.0004685280454,-0.0018018017617117115,0.00024183256692166717
0.00263999993334,-0.00456000006666,1.024,0.03999999911,0.00046489599999999996,-0.0018018017617117115,0.00023809882406886483
0.00267999993233,-0.0045200000676699995,1.024,0.03999999911,0.00046489599999999996,-0.0018018017617117115,0.00023809882406886483
0.0027199999313199997,-0.0044800000686800005,1.016,0.0,0.00046126399999999997,-0.0,0.000234322112
0.00275999993031,-0.00444000006969,1.008,0.0,0.00045763199999999997,-0.0,0.00023064652800000002
0.0027999999293,-0.0044000000707,1.016,0.0,0.00046126399999999997,-0.0,0.000234322112
0.0028399999282899997,-0.00436000007171,1.016,0.03999999911,0.00046126399999999997,-0.0018018017617117115,0.00023439418406886488
0.0028799999272799996,-0.00432000007272,1.016,0.03999999911,0.00046126399999999997,-0.0018018017617117115,0.00023439418406886488
0.00291999992627,-0.00428000007373,1.008,0.0,0.00045763199999999997,-0.0,0.00023064652800000002
0.0029599999252599997,-0.00424000007474,1.024,0.03999999911,0.00046489599999999996,-0.0018018017617117115,0.00023809882406886483
0.0029999999242499996,-0.004200000075750001,1.016,0.03999999911,0.00046126399999999997,-0.0018018017617117115,0.00023439418406886488
0.00303999992324,-0.00416000007676,1.016,0.0,0.00046126399999999997,-0.0,0.000234322112
0.0030799999222299998,-0.00412000007777,1.016,0.0,0.00046126399999999997,-0.0,0.000234322112
0.0031199999212199996,-0.00408000007878,1.008,0.03999999911,0.00045763199999999997,-0.0018018017617117115,0.0002307186000688649
0.00315999992021,-0.0040400000797899994,1.016,0.03999999911,0.00046126399999999997,-0.0018018017617117115,0.00023439418406886488
0.0031999999191999998,-0.0040000000808000005,1.016,0.03999999911,0.00046126399999999997,-0.0018018017617117115,0.00023439418406886488
0.0032399999181899996,-0.00396000008181,1.016,0.0,0.00046126399999999997,-0.0,0.000234322112
0.00327999991718,-0.00392000008282,1.016,0.03999999911,0.00046126399999999997,-0.0018018017617117115,0.00023439418406886488
0.00331999991617,-0.00388000008383,1.016,0.0,0.00046126399999999997,-0.0,0.000234322112
0.0033599999151599997,-0.00384000008484,1.016,0.03999999911,0.00046126399999999997,-0.0018018017617117115,0.00023439418406886488
0.00339999991415,-0.00380000008585,1.016,0.03999999911,0.00046126399999999997,-0.0018018017617117115,0.00023439418406886488
0.00343999991314,-0.00376000008686,1.024,0.03999999911,0.00046489599999999996,-0.0018018017617117115,0.00023809882406886483
0.0034799999121299997,-0.00372000008787,1.016,0.0,0.00046126399999999997,-0.0,0.000234322112
0.00351999991112,-0.00368000008888,1.016,0.0,0.00046126399999999997,-0.0,0.000234322112
0.00355999991011,-0.00364000008989,1.016,0.0,0.00046126399999999997,-0.0,0.000234322112
0.0035999999090999997,-0.0036000000909,1.008,0.0,0.00045763199999999997,-0.0,0.00023064652800000002
0.0036399999080899996,-0.0035600000919100002,1.016,0.03999999911,0.00046126399999999997,-0.0018018017617117115,0.00023439418406886488
0.00367999990708,-0.00352000009292,1.016,0.0,0.00046126399999999997,-0.0,0.000234322112
0.0037199999060699997,-0.00348000009393,1.008,0.03999999911,0.00045763199999999997,-0.0018018017617117115,0.0002307186000688649
0.0037599999050599996,-0.0034400000949400002,1.016,0.03999999911,0.00046126399999999997,-0.0018018017617117115,0.00023439418406886488
0.00379999990405,-0.00340000009595,1.016,0.03999999911,0.00046126399999999997,-0.0018018017617117115,0.00023439418406886488
0.0038399999030399997,-0.00336000009696,1.016,0.03999999911,0.00046126399999999997,-0.0018018017617117115,0.00023439418406886488
0.0038799999020299996,-0.00332000009797,1.016,0.03999999911,0.00046126399999999997,-0.0018018017617117115,0.00023439418406886488
0.0039199999010199995,-0.0032800000989800003,1.008,0.03999999911,0.00045763199999999997,-0.0018018017617117115,0.0002307186000688649
0.003959999900009999,-0.0032400000999900005,1.016,0.0,0.00046126399999999997,-0.0,0.000234322112
0.003999999899,-0.0032000001009999997,1.016,0.03999999911,0.00046126399999999997,-0.0018018017617117115,0.00023439418406886488
0.00403999989799,-0.00316000010201,1.016,0.03999999911,0.00046126399999999997,-0.0018018017617117115,0.00023439418406886488
0.00407999989698,-0.00312000010302,1.016,0.03999999911,0.00046126399999999997,-0.0018018017617117115,0.00023439418406886488
0.00411999989597,-0.00308000010403,1.008,0.0,0.00045763199999999997,-0.0,0.00023064652800000002
0.0041599998949599995,-0.0030400001050400003,1.024,0.03999999911,0.00046489599999999996,-0.0018018017617117115,0.00023809882406886483
0.004199999893949999,-0.0030000001060500004,1.016,0.03999999911,0.00046126399999999997,-0.0018018017617117115,0.00023439418406886488
0.00423999989294,-0.0029600001070599997,1.016,0.03999999911,0.00046126399999999997,-0.0018018017617117115,0.00023439418406886488
0.00427999989193,-0.00292000010807,1.016,0.0,0.00046126399999999997,-0.0,0.000234322112
0.00431999989092,-0.00288000010908,1.024,0.0,0.00046489599999999996,-0.0,0.00023802675199999996
0.00435999988991,-0.00284000011009,1.008,0.0,0.00045763199999999997,-0.0,0.00023064652800000002
0.0043999998888999995,-0.0028000001111000003,1.016,0.03999999911,0.00046126399999999997,-0.0018018017617117115,0.00023439418406886488
0.004439999887889999,-0.0027600001121100004,1.016,0.03999999911,0.00046126399999999997,-0.0018018017617117115,0.00023439418406886488
0.00447999988688,-0.0027200001131199997,1.008,0.03999999911,0.00045763199999999997,-0.0018018017617117115,0.0002307186000688649
0.00451999988587,-0.00268000011413,1.024,0.03999999911,0.00046489599999999996,-0.0018018017617117115,0.00023809882406886483
0.00455999988486,-0.00264000011514,1.024,0.0,0.00046489599999999996,-0.0,0.00023802675199999996
0.00459999988385,-0.00260000011615,1.024,0.03999999911,0.00046489599999999996,-0.0018018017617117115,0.00023809882406886483
0.00463999988284,-0.0025600001171600002,1.016,0.0,0.00046126399999999997,-0.0,0.000234322112
0.0046799998818299994,-0.0025200001181700004,1.016,0.03999999911,0.00046126399999999997,-0.0018018017617117115,0.00023439418406886488
0.004719999880819999,-0.0024800001191800005,1.016,0.0,0.00046126399999999997,-0.0,0.000234322112
0.00475999987981,-0.0024400001201899998,1.016,0.0,0.00046126399999999997,-0.0,0.000234322112
0.0047999998788,-0.0024000001212,1.016,0.0,0.00046126399999999997,-0.0,0.000234322112
0.00483999987779,-0.00236000012221,1.016,0.0,0.00046126399999999997,-0.0,0.000234322112
0.00487999987678,-0.00232000012322,1.008,0.03999999911,0.00045763199999999997,-0.0018018017617117115,0.0002307186000688649
0.0049199998757699995,-0.0022800001242300003,1.008,0.0,0.00045763199999999997,-0.0,0.00023064652800000002
0.004959999874759999,-0.0022400001252400005,1.016,0.0,0.00046126399999999997,-0.0,0.000234322112
0.00499999987375,-0.0022000001262499997,1.008,0.0,0.00045763199999999997,-0.0,0.00023064652800000002
0.00503999987274,-0.00216000012726,1.008,0.03999999911,0.00045763199999999997,-0.0018018017617117115,0.0002307186000688649
0.00507999987173,-0.00212000012827,1.016,0.03999999911,0.00046126399999999997,-0.0018018017617117115,0.00023439418406886488
0.00511999987072,-0.00208000012928,1.008,0.0,0.00045763199999999997,-0.0,0.00023064652800000002
0.0051599998697099995,-0.0020400001302900003,1.016,0.03999999911,0.00046126399999999997,-0.0018018017617117115,0.00023439418406886488
0.005199999868699999,-0.0020000001313000004,1.008,0.0,0.00045763199999999997,-0.0,0.00023064652800000002
0.005239999867689999,-0.0019600001323100006,1.024,0.0,0.00046489599999999996,-0.0,0.00023802675199999996
0.00527999986668,-0.0019200001333199998,1.016,0.03999999911,0.00046126399999999997,-0.0018018017617117115,0.00023439418406886488
0.00531999986567,-0.00188000013433,1.016,0.0,0.00046126399999999997,-0.0,0.000234322112
0.00535999986466,-0.0018400001353400001,1.008,0.0,0.00045763199999999997,-0.0,0.00023064652800000002
0.0053999998636499996,-0.0018000001363500003,1.008,0.0,0.00045763199999999997,-0.0,0.00023064652800000002
0.005439999862639999,-0.0017600001373600004,1.008,0.0,0.00045763199999999997,-0.0,0.00023064652800000002
0.005479999861629999,-0.0017200001383700005,1.008,0.0,0.00045763199999999997,-0.0,0.00023064652800000002
0.00551999986062,-0.0016800001393799998,1.024,0.03999999911,0.00046489599999999996,-0.0018018017617117115,0.00023809882406886483
0.00555999985961,-0.00164000014039,1.024,0.03999999911,0.00046489599999999996,-0.0018018017617117115,0.00023809882406886483
0.0055999998586,-0.0016000001414,1.016,0.03999999911,0.00046126399999999997,-0.0018018017617117115,0.00023439418406886488
0.00563999985759,-0.0015600001424100002,1.016,0.0,0.00046126399999999997,-0.0,0.000234322112
0.0056799998565799995,-0.0015200001434200004,1.008,0.03999999911,0.00045763199999999997,-0.0018018017617117115,0.0002307186000688649
0.005719999855569999,-0.0014800001444300005,1.008,0.0,0.00045763199999999997,-0.0,0.00023064652800000002
0.005759999854559999,-0.0014400001454400006,1.024,0.03999999911,0.00046489599999999996,-0.0018018017617117115,0.00023809882406886483
0.00579999985355,-0.00140000014645,1.016,0.03999999911,0.00046126399999999997,-0.0018018017617117115,0.00023439418406886488
0.00583999985254,-0.00136000014746,1.024,0.03999999911,0.00046489599999999996,-0.0018018017617117115,0.00023809882406886483
0.00587999985153,-0.0013200001484700002,1.008,0.03999999911,0.00045763199999999997,-0.0018018017617117115,0.0002307186000688649
0.0059199998505199995,-0.0012800001494800003,1.008,0.03999999911,0.00045763199999999997,-0.0018018017617117115,0.0002307186000688649
0.005959999849509999,-0.0012400001504900005,1.016,0.03999999911,0.00046126399999999997,-0.0018018017617117115,0.00023439418406886488
0.005999999848499999,-0.0012000001515000006,1.016,0.03999999911,0.00046126399999999997,-0.0018018017617117115,0.00023439418406886488
0.00603999984749,-0.0011600001525099999,1.024,0.03999999911,0.00046489599999999996,-0.0018018017617117115,0.00023809882406886483
0.00607999984648,-0.00112000015352,1.016,0.0,0.00046126399999999997,-0.0,0.000234322112
0.00611999984547,-0.0010800001545300001,1.008,0.03999999911,0.00045763199999999997,-0.0018018017617117115,0.0002307186000688649
0.0061599998444599995,-0.0010400001555400003,1.016,0.0,0.00046126399999999997,-0.0,0.000234322112
0.006199999843449999,-0.0010000001565500004,1.016,0.03999999911,0.00046126399999999997,-0.0018018017617117115,0.00023439418406886488
0.006239999842439999,-0.0009600001575600006,1.016,0.03999999911,0.00046126399999999997,-0.0018018017617117115,0.00023439418406886488
0.00627999984143,-0.0009200001585699998,1.016,0.03999999911,0.00046126399999999997,-0.0018018017617117115,0.00023439418406886488
0.00631999984042,-0.00088000015958,1.016,0.03999999911,0.00046126399999999997,-0.0018018017617117115,0.00023439418406886488
0.00635999983941,-0.0008400001605900001,1.016,0.0,0.00046126399999999997,-0.0,0.000234322112
0.0063999998383999996,-0.0008000001616000002,1.008,0.03999999911,0.00045763199999999997,-0.0018018017617117115,0.0002307186000688649
0.006439999837389999,-0.0007600001626100004,1.016,0.0,0.00046126399999999997,-0.0,0.000234322112
0.006479999836379999,-0.0007200001636200005,1.016,0.03999999911,0.00046126399999999997,-0.0018018017617117115,0.00023439418406886488
0.006519999835369999,-0.0006800001646300007,1.008,0.03999999911,0.00045763199999999997,-0.0018018017617117115,0.0002307186000688649
0.00655999983436,-0.0006400001656399999,1.016,0.0,0.00046126399999999997,-0.0,0.000234322112
0.00659999983335,-0.0006000001666500001,1.008,0.0,0.00045763199999999997,-0.0,0.00023064652800000002
0.00663999983234,-0.0005600001676600002,1.016,0.03999999911,0.00046126399999999997,-0.0018018017617117115,0.00023439418406886488
0.0066799998313299995,-0.0005200001686700003,1.008,0.03999999911,0.00045763199999999997,-0.0018018017617117115,0.0002307186000688649
0.006719999830319999,-0.0004800001696800005,1.008,0.03999999911,0.00045763199999999997,-0.0018018017617117115,0.0002307186000688649
0.006759999829309999,-0.0004400001706900006,1.016,0.03999999911,0.00046126399999999997,-0.0018018017617117115,0.00023439418406886488
0.0067999998283,-0.0004000001716999999,1.008,0.03999999911,0.00045763199999999997,-0.0018018017617117115,0.0002307186000688649
0.00683999982729,-0.00036000017271,1.008,0.0,0.00045763199999999997,-0.0,0.00023064652800000002
0.00687999982628,-0.00032000017372000016,1.0,0.0,0.000454,-0.0,0.000227
0.0069199998252699995,-0.0002800001747300003,1.008,0.03999999911,0.00045763199999999997,-0.0018018017617117115,0.0002307186000688649
0.006959999824259999,-0.00024000017574000044,1.016,0.0,0.00046126399999999997,-0.0,0.000234322112
0.006999999823249999,-0.00020000017675000058,1.016,0.0,0.00046126399999999997,-0.0,0.000234322112
0.00703999982224,-0.00016000017775999985,1.016,0.03999999911,0.00046126399999999997,-0.0018018017617117115,0.00023439418406886488
0.00707999982123,-0.00012000017876999999,1.016,0.03999999911,0.00046126399999999997,-0.0018018017617117115,0.00023439418406886488
0.00711999982022,-8.000017978000012e-05,1.016,0.0,0.00046126399999999997,-0.0,0.000234322112
0.0071599998192099995,-4.000018079000026e-05,1.024,0.03999999911,0.00046489599999999996,-0.0018018017617117115,0.00023809882406886483
0.007199999818199999,-1.818000004011333e-10,0.976000070572,6.27999973,0.00044310403203968795,-0.2828828707207207,0.0019927391350184876
0.007239999817189999,3.999981718999946e-05,0.952000021935,6.07999992,0.00043220800995849,-0.27387387027027027,0.0018708841268138161
0.007279999816179999,7.999981617999932e-05,0.928000032902,5.92000008,0.00042131201493750796,-0.2666666702702703,0.0017741554911953417
0.00731999981517,0.00011999981517000005,0.904000043869,5.75999975,0.000410416019916526,-0.2594594481981982,0.0016799944067612997
0.00735999981416,0.0001599998141599999,0.880000054836,5.5999999,0.00039952002489554396,-0.2522522477477478,0.0015884013840702428
0.00739999981315,0.00019999981314999977,0.872000038624,5.48000002,0.00039588801753529597,-0.24684684774774776,0.0015253279138853731
0.0074399998121399994,0.00023999981213999964,0.832000017166,5.31999969,0.000377728007793364,-0.2396396256756757,0.00143201758879039
0.007479999811129999,0.0002799998111299995,0.816000044346,5.19999981,0.000370464020133084,-0.23423422567567567,0.0013691672574376076
0.007519999810119999,0.00031999981011999936,0.792000055313,5.07999992,0.00035956802511210196,-0.2288288252252252,0.0013048393617266236
0.00755999980911,0.0003599998091100001,0.768000006676,4.96000004,0.000348672003030904,-0.2234234252252252,0.0012420702483817883
0.0075999998081,0.00039999980809999995,0.744000017643,4.79999971,0.00033777600800992196,-0.21621620315315315,0.0011634903903918181
0.00763999980709,0.0004399998070899998,0.728000044823,4.71999979,0.000330512020349642,-0.21261260315315317,0.0011238378250487762
0.0076799998060799995,0.0004799998060799997,0.712000012398,4.5999999,0.000323248005628692,-0.2072072027027027,0.0010682294037193411
0.007719999805069999,0.0005199998050699995,0.680000007153,4.44000006,0.000308720003247462,-0.2000000027027027,0.0009929648262082746
0.007759999804059999,0.0005599998040599994,0.664000034332,4.36000013,0.000301456015586728,-0.19639640225225227,0.00095637174170094
0.007799999803049999,0.0005999998030499993,0.65600001812,4.23999977,0.00029782400822647996,-0.19099098063063064,0.0009074879913425193
0.007839999802039999,0.0006399998020399991,0.632000029087,4.11999989,0.000286928013205498,-0.18558558063063063,0.0008552818281296593
0.00787999980103,0.0006799998010299999,0.616000056267,4.03999996,0.000279664025545218,-0.1819819801801802,0.0008213437203845039
0.007919999800019999,0.0007199998000199988,0.600000023842,3.9599998,0.000272400010824268,-0.17837836936936938,0.0007880983135215899
0.00795999979901,0.0007599997990099996,0.576000034809,3.83999991,0.00026150401580328595,-0.17297296891891892,0.0007395293461837744
0.007999999798,0.0007999997980000003,0.560000002384,3.72000003,0.000254240001082336,-0.1675675689189189,0.0006945385620115136
0.008039999796989999,0.0008399997969899993,0.552000045776,3.63999987,0.00025060802078230403,-0.16396395810810813,0.0006659966056700314
0.00807999979598,0.00087999979598,0.544000029564,3.55999994,0.000246976013422056,-0.16036035765765766,0.0006380603429412384
0.008119999794969999,0.000919999794969999,0.520000040531,3.48000002,0.000236080018401074,-0.15675675765765765,0.0006068943293523426
0.00815999979396,0.0009599997939599998,0.512000024319,3.39999986,0.000232448011040826,-0.15315314684684683,0.0005802273714907417
0.00819999979295,0.0009999997929500005,0.488000035286,3.27999997,0.00022155201601984398,-0.1477477463963964,0.000538671299565432
0.00823999979194,0.0010399997919399995,0.480000019073,3.19999981,0.00021792000865914198,-0.1441441355855856,0.0005135620106428764
0.00827999979093,0.0010799997909300002,0.464000016451,3.11999989,0.00021065600746875398,-0.14054053558558557,0.0004873586510330699
0.008319999789919999,0.0011199997899199992,0.456000030041,3.03999996,0.000207024013638614,-0.13693693513513513,0.00046348975555254157
0.00835999978891,0.00115999978891,0.440000027418,2.96000004,0.00019976001244777198,-0.13333333513513515,0.0004386138828103534
0.008399999787899999,0.001199999787899999,0.432000011206,2.87999988,0.000196128005087524,-0.12972972432432434,0.0004159852406842976
0.00843999978689,0.0012399997868899997,0.408000022173,2.79999995,0.000185232010066542,-0.1261261238738739,0.0003909404726476901
0.00847999978588,0.0012799997858800004,0.416000008583,2.75999999,0.000188864003896682,-0.12432432387387388,0.0003824188462696684
0.00851999978487,0.0013199997848699994,0.39200001955,2.6799998,0.0001779680088757,-0.12072071171171171,0.0003584132147225195
0.00855999978386,0.00135999978386,0.39200001955,2.5999999,0.0001779680088757,-0.11711711261261261,0.00033938621256035604
0.008599999782849999,0.001399999782849999,0.37600001693,2.5599999,0.00017070400768622,-0.11531531081081083,0.00032729953903416347
0.00863999978184,0.0014399997818399998,0.36800003052,2.48,0.00016707201385608,-0.11171171171171171,0.0003077862981440827
0.008679999780829999,0.0014799997808299988,0.36000001431,2.3999999,0.00016344000649674,-0.10810810360360361,0.0002888786401766648
0.00871999977982,0.0015199997798199995,0.33600002527,2.3199999,0.00015254401147258,-0.1045045,0.00026807782540433703
0.00875999977881,0.0015599997788100003,0.33600002527,2.28,0.00015254401147258,-0.1027027027027027,0.0002597895580169492
0.008799999777799999,0.0015999997777999993,0.32800000906,2.2,0.00014891200411323998,-0.09909909909909911,0.00024243958736716082
0.00883999977679,0.00163999977679,0.32000002265,2.1599998,0.0001452800102831,-0.09729728828828829,0.00023340692653383717
0.008879999775779999,0.001679999775779999,0.30400002003,2.1199999,0.00013801600909361998,-0.09549549099099099,0.0002234288661158124
0.00891999977477,0.0017199997747699997,0.30400002003,2.04,0.00013801600909361998,-0.0918918918918919,0.00020843789422392005
0.00895999977376,0.0017599997737600005,0.29600000381,1.9599999,0.00013438400172974,-0.08828828378378378,0.00019293385989939087
0.00899999977275,0.0017999997727499994,0.2880000174,1.92,0.00013075200789959998,-0.08648648648648649,0.00018488234432913894
0.00903999977174,0.0018399997717400002,0.27200001478,1.88,0.00012348800671012,-0.08468468468468468,0.0001760015770323599
0.009079999770729999,0.0018799997707299992,0.27200001478,1.8399999,0.00012348800671012,-0.08288287837837838,0.0001692988577530811
0.00911999976972,0.00191999976972,0.26399999857,1.8,0.00011985599935078,-0.08108108108108109,0.0001617669377745519
0.009159999768709999,0.001959999768709999,0.26399999857,1.76,0.00011985599935078,-0.07927927927927929,0.0001553525233601375
0.0091999997677,0.0019999997676999996,0.24800001085,1.64,0.0001125920049259,-0.07387387387387387,0.00013511456237477637
0.00923999976669,0.0020399997666900004,0.24000000954,1.64,0.00010896000433116,-0.07387387387387387,0.00013422835419263157
0.00927999976568,0.0020799997656799993,0.24000000954,1.5999999,0.00010896000433116,-0.07207206756756757,0.00012839050194037979
0.00931999976467,0.00211999976467,0.23200000823,1.52,0.00010532800373641999,-0.06846846846846848,0.00011629012093892154
0.009359999763659999,0.002159999763659999,0.22400000691,1.52,0.00010169600313713999,-0.06846846846846848,0.00011546202477479147
0.00939999976265,0.00219999976265,0.22400000691,1.48,0.00010169600313713999,-0.06666666666666667,0.00011005661936938605
0.009439999761639999,0.002239999761639999,0.22400000691,1.4399999,0.00010169600313713999,-0.06486486036036036,0.00010479534513515226
0.00947999976063,0.0022799997606299995,0.2160000056,1.4,9.80640025424e-05,-0.06306306306306306,9.887920083744668e-05
0.00951999975962,0.0023199997596200003,0.19200000167,1.3199999,8.716800075818e-05,-0.05945945495495496,8.68546027401656e-05
0.009559999758609999,0.0023599997586099992,0.20000000298,1.3199999,9.080000135292e-05,-0.05945945495495496,8.756647486517905e-05
0.0095999997576,0.0023999997576,0.19200000167,1.28,8.716800075818e-05,-0.05765765765765766,8.216992994737237e-05
0.009639999756589999,0.002439999756589999,0.19200000167,1.24,8.716800075818e-05,-0.055855855855855854,7.762938940683182e-05
0.00967999975558,0.0024799997555799997,0.20000000298,1.1999999,9.080000135292e-05,-0.054054049549549545,7.39448543246385e-05
0.009719999754569998,0.0025199997545699987,0.17600001395,1.1999999,7.99040063333e-05,-0.054054049549549545,7.189640716871533e-05
0.00975999975356,0.0025599997535599994,0.16800001264,1.12,7.627200573856e-05,-0.050450450450450456,6.291135346858263e-05
0.00979999975255,0.00259999975255,0.16800001264,1.12,7.627200573856e-05,-0.050450450450450456,6.291135346858263e-05
0.009839999751539999,0.002639999751539999,0.16000001132,1.0799999,7.264000513927999e-05,-0.048648644144144146,5.835173163309609e-05
0.00987999975053,0.00267999975053,0.16800001264,1.04,7.627200573856e-05,-0.04684684684684685,5.5127569684798835e-05
0.009919999749519999,0.002719999749519999,0.16000001132,1.0,7.264000513927999e-05,-0.04504504504504505,5.085624586732989e-05
0.00995999974851,0.0027599997485099996,0.15200001001,1.0,6.900800454454e-05,-0.04504504504504505,5.028965373581516e-05
0.0099999997475,0.0027999997475000003,0.15200001001,0.959999978542,6.900800454454e-05,-0.04324324227666667,4.675812034845662e-05
0.010039999746489999,0.0028399997464899993,0.15200001001,0.959999978542,6.900800454454e-05,-0.04324324227666667,4.675812034845662e-05
0.01007999974548,0.00287999974548,0.1360000074,0.919999957085,6.17440033596e-05,-0.04144143950833334,4.2324715026112914e-05
0.010119999744469999,0.002919999744469999,0.1360000074,0.879999995232,6.17440033596e-05,-0.03963963942486487,3.90814749617849e-05
0.01015999974346,0.0029599997434599998,0.1360000074,0.839999973774,6.17440033596e-05,-0.03783783665648649,3.598237425601916e-05
0.010199999742449999,0.0029999997424499988,0.1280000061,0.839999973774,5.81120027694e-05,-0.03783783665648649,3.550295015359676e-05
0.01023999974144,0.0030399997414399995,0.1280000061,0.799999952316,5.81120027694e-05,-0.03603603388810811,3.254799374662746e-05
0.01027999974043,0.0030799997404300002,0.1280000061,0.759999990463,5.81120027694e-05,-0.03423423380463964,2.9737185719517452e-05
0.010319999739419999,0.0031199997394199992,0.1200000048,0.719999969006,5.44800021792e-05,-0.03243243103630631,2.6620149602433786e-05
0.01035999973841,0.00315999973841,0.1280000061,0.719999969006,5.81120027694e-05,-0.03243243103630631,2.707051769541299e-05
0.010399999737399999,0.003199999737399999,0.1200000048,0.719999969006,5.44800021792e-05,-0.03243243103630631,2.6620149602433786e-05
0.01043999973639,0.0032399997363899997,0.1200000048,0.680000007153,5.44800021792e-05,-0.03063063095283784,2.409762952853464e-05
0.010479999735379998,0.0032799997353799987,0.1120000035,0.680000007153,5.0848001589e-05,-0.03063063095283784,2.3676317444998637e-05
0.01051999973437,0.0033199997343699994,0.1200000048,0.639999985695,5.44800021792e-05,-0.028828828184459462,2.1719249887161676e-05
0.01055999973336,0.00335999973336,0.1200000048,0.639999985695,5.44800021792e-05,-0.028828828184459462,2.1719249887161676e-05
0.010599999732349999,0.003399999732349999,0.1040000021,0.639999985695,4.72160009534e-05,-0.028828828184459462,2.090568172481127e-05
0.01063999973134,0.00343999973134,0.1120000035,0.639999985695,5.0848001589e-05,-0.028828828184459462,2.1297937803625673e-05
0.010679999730329999,0.003479999730329999,0.1040000021,0.599999964237,4.72160009534e-05,-0.02702702541608108,1.8671446382234735e-05
0.01071999972932,0.0035199997293199996,0.1120000035,0.560000002384,5.0848001589e-05,-0.025225225332612615,1.6973614424368007e-05
0.01075999972831,0.0035599997283100003,0.096000000834,0.519999980927,4.3584000378635994e-05,-0.02342342256427928,1.4272211323019344e-05
0.010799999727299999,0.0035999997272999993,0.1040000021,0.519999980927,4.72160009534e-05,-0.02342342256427928,1.463541138582389e-05
0.01083999972629,0.00363999972629,0.096000000834,0.519999980927,4.3584000378635994e-05,-0.02342342256427928,1.4272211323019344e-05
0.010879999725279999,0.003679999725279999,0.096000000834,0.519999980927,4.3584000378635994e-05,-0.02342342256427928,1.4272211323019344e-05
0.01091999972427,0.0037199997242699998,0.088000006974,0.479999989271,3.9952003166196e-05,-0.021621621138333335,1.2136266193046887e-05
0.010959999723259999,0.0037599997232599987,0.096000000834,0.479999989271,4.3584000378635994e-05,-0.021621621138333335,1.2470409950770685e-05
0.01099999972225,0.0037999997222499995,0.096000000834,0.439999997616,4.3584000378635994e-05,-0.019819819712432435,1.0812752662568878e-05
0.01103999972124,0.00383999972124,0.088000006974,0.439999997616,3.9952003166196e-05,-0.019819819712432435,1.047860890484508e-05
0.011079999720229999,0.003879999720229999,0.088000006974,0.39999997616,3.9952003166196e-05,-0.018018016944144146,8.965094626733395e-06
0.01111999971922,0.00391999971922,0.088000006974,0.39999997616,3.9952003166196e-05,-0.018018016944144146,8.965094626733395e-06
0.011159999718209999,0.003959999718209999,0.096000000834,0.39999997616,4.3584000378635994e-05,-0.018018016944144146,9.29923838445719e-06
0.0111999997172,0.0039999997172,0.080000005662,0.3599999845,3.632000257054799e-05,-0.016216215518018016,7.290637540778992e-06
0.011239999716189998,0.004039999716189999,0.088000006974,0.3599999845,3.9952003166196e-05,-0.016216215518018016,7.595725613760403e-06
0.01127999971518,0.004079999715179999,0.080000005662,0.3599999845,3.632000257054799e-05,-0.016216215518018016,7.290637540778992e-06
0.01131999971417,0.00411999971417,0.080000005662,0.31999999285,3.632000257054799e-05,-0.014414414092342344,6.065412612130337e-06
0.011359999713159999,0.004159999713159999,0.080000005662,0.31999999285,3.632000257054799e-05,-0.014414414092342344,6.065412612130337e-06
0.01139999971215,0.00419999971215,0.080000005662,0.31999999285,3.632000257054799e-05,-0.014414414092342344,6.065412612130337e-06
0.011439999711139999,0.004239999711139999,0.072000004351,0.28000000119,3.2688001975354e-05,-0.012612612666216218,4.708299703775043e-06
0.01147999971013,0.0042799997101299996,0.072000004351,0.31999999285,3.2688001975354e-05,-0.014414414092342344,5.789380548711982e-06
0.011519999709119998,0.0043199997091199985,0.072000004351,0.28000000119,3.2688001975354e-05,-0.012612612666216218,4.708299703775043e-06
0.011559999708109999,0.004359999708109999,0.072000004351,0.28000000119,3.2688001975354e-05,-0.012612612666216218,4.708299703775043e-06
0.0115999997071,0.0043999997071,0.06400000304,0.28000000119,2.9056001380159998e-05,-0.012612612666216218,4.461323649879793e-06
0.011639999706089999,0.004439999706089999,0.072000004351,0.28000000119,3.2688001975354e-05,-0.012612612666216218,4.708299703775043e-06
0.01167999970508,0.00447999970508,0.072000004351,0.28000000119,3.2688001975354e-05,-0.012612612666216218,4.708299703775043e-06
0.011719999704069999,0.004519999704069999,0.06400000304,0.23999999464,2.9056001380159998e-05,-0.01081081056936937,3.5243865670329468e-06
0.01175999970306,0.0045599997030599995,0.072000004351,0.28000000119,3.2688001975354e-05,-0.012612612666216218,4.708299703775043e-06
0.01179999970205,0.00459999970205,0.06400000304,0.23999999464,2.9056001380159998e-05,-0.01081081056936937,3.5243865670329468e-06
0.011839999701039999,0.004639999701039999,0.06400000304,0.28000000119,2.9056001380159998e-05,-0.012612612666216218,4.461323649879793e-06
0.01187999970003,0.00467999970003,0.072000004351,0.23999999464,3.2688001975354e-05,-0.01081081056936937,3.771362620928197e-06
0.011919999699019999,0.004719999699019999,0.072000004351,0.23999999464,3.2688001975354e-05,-0.01081081056936937,3.771362620928197e-06
0.01195999969801,0.00475999969801,0.06400000304,0.23999999464,2.9056001380159998e-05,-0.01081081056936937,3.5243865670329468e-06
0.011999999696999998,0.004799999696999999,0.06400000304,0.23999999464,2.9056001380159998e-05,-0.01081081056936937,3.5243865670329468e-06
0.01203999969599,0.004839999695989999,0.06400000304,0.19999998808,2.9056001380159998e-05,-0.009009008472072073,2.7315936753572762e-06
0.01207999969498,0.00487999969498,0.06400000304,0.19999998808,2.9056001380159998e-05,-0.009009008472072073,2.7315936753572762e-06
0.012119999693969999,0.004919999693969999,0.056000001729,0.19999998808,2.5424000784965997e-05,-0.009009008472072073,2.5136736309851303e-06
0.01215999969296,0.00495999969296,0.06400000304,0.23999999464,2.9056001380159998e-05,-0.01081081056936937,3.5243865670329468e-06
0.012199999691949999,0.004999999691949999,0.06400000304,0.19999998808,2.9056001380159998e-05,-0.009009008472072073,2.7315936753572762e-06
0.01223999969094,0.0050399996909399995,0.06400000304,0.19999998808,2.9056001380159998e-05,-0.009009008472072073,2.7315936753572762e-06
0.012279999689929998,0.0050799996899299985,0.056000001729,0.19999998808,2.5424000784965997e-05,-0.009009008472072073,2.5136736309851303e-06
0.012319999688919999,0.005119999688919999,0.06400000304,0.19999998808,2.9056001380159998e-05,-0.009009008472072073,2.7315936753572762e-06
0.01235999968791,0.00515999968791,0.06400000304,0.19999998808,2.9056001380159998e-05,-0.009009008472072073,2.7315936753572762e-06
0.012399999686899999,0.005199999686899999,0.056000001729,0.15999999642,2.5424000784965997e-05,-0.007207207045945947,1.8650251455076472e-06
0.01243999968589,0.00523999968589,0.056000001729,0.19999998808,2.5424000784965997e-05,-0.009009008472072073,2.5136736309851303e-06
0.012479999684879999,0.005279999684879999,0.04800000042,0.15999999642,2.179200019068e-05,-0.007207207045945947,1.6761611107021906e-06
0.01251999968387,0.005319999683869999,0.056000001729,0.15999999642,2.5424000784965997e-05,-0.007207207045945947,1.8650251455076472e-06
0.01255999968286,0.00535999968286,0.04800000042,0.15999999642,2.179200019068e-05,-0.007207207045945947,1.6761611107021906e-06
0.012599999681849999,0.005399999681849999,0.056000001729,0.15999999642,2.5424000784965997e-05,-0.007207207045945947,1.8650251455076472e-06
0.01263999968084,0.00543999968084,0.056000001729,0.15999999642,2.5424000784965997e-05,-0.007207207045945947,1.8650251455076472e-06
0.012679999679829999,0.005479999679829999,0.04800000042,0.15999999642,2.179200019068e-05,-0.007207207045945947,1.6761611107021906e-06
0.01271999967882,0.00551999967882,0.056000001729,0.19999998808,2.5424000784965997e-05,-0.009009008472072073,2.5136736309851303e-06
0.012759999677809998,0.005559999677809999,0.056000001729,0.19999998808,2.5424000784965997e-05,-0.009009008472072073,2.5136736309851303e-06
0.012799999676799999,0.005599999676799999,0.056000001729,0.15999999642,2.5424000784965997e-05,-0.007207207045945947,1.8650251455076472e-06
0.01283999967579,0.00563999967579,0.056000001729,0.15999999642,2.5424000784965997e-05,-0.007207207045945947,1.8650251455076472e-06
0.012879999674779999,0.005679999674779999,0.04800000042,0.1199999973,2.179200019068e-05,-0.005405405283783784,1.1716566286120998e-06
0.01291999967377,0.00571999967377,0.056000001729,0.15999999642,2.5424000784965997e-05,-0.007207207045945947,1.8650251455076472e-06
0.012959999672759999,0.005759999672759999,0.04800000042,0.15999999642,2.179200019068e-05,-0.007207207045945947,1.6761611107021906e-06
0.01299999967175,0.0057999996717499995,0.04800000042,0.1199999973,2.179200019068e-05,-0.005405405283783784,1.1716566286120998e-06
0.013039999670739998,0.0058399996707399985,0.04800000042,0.1199999973,2.179200019068e-05,-0.005405405283783784,1.1716566286120998e-06
0.013079999669729999,0.005879999669729999,0.04800000042,0.15999999642,2.179200019068e-05,-0.007207207045945947,1.6761611107021906e-06
0.01311999966872,0.00591999966872,0.04800000042,0.1199999973,2.179200019068e-05,-0.005405405283783784,1.1716566286120998e-06
0.013159999667709999,0.005959999667709999,0.04800000042,0.1199999973,2.179200019068e-05,-0.005405405283783784,1.1716566286120998e-06
0.0131999996667,0.0059999996667,0.04000000283,0.1199999973,1.8160001284819997e-05,-0.005405405283783784,1.0118486708522616e-06
0.013239999665689998,0.006039999665689999,0.04800000042,0.1199999973,2.179200019068e-05,-0.005405405283783784,1.1716566286120998e-06
0.01327999966468,0.006079999664679999,0.04800000042,0.1199999973,2.179200019068e-05,-0.005405405283783784,1.1716566286120998e-06
0.01331999966367,0.00611999966367,0.04000000283,0.1199999973,1.8160001284819997e-05,-0.005405405283783784,1.0118486708522616e-06
0.013359999662659999,0.006159999662659999,0.04800000042,0.1199999973,2.179200019068e-05,-0.005405405283783784,1.1716566286120998e-06
0.01339999966165,0.00619999966165,0.04800000042,0.1199999973,2.179200019068e-05,-0.005405405283783784,1.1716566286120998e-06
0.013439999660639999,0.006239999660639999,0.056000001729,0.1199999973,2.5424000784965997e-05,-0.005405405283783784,1.3605206634175564e-06
0.01347999965963,0.00627999965963,0.04000000283,0.1199999973,1.8160001284819997e-05,-0.005405405283783784,1.0118486708522616e-06
0.013519999658619998,0.006319999658619999,0.04000000283,0.1199999973,1.8160001284819997e-05,-0.005405405283783784,1.0118486708522616e-06
0.013559999657609999,0.006359999657609999,0.04000000283,0.1199999973,1.8160001284819997e-05,-0.005405405283783784,1.0118486708522616e-06
0.0135999996566,0.0063999996566,0.04000000283,0.079999998212,1.8160001284819997e-05,-0.0036036035230630633,6.514883267946038e-07
0.013639999655589999,0.006439999655589999,0.04800000042,0.1199999973,2.179200019068e-05,-0.005405405283783784,1.1716566286120998e-06
0.01367999965458,0.00647999965458,0.04800000042,0.1199999973,2.179200019068e-05,-0.005405405283783784,1.1716566286120998e-06
0.013719999653569999,0.006519999653569999,0.04000000283,0.1199999973,1.8160001284819997e-05,-0.005405405283783784,1.0118486708522616e-06
0.01375999965256,0.0065599996525599995,0.04800000042,0.1199999973,2.179200019068e-05,-0.005405405283783784,1.1716566286120998e-06
0.013799999651549998,0.0065999996515499985,0.04000000283,0.1199999973,1.8160001284819997e-05,-0.005405405283783784,1.0118486708522616e-06
0.013839999650539999,0.006639999650539999,0.04000000283,0.1199999973,1.8160001284819997e-05,-0.005405405283783784,1.0118486708522616e-06
0.01387999964953,0.00667999964953,0.04800000042,0.1199999973,2.179200019068e-05,-0.005405405283783784,1.1716566286120998e-06
0.013919999648519999,0.006719999648519999,0.056000001729,0.079999998212,2.5424000784965997e-05,-0.0036036035230630633,1.0001603193598987e-06
0.01395999964751,0.00675999964751,0.04800000042,0.079999998212,2.179200019068e-05,-0.0036036035230630633,8.112962845544421e-07
0.013999999646499998,0.006799999646499999,0.03200000152,0.1199999973,1.4528000690079999e-05,-0.005405405283783784,8.810966415420204e-07
0.01403999964549,0.006839999645489999,0.03200000152,0.079999998212,1.4528000690079999e-05,-0.0036036035230630633,5.207362974843626e-07
0.01407999964448,0.00687999964448,0.03200000152,0.079999998212,1.4528000690079999e-05,-0.0036036035230630633,5.207362974843626e-07
0.014119999643469999,0.006919999643469999,0.04000000283,0.079999998212,1.8160001284819997e-05,-0.0036036035230630633,6.514883267946038e-07
0.01415999964246,0.00695999964246,0.04800000042,0.079999998212,2.179200019068e-05,-0.0036036035230630633,8.112962845544421e-07
0.014199999641449999,0.006999999641449999,0.04000000283,0.079999998212,1.8160001284819997e-05,-0.0036036035230630633,6.514883267946038e-07
0.01423999964044,0.0070399996404399996,0.04000000283,0.079999998212,1.8160001284819997e-05,-0.0036036035230630633,6.514883267946038e-07
0.014279999639429998,0.0070799996394299985,0.056000001729,0.079999998212,2.5424000784965997e-05,-0.0036036035230630633,1.0001603193598987e-06
0.014319999638419999,0.007119999638419999,0.04000000283,0.079999998212,1.8160001284819997e-05,-0.0036036035230630633,6.514883267946038e-07
0.01435999963741,0.00715999963741,0.03200000152,0.079999998212,1.4528000690079999e-05,-0.0036036035230630633,5.207362974843626e-07
0.014399999636399999,0.007199999636399999,0.04000000283,0.079999998212,1.8160001284819997e-05,-0.0036036035230630633,6.514883267946038e-07
0.01443999963539,0.00723999963539,0.04000000283,0.079999998212,1.8160001284819997e-05,-0.0036036035230630633,6.514883267946038e-07
0.014479999634379999,0.007279999634379999,0.04000000283,0.079999998212,1.8160001284819997e-05,-0.0036036035230630633,6.514883267946038e-07
0.01451999963337,0.0073199996333699995,0.04800000042,0.1199999973,2.179200019068e-05,-0.005405405283783784,1.1716566286120998e-06
0.014559999632359998,0.0073599996323599984,0.04800000042,0.079999998212,2.179200019068e-05,-0.0036036035230630633,8.112962845544421e-07
0.014599999631349999,0.007399999631349999,0.03200000152,0.079999998212,1.4528000690079999e-05,-0.0036036035230630633,5.207362974843626e-07
0.01463999963034,0.00743999963034,0.04000000283,0.079999998212,1.8160001284819997e-05,-0.0036036035230630633,6.514883267946038e-07
0.014679999629329999,0.007479999629329999,0.04000000283,0.079999998212,1.8160001284819997e-05,-0.0036036035230630633,6.514883267946038e-07
0.01471999962832,0.00751999962832,0.04000000283,0.079999998212,1.8160001284819997e-05,-0.0036036035230630633,6.514883267946038e-07
0.014759999627309998,0.007559999627309999,0.04000000283,0.079999998212,1.8160001284819997e-05,-0.0036036035230630633,6.514883267946038e-07
0.0147999996263,0.007599999626299999,0.04000000283,0.1199999973,1.8160001284819997e-05,-0.005405405283783784,1.0118486708522616e-06
0.014839999625289998,0.007639999625289998,0.04800000042,0.079999998212,2.179200019068e-05,-0.0036036035230630633,8.112962845544421e-07
0.014879999624279999,0.007679999624279999,0.04800000042,0.079999998212,2.179200019068e-05,-0.0036036035230630633,8.112962845544421e-07
0.01491999962327,0.00771999962327,0.03200000152,0.079999998212,1.4528000690079999e-05,-0.0036036035230630633,5.207362974843626e-07
0.014959999622259999,0.007759999622259999,0.03200000152,0.03999999911,1.4528000690079999e-05,-0.0018018017617117115,3.045200909474254e-07
0.01499999962125,0.0077999996212499995,0.04000000283,0.03999999911,1.8160001284819997e-05,-0.0018018017617117115,4.3527212025766665e-07
0.015039999620239998,0.007839999620239999,0.04000000283,0.079999998212,1.8160001284819997e-05,-0.0036036035230630633,6.514883267946038e-07
0.015079999619229999,0.00787999961923,0.03200000152,0.079999998212,1.4528000690079999e-05,-0.0036036035230630633,5.207362974843626e-07
0.01511999961822,0.00791999961822,0.04000000283,0.03999999911,1.8160001284819997e-05,-0.0018018017617117115,4.3527212025766665e-07
0.015159999617209999,0.007959999617209999,0.03200000152,0.03999999911,1.4528000690079999e-05,-0.0018018017617117115,3.045200909474254e-07
0.0151999996162,0.0079999996162,0.04000000283,0.079999998212,1.8160001284819997e-05,-0.0036036035230630633,6.514883267946038e-07
0.015239999615189999,0.008039999615189999,0.04800000042,0.079999998212,2.179200019068e-05,-0.0036036035230630633,8.112962845544421e-07
0.01527999961418,0.00807999961418,0.04000000283,0.079999998212,1.8160001284819997e-05,-0.0036036035230630633,6.514883267946038e-07
0.015319999613169998,0.008119999613169998,0.03200000152,0.079999998212,1.4528000690079999e-05,-0.0036036035230630633,5.207362974843626e-07
0.015359999612159999,0.00815999961216,0.04000000283,0.079999998212,1.8160001284819997e-05,-0.0036036035230630633,6.514883267946038e-07
0.01539999961115,0.00819999961115,0.03200000152,0.079999998212,1.4528000690079999e-05,-0.0036036035230630633,5.207362974843626e-07
0.015439999610139999,0.008239999610139999,0.04000000283,0.03999999911,1.8160001284819997e-05,-0.0018018017617117115,4.3527212025766665e-07
0.01547999960913,0.00827999960913,0.04000000283,0.03999999911,1.8160001284819997e-05,-0.0018018017617117115,4.3527212025766665e-07
0.015519999608119998,0.008319999608119999,0.03200000152,0.03999999911,1.4528000690079999e-05,-0.0018018017617117115,3.045200909474254e-07
0.015559999607109999,0.00835999960711,0.04800000042,0.079999998212,2.179200019068e-05,-0.0036036035230630633,8.112962845544421e-07
0.015599999606099998,0.008399999606099998,0.03200000152,0.03999999911,1.4528000690079999e-05,-0.0018018017617117115,3.045200909474254e-07
0.01563999960509,0.00843999960509,0.04800000042,0.079999998212,2.179200019068e-05,-0.0036036035230630633,8.112962845544421e-07
0.015679999604079998,0.008479999604079998,0.04000000283,0.03999999911,1.8160001284819997e-05,-0.0018018017617117115,4.3527212025766665e-07
0.01571999960307,0.008519999603069999,0.04000000283,0.079999998212,1.8160001284819997e-05,-0.0036036035230630633,6.514883267946038e-07
0.01575999960206,0.00855999960206,0.03200000152,0.03999999911,1.4528000690079999e-05,-0.0018018017617117115,3.045200909474254e-07
0.01579999960105,0.00859999960105,0.04000000283,0.079999998212,1.8160001284819997e-05,-0.0036036035230630633,6.514883267946038e-07
0.015839999600039997,0.008639999600039997,0.03200000152,0.079999998212,1.4528000690079999e-05,-0.0036036035230630633,5.207362974843626e-07
0.015879999599029998,0.008679999599029998,0.02400000021,0.03999999911,1.089600009534e-05,-0.0018018017617117115,2.0282407115302488e-07
0.01591999959802,0.008719999598019999,0.04000000283,0.079999998212,1.8160001284819997e-05,-0.0036036035230630633,6.514883267946038e-07
0.01595999959701,0.00875999959701,0.03200000152,0.03999999911,1.4528000690079999e-05,-0.0018018017617117115,3.045200909474254e-07
0.015999999596,0.008799999596,0.03200000152,0.03999999911,1.4528000690079999e-05,-0.0018018017617117115,3.045200909474254e-07
0.016039999594989997,0.008839999594989998,0.04000000283,0.079999998212,1.8160001284819997e-05,-0.0036036035230630633,6.514883267946038e-07
0.016079999593979998,0.008879999593979998,0.04000000283,0.03999999911,1.8160001284819997e-05,-0.0018018017617117115,4.3527212025766665e-07
0.01611999959297,0.008919999592969999,0.03200000152,0.079999998212,1.4528000690079999e-05,-0.0036036035230630633,5.207362974843626e-07
0.01615999959196,0.00895999959196,0.03200000152,0.03999999911,1.4528000690079999e-05,-0.0018018017617117115,3.045200909474254e-07
0.01619999959095,0.00899999959095,0.03200000152,0.03999999911,1.4528000690079999e-05,-0.0018018017617117115,3.045200909474254e-07
0.016239999589939998,0.009039999589939998,0.03200000152,0.03999999911,1.4528000690079999e-05,-0.0018018017617117115,3.045200909474254e-07
0.01627999958893,0.009079999588929999,0.04000000283,0.079999998212,1.8160001284819997e-05,-0.0036036035230630633,6.514883267946038e-07
0.01631999958792,0.00911999958792,0.04000000283,0.03999999911,1.8160001284819997e-05,-0.0018018017617117115,4.3527212025766665e-07
0.01635999958691,0.00915999958691,0.03200000152,0.03999999911,1.4528000690079999e-05,-0.0018018017617117115,3.045200909474254e-07
0.0163999995859,0.0091999995859,0.02400000021,0.03999999911,1.089600009534e-05,-0.0018018017617117115,2.0282407115302488e-07
0.016439999584889998,0.009239999584889998,0.03200000152,0.03999999911,1.4528000690079999e-05,-0.0018018017617117115,3.045200909474254e-07
0.01647999958388,0.009279999583879999,0.03200000152,0.03999999911,1.4528000690079999e-05,-0.0018018017617117115,3.045200909474254e-07
0.01651999958287,0.00931999958287,0.04000000283,0.03999999911,1.8160001284819997e-05,-0.0018018017617117115,4.3527212025766665e-07
0.01655999958186,0.00935999958186,0.04000000283,0.03999999911,1.8160001284819997e-05,-0.0018018017617117115,4.3527212025766665e-07
0.016599999580849997,0.009399999580849997,0.02400000021,0.03999999911,1.089600009534e-05,-0.0018018017617117115,2.0282407115302488e-07
0.016639999579839998,0.009439999579839998,0.03200000152,0.03999999911,1.4528000690079999e-05,-0.0018018017617117115,3.045200909474254e-07
0.01667999957883,0.009479999578829999,0.04000000283,0.03999999911,1.8160001284819997e-05,-0.0018018017617117115,4.3527212025766665e-07
0.01671999957782,0.00951999957782,0.04000000283,0.079999998212,1.8160001284819997e-05,-0.0036036035230630633,6.514883267946038e-07
0.01675999957681,0.00955999957681,0.03200000152,0.079999998212,1.4528000690079999e-05,-0.0036036035230630633,5.207362974843626e-07
0.016799999575799997,0.009599999575799998,0.03200000152,0.03999999911,1.4528000690079999e-05,-0.0018018017617117115,3.045200909474254e-07
0.016839999574789998,0.009639999574789998,0.03200000152,0.03999999911,1.4528000690079999e-05,-0.0018018017617117115,3.045200909474254e-07
0.01687999957378,0.009679999573779999,0.03200000152,0.03999999911,1.4528000690079999e-05,-0.0018018017617117115,3.045200909474254e-07
0.01691999957277,0.00971999957277,0.04000000283,0.03999999911,1.8160001284819997e-05,-0.0018018017617117115,4.3527212025766665e-07
0.01695999957176,0.00975999957176,0.04000000283,0.03999999911,1.8160001284819997e-05,-0.0018018017617117115,4.3527212025766665e-07
0.016999999570749998,0.009799999570749998,0.02400000021,0.03999999911,1.089600009534e-05,-0.0018018017617117115,2.0282407115302488e-07
0.01703999956974,0.009839999569739999,0.03200000152,0.03999999911,1.4528000690079999e-05,-0.0018018017617117115,3.045200909474254e-07
0.01707999956873,0.00987999956873,0.03200000152,0.03999999911,1.4528000690079999e-05,-0.0018018017617117115,3.045200909474254e-07
0.01711999956772,0.00991999956772,0.03200000152,0.03999999911,1.4528000690079999e-05,-0.0018018017617117115,3.045200909474254e-07
0.01715999956671,0.00995999956671,0.03200000152,0.03999999911,1.4528000690079999e-05,-0.0018018017617117115,3.045200909474254e-07
0.017199999565699998,0.009999999565699998,0.03200000152,0.03999999911,1.4528000690079999e-05,-0.0018018017617117115,3.045200909474254e-07
0.01723999956469,0.010039999564689999,0.03200000152,0.03999999911,1.4528000690079999e-05,-0.0018018017617117115,3.045200909474254e-07
0.01727999956368,0.01007999956368,0.04000000283,0.03999999911,1.8160001284819997e-05,-0.0018018017617117115,4.3527212025766665e-07
0.01731999956267,0.01011999956267,0.03200000152,0.03999999911,1.4528000690079999e-05,-0.0018018017617117115,3.045200909474254e-07
0.017359999561659997,0.010159999561659997,0.04000000283,0.03999999911,1.8160001284819997e-05,-0.0018018017617117115,4.3527212025766665e-07
0.017399999560649998,0.010199999560649998,0.04000000283,0.03999999911,1.8160001284819997e-05,-0.0018018017617117115,4.3527212025766665e-07
0.01743999955964,0.010239999559639999,0.03200000152,0.03999999911,1.4528000690079999e-05,-0.0018018017617117115,3.045200909474254e-07
0.01747999955863,0.01027999955863,0.03200000152,0.03999999911,1.4528000690079999e-05,-0.0018018017617117115,3.045200909474254e-07
0.01751999955762,0.01031999955762,0.03200000152,0.03999999911,1.4528000690079999e-05,-0.0018018017617117115,3.045200909474254e-07
0.017559999556609997,0.010359999556609998,0.03200000152,0.03999999911,1.4528000690079999e-05,-0.0018018017617117115,3.045200909474254e-07
0.017599999555599998,0.010399999555599998,0.04000000283,0.03999999911,1.8160001284819997e-05,-0.0018018017617117115,4.3527212025766665e-07
0.01763999955459,0.010439999554589999,0.02400000021,0.03999999911,1.089600009534e-05,-0.0018018017617117115,2.0282407115302488e-07
0.01767999955358,0.01047999955358,0.03200000152,0.03999999911,1.4528000690079999e-05,-0.0018018017617117115,3.045200909474254e-07
0.01771999955257,0.01051999955257,0.03200000152,0.03999999911,1.4528000690079999e-05,-0.0018018017617117115,3.045200909474254e-07
0.017759999551559998,0.010559999551559998,0.03200000152,0.03999999911,1.4528000690079999e-05,-0.0018018017617117115,3.045200909474254e-07
0.01779999955055,0.010599999550549999,0.04000000283,0.079999998212,1.8160001284819997e-05,-0.0036036035230630633,6.514883267946038e-07
0.01783999954954,0.01063999954954,0.03200000152,0.03999999911,1.4528000690079999e-05,-0.0018018017617117115,3.045200909474254e-07
0.01787999954853,0.01067999954853,0.03200000152,0.03999999911,1.4528000690079999e-05,-0.0018018017617117115,3.045200909474254e-07
0.01791999954752,0.01071999954752,0.02400000021,0.03999999911,1.089600009534e-05,-0.0018018017617117115,2.0282407115302488e-07
0.017959999546509998,0.010759999546509998,0.02400000021,0.03999999911,1.089600009534e-05,-0.0018018017617117115,2.0282407115302488e-07
0.0179999995455,0.010799999545499999,0.0160000008,0.0,7.2640003632e-06,-0.0,5.811200581120015e-08
0.01803999954449,0.01083999954449,0.03200000152,0.03999999911,1.4528000690079999e-05,-0.0018018017617117115,3.045200909474254e-07
0.01807999954348,0.01087999954348,0.03200000152,0.079999998212,1.4528000690079999e-05,-0.0036036035230630633,5.207362974843626e-07
0.018119999542469997,0.010919999542469997,0.03200000152,0.03999999911,1.4528000690079999e-05,-0.0018018017617117115,3.045200909474254e-07
0.018159999541459998,0.010959999541459998,0.04000000283,0.03999999911,1.8160001284819997e-05,-0.0018018017617117115,4.3527212025766665e-07
0.01819999954045,0.010999999540449999,0.03200000152,0.03999999911,1.4528000690079999e-05,-0.0018018017617117115,3.045200909474254e-07
0.01823999953944,0.01103999953944,0.04000000283,0.03999999911,1.8160001284819997e-05,-0.0018018017617117115,4.3527212025766665e-07
0.01827999953843,0.01107999953843,0.03200000152,0.03999999911,1.4528000690079999e-05,-0.0018018017617117115,3.045200909474254e-07
0.018319999537419997,0.011119999537419998,0.03200000152,0.03999999911,1.4528000690079999e-05,-0.0018018017617117115,3.045200909474254e-07
0.018359999536409998,0.011159999536409998,0.03200000152,0.03999999911,1.4528000690079999e-05,-0.0018018017617117115,3.045200909474254e-07
0.0183999995354,0.011199999535399999,0.02400000021,0.03999999911,1.089600009534e-05,-0.0018018017617117115,2.0282407115302488e-07
0.01843999953439,0.01123999953439,0.04000000283,0.03999999911,1.8160001284819997e-05,-0.0018018017617117115,4.3527212025766665e-07
0.01847999953338,0.01127999953338,0.02400000021,0.03999999911,1.089600009534e-05,-0.0018018017617117115,2.0282407115302488e-07
0.018519999532369998,0.011319999532369998,0.02400000021,0.03999999911,1.089600009534e-05,-0.0018018017617117115,2.0282407115302488e-07
0.01855999953136,0.011359999531359999,0.04000000283,0.03999999911,1.8160001284819997e-05,-0.0018018017617117115,4.3527212025766665e-07
0.01859999953035,0.01139999953035,0.02400000021,0.03999999911,1.089600009534e-05,-0.0018018017617117115,2.0282407115302488e-07
0.01863999952934,0.01143999952934,0.03200000152,0.03999999911,1.4528000690079999e-05,-0.0018018017617117115,3.045200909474254e-07
0.018679999528329997,0.011479999528329997,0.04000000283,0.03999999911,1.8160001284819997e-05,-0.0018018017617117115,4.3527212025766665e-07
0.018719999527319998,0.011519999527319998,0.02400000021,0.03999999911,1.089600009534e-05,-0.0018018017617117115,2.0282407115302488e-07
0.01875999952631,0.011559999526309999,0.03200000152,0.03999999911,1.4528000690079999e-05,-0.0018018017617117115,3.045200909474254e-07
0.0187999995253,0.0115999995253,0.03200000152,0.03999999911,1.4528000690079999e-05,-0.0018018017617117115,3.045200909474254e-07
0.01883999952429,0.01163999952429,0.03200000152,0.03999999911,1.4528000690079999e-05,-0.0018018017617117115,3.045200909474254e-07
0.018879999523279997,0.011679999523279997,0.03200000152,0.03999999911,1.4528000690079999e-05,-0.0018018017617117115,3.045200909474254e-07
0.018919999522269998,0.011719999522269998,0.03200000152,0.079999998212,1.4528000690079999e-05,-0.0036036035230630633,5.207362974843626e-07
0.01895999952126,0.011759999521259999,0.02400000021,0.03999999911,1.089600009534e-05,-0.0018018017617117115,2.0282407115302488e-07
0.01899999952025,0.01179999952025,0.03200000152,0.03999999911,1.4528000690079999e-05,-0.0018018017617117115,3.045200909474254e-07
0.01903999951924,0.01183999951924,0.04000000283,0.03999999911,1.8160001284819997e-05,-0.0018018017617117115,4.3527212025766665e-07
0.019079999518229997,0.011879999518229998,0.03200000152,0.03999999911,1.4528000690079999e-05,-0.0018018017617117115,3.045200909474254e-07
0.019119999517219998,0.011919999517219998,0.03200000152,0.03999999911,1.4528000690079999e-05,-0.0018018017617117115,3.045200909474254e-07
0.01915999951621,0.011959999516209999,0.02400000021,0.03999999911,1.089600009534e-05,-0.0018018017617117115,2.0282407115302488e-07
0.0191999995152,0.0119999995152,0.02400000021,0.0,1.089600009534e-05,-0.0,1.3075200228816e-07
0.01923999951419,0.01203999951419,0.02400000021,0.03999999911,1.089600009534e-05,-0.0018018017617117115,2.0282407115302488e-07
0.019279999513179998,0.012079999513179998,0.03200000152,0.03999999911,1.4528000690079999e-05,-0.0018018017617117115,3.045200909474254e-07
0.01931999951217,0.012119999512169998,0.02400000021,0.03999999911,1.089600009534e-05,-0.0018018017617117115,2.0282407115302488e-07
0.01935999951116,0.01215999951116,0.04000000283,0.03999999911,1.8160001284819997e-05,-0.0018018017617117115,4.3527212025766665e-07
0.01939999951015,0.01219999951015,0.03200000152,0.03999999911,1.4528000690079999e-05,-0.0018018017617117115,3.045200909474254e-07
0.019439999509139997,0.012239999509139997,0.03200000152,0.03999999911,1.4528000690079999e-05,-0.0018018017617117115,3.045200909474254e-07
0.019479999508129998,0.012279999508129998,0.03200000152,0.03999999911,1.4528000690079999e-05,-0.0018018017617117115,3.045200909474254e-07
0.01951999950712,0.012319999507119999,0.04800000042,0.03999999911,2.179200019068e-05,-0.0018018017617117115,5.95080078017505e-07
0.01955999950611,0.01235999950611,0.04000000283,0.03999999911,1.8160001284819997e-05,-0.0018018017617117115,4.3527212025766665e-07
0.0195999995051,0.0123999995051,0.03200000152,0.03999999911,1.4528000690079999e-05,-0.0018018017617117115,3.045200909474254e-07
0.019639999504089997,0.012439999504089997,0.02400000021,0.03999999911,1.089600009534e-05,-0.0018018017617117115,2.0282407115302488e-07
0.019679999503079998,0.012479999503079998,0.03200000152,0.03999999911,1.4528000690079999e-05,-0.0018018017617117115,3.045200909474254e-07
0.01971999950207,0.012519999502069999,0.03200000152,0.03999999911,1.4528000690079999e-05,-0.0018018017617117115,3.045200909474254e-07
0.01975999950106,0.01255999950106,0.03200000152,0.03999999911,1.4528000690079999e-05,-0.0018018017617117115,3.045200909474254e-07
0.01979999950005,0.01259999950005,0.03200000152,0.03999999911,1.4528000690079999e-05,-0.0018018017617117115,3.045200909474254e-07
0.019839999499039997,0.012639999499039998,0.03200000152,0.03999999911,1.4528000690079999e-05,-0.0018018017617117115,3.045200909474254e-07
0.019879999498029998,0.012679999498029998,0.03200000152,0.03999999911,1.4528000690079999e-05,-0.0018018017617117115,3.045200909474254e-07
0.01991999949702,0.012719999497019999,0.03200000152,0.03999999911,1.4528000690079999e-05,-0.0018018017617117115,3.045200909474254e-07
0.01995999949601,0.01275999949601,0.03200000152,0.03999999911,1.4528000690079999e-05,-0.0018018017617117115,3.045200909474254e-07
0.019999999495,0.012799999495,0.03200000152,0.03999999911,1.4528000690079999e-05,-0.0018018017617117115,3.045200909474254e-07
0.020039999493989998,0.012839999493989998,0.02400000021,0.03999999911,1.089600009534e-05,-0.0018018017617117115,2.0282407115302488e-07
0.020079999492979998,0.012879999492979998,0.02400000021,0.03999999911,1.089600009534e-05,-0.0018018017617117115,2.0282407115302488e-07
0.02011999949197,0.01291999949197,0.03200000152,0.03999999911,1.4528000690079999e-05,-0.0018018017617117115,3.045200909474254e-07
0.02015999949096,0.01295999949096,0.03200000152,0.03999999911,1.4528000690079999e-05,-0.0018018017617117115,3.045200909474254e-07
0.020199999489949997,0.012999999489949997,0.02400000021,0.0,1.089600009534e-05,-0.0,1.3075200228816e-07
0.020239999488939998,0.013039999488939998,0.03200000152,0.03999999911,1.4528000690079999e-05,-0.0018018017617117115,3.045200909474254e-07
0.02027999948793,0.013079999487929999,0.02400000021,0.03999999911,1.089600009534e-05,-0.0018018017617117115,2.0282407115302488e-07
0.02031999948692,0.01311999948692,0.03200000152,0.03999999911,1.4528000690079999e-05,-0.0018018017617117115,3.045200909474254e-07
0.02035999948591,0.01315999948591,0.02400000021,0.03999999911,1.089600009534e-05,-0.0018018017617117115,2.0282407115302488e-07
0.020399999484899997,0.013199999484899997,0.03200000152,0.03999999911,1.4528000690079999e-05,-0.0018018017617117115,3.045200909474254e-07
0.020439999483889998,0.013239999483889998,0.03200000152,0.03999999911,1.4528000690079999e-05,-0.0018018017617117115,3.045200909474254e-07
0.02047999948288,0.013279999482879999,0.03200000152,0.03999999911,1.4528000690079999e-05,-0.0018018017617117115,3.045200909474254e-07
0.02051999948187,0.01331999948187,0.03200000152,0.03999999911,1.4528000690079999e-05,-0.0018018017617117115,3.045200909474254e-07
0.02055999948086,0.01335999948086,0.03200000152,0.03999999911,1.4528000690079999e-05,-0.0018018017617117115,3.045200909474254e-07
0.020599999479849997,0.013399999479849998,0.03200000152,0.03999999911,1.4528000690079999e-05,-0.0018018017617117115,3.045200909474254e-07
0.020639999478839998,0.013439999478839998,0.0160000008,0.03999999911,7.2640003632e-06,-0.0018018017617117115,1.3018407467606504e-07
0.02067999947783,0.013479999477829999,0.03200000152,0.03999999911,1.4528000690079999e-05,-0.0018018017617117115,3.045200909474254e-07
0.02071999947682,0.01351999947682,0.02400000021,0.03999999911,1.089600009534e-05,-0.0018018017617117115,2.0282407115302488e-07
0.02075999947581,0.01355999947581,0.02400000021,0.03999999911,1.089600009534e-05,-0.0018018017617117115,2.0282407115302488e-07
0.020799999474799998,0.013599999474799998,0.03200000152,0.03999999911,1.4528000690079999e-05,-0.0018018017617117115,3.045200909474254e-07
0.020839999473789998,0.013639999473789998,0.02400000021,0.0,1.089600009534e-05,-0.0,1.3075200228816e-07
0.02087999947278,0.01367999947278,0.03200000152,0.03999999911,1.4528000690079999e-05,-0.0018018017617117115,3.045200909474254e-07
0.02091999947177,0.01371999947177,0.02400000021,0.0,1.089600009534e-05,-0.0,1.3075200228816e-07
0.020959999470759997,0.013759999470759997,0.03200000152,0.03999999911,1.4528000690079999e-05,-0.0018018017617117115,3.045200909474254e-07
0.020999999469749998,0.013799999469749998,0.03200000152,0.03999999911,1.4528000690079999e-05,-0.0018018017617117115,3.045200909474254e-07
0.02103999946874,0.013839999468739999,0.02400000021,0.03999999911,1.089600009534e-05,-0.0018018017617117115,2.0282407115302488e-07
0.02107999946773,0.01387999946773,0.02400000021,0.03999999911,1.089600009534e-05,-0.0018018017617117115,2.0282407115302488e-07
0.02111999946672,0.01391999946672,0.03200000152,0.079999998212,1.4528000690079999e-05,-0.0036036035230630633,5.207362974843626e-07
0.021159999465709997,0.013959999465709997,0.02400000021,0.03999999911,1.089600009534e-05,-0.0018018017617117115,2.0282407115302488e-07
0.021199999464699998,0.013999999464699998,0.02400000021,0.03999999911,1.089600009534e-05,-0.0018018017617117115,2.0282407115302488e-07
0.02123999946369,0.014039999463689999,0.03200000152,0.03999999911,1.4528000690079999e-05,-0.0018018017617117115,3.045200909474254e-07
0.02127999946268,0.01407999946268,0.03200000152,0.03999999911,1.4528000690079999e-05,-0.0018018017617117115,3.045200909474254e-07
0.02131999946167,0.01411999946167,0.02400000021,0.03999999911,1.089600009534e-05,-0.0018018017617117115,2.0282407115302488e-07
0.021359999460659997,0.014159999460659997,0.02400000021,0.03999999911,1.089600009534e-05,-0.0018018017617117115,2.0282407115302488e-07
0.021399999459649998,0.014199999459649998,0.02400000021,0.03999999911,1.089600009534e-05,-0.0018018017617117115,2.0282407115302488e-07
0.02143999945864,0.014239999458639999,0.02400000021,0.03999999911,1.089600009534e-05,-0.0018018017617117115,2.0282407115302488e-07
0.02147999945763,0.01427999945763,0.03200000152,0.03999999911,1.4528000690079999e-05,-0.0018018017617117115,3.045200909474254e-07
0.02151999945662,0.01431999945662,0.0160000008,0.03999999911,7.2640003632e-06,-0.0018018017617117115,1.3018407467606504e-07
0.021559999455609997,0.014359999455609998,0.03200000152,0.03999999911,1.4528000690079999e-05,-0.0018018017617117115,3.045200909474254e-07
0.021599999454599998,0.014399999454599998,0.03200000152,0.03999999911,1.4528000690079999e-05,-0.0018018017617117115,3.045200909474254e-07
0.02163999945359,0.014439999453589999,0.02400000021,0.03999999911,1.089600009534e-05,-0.0018018017617117115,2.0282407115302488e-07
0.02167999945258,0.01447999945258,0.03200000152,0.03999999911,1.4528000690079999e-05,-0.0018018017617117115,3.045200909474254e-07
0.021719999451569997,0.014519999451569997,0.02400000021,0.03999999911,1.089600009534e-05,-0.0018018017617117115,2.0282407115302488e-07
0.021759999450559998,0.014559999450559998,0.02400000021,0.03999999911,1.089600009534e-05,-0.0018018017617117115,2.0282407115302488e-07
0.02179999944955,0.014599999449549999,0.03200000152,0.03999999911,1.4528000690079999e-05,-0.0018018017617117115,3.045200909474254e-07
0.02183999944854,0.01463999944854,0.0160000008,0.03999999911,7.2640003632e-06,-0.0018018017617117115,1.3018407467606504e-07
0.02187999944753,0.01467999944753,0.03200000152,0.03999999911,1.4528000690079999e-05,-0.0018018017617117115,3.045200909474254e-07
0.021919999446519997,0.014719999446519997,0.03200000152,0.079999998212,1.4528000690079999e-05,-0.0036036035230630633,5.207362974843626e-07
0.021959999445509998,0.014759999445509998,0.02400000021,0.03999999911,1.089600009534e-05,-0.0018018017617117115,2.0282407115302488e-07
0.0219999994445,0.014799999444499999,0.02400000021,0.03999999911,1.089600009534e-05,-0.0018018017617117115,2.0282407115302488e-07
0.02203999944349,0.01483999944349,0.03200000152,0.03999999911,1.4528000690079999e-05,-0.0018018017617117115,3.045200909474254e-07
0.02207999944248,0.01487999944248,0.03200000152,0.03999999911,1.4528000690079999e-05,-0.0018018017617117115,3.045200909474254e-07
0.022119999441469997,0.014919999441469997,0.02400000021,0.0,1.089600009534e-05,-0.0,1.3075200228816e-07
0.022159999440459998,0.014959999440459998,0.0160000008,0.03999999911,7.2640003632e-06,-0.0018018017617117115,1.3018407467606504e-07
0.02219999943945,0.014999999439449999,0.03200000152,0.03999999911,1.4528000690079999e-05,-0.0018018017617117115,3.045200909474254e-07
0.02223999943844,0.01503999943844,0.0160000008,0.03999999911,7.2640003632e-06,-0.0018018017617117115,1.3018407467606504e-07
0.02227999943743,0.01507999943743,0.02400000021,0.03999999911,1.089600009534e-05,-0.0018018017617117115,2.0282407115302488e-07
0.022319999436419997,0.015119999436419998,0.03200000152,0.03999999911,1.4528000690079999e-05,-0.0018018017617117115,3.045200909474254e-07
0.022359999435409998,0.015159999435409998,0.0160000008,0.03999999911,7.2640003632e-06,-0.0018018017617117115,1.3018407467606504e-07
0.0223999994344,0.015199999434399999,0.02400000021,0.0,1.089600009534e-05,-0.0,1.3075200228816e-07
0.02243999943339,0.01523999943339,0.03200000152,0.03999999911,1.4528000690079999e-05,-0.0018018017617117115,3.045200909474254e-07
0.022479999432379997,0.015279999432379997,0.02400000021,0.03999999911,1.089600009534e-05,-0.0018018017617117115,2.0282407115302488e-07
0.022519999431369998,0.015319999431369998,0.0160000008,0.03999999911,7.2640003632e-06,-0.0018018017617117115,1.3018407467606504e-07
0.02255999943036,0.015359999430359999,0.0160000008,0.03999999911,7.2640003632e-06,-0.0018018017617117115,1.3018407467606504e-07
0.02259999942935,0.01539999942935,0.03200000152,0.03999999911,1.4528000690079999e-05,-0.0018018017617117115,3.045200909474254e-07
0.02263999942834,0.01543999942834,0.03200000152,0.03999999911,1.4528000690079999e-05,-0.0018018017617117115,3.045200909474254e-07
0.022679999427329997,0.015479999427329997,0.03200000152,0.03999999911,1.4528000690079999e-05,-0.0018018017617117115,3.045200909474254e-07
0.022719999426319998,0.015519999426319998,0.02400000021,0.03999999911,1.089600009534e-05,-0.0018018017617117115,2.0282407115302488e-07
0.02275999942531,0.015559999425309999,0.02400000021,0.03999999911,1.089600009534e-05,-0.0018018017617117115,2.0282407115302488e-07
0.0227999994243,0.0155999994243,0.0160000008,0.03999999911,7.2640003632e-06,-0.0018018017617117115,1.3018407467606504e-07
0.02283999942329,0.015639999423290002,0.03200000152,0.03999999911,1.4528000690079999e-05,-0.0018018017617117115,3.045200909474254e-07
0.022879999422279997,0.015679999422279996,0.0160000008,0.03999999911,7.2640003632e-06,-0.0018018017617117115,1.3018407467606504e-07
0.022919999421269998,0.015719999421269996,0.02400000021,0.03999999911,1.089600009534e-05,-0.0018018017617117115,2.0282407115302488e-07
0.02295999942026,0.015759999420259997,0.02400000021,0.03999999911,1.089600009534e-05,-0.0018018017617117115,2.0282407115302488e-07
0.02299999941925,0.015799999419249998,0.02400000021,0.03999999911,1.089600009534e-05,-0.0018018017617117115,2.0282407115302488e-07
0.023039999418239997,0.01583999941824,0.03200000152,0.03999999911,1.4528000690079999e-05,-0.0018018017617117115,3.045200909474254e-07
0.023079999417229997,0.01587999941723,0.02400000021,0.0,1.089600009534e-05,-0.0,1.3075200228816e-07
0.023119999416219998,0.01591999941622,0.02400000021,0.03999999911,1.089600009534e-05,-0.0018018017617117115,2.0282407115302488e-07
0.02315999941521,0.01595999941521,0.03200000152,0.03999999911,1.4528000690079999e-05,-0.0018018017617117115,3.045200909474254e-07
0.0231999994142,0.0159999994142,0.0160000008,0.03999999911,7.2640003632e-06,-0.0018018017617117115,1.3018407467606504e-07
0.023239999413189997,0.016039999413189995,0.0160000008,0.03999999911,7.2640003632e-06,-0.0018018017617117115,1.3018407467606504e-07
0.023279999412179998,0.016079999412179996,0.03200000152,0.079999998212,1.4528000690079999e-05,-0.0036036035230630633,5.207362974843626e-07
0.02331999941117,0.016119999411169997,0.03200000152,0.03999999911,1.4528000690079999e-05,-0.0018018017617117115,3.045200909474254e-07
0.02335999941016,0.016159999410159998,0.02400000021,0.03999999911,1.089600009534e-05,-0.0018018017617117115,2.0282407115302488e-07
0.02339999940915,0.016199999409149998,0.02400000021,0.03999999911,1.089600009534e-05,-0.0018018017617117115,2.0282407115302488e-07
0.023439999408139997,0.01623999940814,0.03200000152,0.03999999911,1.4528000690079999e-05,-0.0018018017617117115,3.045200909474254e-07
0.023479999407129998,0.01627999940713,0.0160000008,0.03999999911,7.2640003632e-06,-0.0018018017617117115,1.3018407467606504e-07
0.02351999940612,0.01631999940612,0.02400000021,0.03999999911,1.089600009534e-05,-0.0018018017617117115,2.0282407115302488e-07
0.02355999940511,0.01635999940511,0.02400000021,0.03999999911,1.089600009534e-05,-0.0018018017617117115,2.0282407115302488e-07
0.0235999994041,0.016399999404100002,0.0160000008,0.03999999911,7.2640003632e-06,-0.0018018017617117115,1.3018407467606504e-07
0.023639999403089997,0.016439999403089996,0.02400000021,0.0,1.089600009534e-05,-0.0,1.3075200228816e-07
0.023679999402079998,0.016479999402079996,0.03200000152,0.03999999911,1.4528000690079999e-05,-0.0018018017617117115,3.045200909474254e-07
0.02371999940107,0.016519999401069997,0.03200000152,0.03999999911,1.4528000690079999e-05,-0.0018018017617117115,3.045200909474254e-07
0.02375999940006,0.016559999400059998,0.02400000021,0.03999999911,1.089600009534e-05,-0.0018018017617117115,2.0282407115302488e-07
0.023799999399049997,0.01659999939905,0.03200000152,0.03999999911,1.4528000690079999e-05,-0.0018018017617117115,3.045200909474254e-07
0.023839999398039997,0.01663999939804,0.03200000152,0.03999999911,1.4528000690079999e-05,-0.0018018017617117115,3.045200909474254e-07
0.023879999397029998,0.01667999939703,0.02400000021,0.03999999911,1.089600009534e-05,-0.0018018017617117115,2.0282407115302488e-07
0.02391999939602,0.01671999939602,0.02400000021,0.03999999911,1.089600009534e-05,-0.0018018017617117115,2.0282407115302488e-07
0.02395999939501,0.01675999939501,0.02400000021,0.03999999911,1.089600009534e-05,-0.0018018017617117115,2.0282407115302488e-07
0.023999999393999997,0.016799999393999995,0.02400000021,0.03999999911,1.089600009534e-05,-0.0018018017617117115,2.0282407115302488e-07
0.024039999392989998,0.016839999392989996,0.03200000152,0.03999999911,1.4528000690079999e-05,-0.0018018017617117115,3.045200909474254e-07
0.02407999939198,0.016879999391979997,0.02400000021,0.0,1.089600009534e-05,-0.0,1.3075200228816e-07
0.02411999939097,0.016919999390969997,0.02400000021,0.03999999911,1.089600009534e-05,-0.0018018017617117115,2.0282407115302488e-07
0.02415999938996,0.016959999389959998,0.0160000008,0.03999999911,7.2640003632e-06,-0.0018018017617117115,1.3018407467606504e-07
0.024199999388949997,0.01699999938895,0.02400000021,0.03999999911,1.089600009534e-05,-0.0018018017617117115,2.0282407115302488e-07
0.024239999387939998,0.01703999938794,0.02400000021,0.0,1.089600009534e-05,-0.0,1.3075200228816e-07
0.02427999938693,0.01707999938693,0.0160000008,0.03999999911,7.2640003632e-06,-0.0018018017617117115,1.3018407467606504e-07
0.02431999938592,0.01711999938592,0.0160000008,0.03999999911,7.2640003632e-06,-0.0018018017617117115,1.3018407467606504e-07
0.02435999938491,0.017159999384910002,0.02400000021,0.03999999911,1.089600009534e-05,-0.0018018017617117115,2.0282407115302488e-07
0.024399999383899997,0.017199999383899996,0.02400000021,0.03999999911,1.089600009534e-05,-0.0018018017617117115,2.0282407115302488e-07
0.024439999382889998,0.017239999382889996,0.0160000008,0.03999999911,7.2640003632e-06,-0.0018018017617117115,1.3018407467606504e-07
0.02447999938188,0.017279999381879997,0.0160000008,0.03999999911,7.2640003632e-06,-0.0018018017617117115,1.3018407467606504e-07
0.02451999938087,0.017319999380869998,0.02400000021,0.03999999911,1.089600009534e-05,-0.0018018017617117115,2.0282407115302488e-07
0.024559999379859997,0.01735999937986,0.0160000008,0.03999999911,7.2640003632e-06,-0.0018018017617117115,1.3018407467606504e-07
0.024599999378849997,0.01739999937885,0.02400000021,0.0,1.089600009534e-05,-0.0,1.3075200228816e-07
0.024639999377839998,0.01743999937784,0.03200000152,0.03999999911,1.4528000690079999e-05,-0.0018018017617117115,3.045200909474254e-07
0.02467999937683,0.01747999937683,0.0160000008,0.0,7.2640003632e-06,-0.0,5.811200581120015e-08
0.02471999937582,0.01751999937582,0.02400000021,0.0,1.089600009534e-05,-0.0,1.3075200228816e-07
0.024759999374809997,0.017559999374809995,0.0160000008,0.03999999911,7.2640003632e-06,-0.0018018017617117115,1.3018407467606504e-07
0.024799999373799998,0.017599999373799996,0.02400000021,0.03999999911,1.089600009534e-05,-0.0018018017617117115,2.0282407115302488e-07
0.02483999937279,0.017639999372789997,0.02400000021,0.03999999911,1.089600009534e-05,-0.0018018017617117115,2.0282407115302488e-07
0.02487999937178,0.017679999371779997,0.0160000008,0.03999999911,7.2640003632e-06,-0.0018018017617117115,1.3018407467606504e-07
0.02491999937077,0.017719999370769998,0.02400000021,0.03999999911,1.089600009534e-05,-0.0018018017617117115,2.0282407115302488e-07
0.024959999369759997,0.01775999936976,0.0160000008,0.03999999911,7.2640003632e-06,-0.0018018017617117115,1.3018407467606504e-07
0.024999999368749998,0.01779999936875,0.02400000021,0.03999999911,1.089600009534e-05,-0.0018018017617117115,2.0282407115302488e-07
0.02503999936774,0.01783999936774,0.02400000021,0.0,1.089600009534e-05,-0.0,1.3075200228816e-07
0.02507999936673,0.01787999936673,0.02400000021,0.03999999911,1.089600009534e-05,-0.0018018017617117115,2.0282407115302488e-07
0.02511999936572,0.017919999365720002,0.0160000008,0.03999999911,7.2640003632e-06,-0.0018018017617117115,1.3018407467606504e-07
0.025159999364709997,0.017959999364709996,0.02400000021,0.03999999911,1.089600009534e-05,-0.0018018017617117115,2.0282407115302488e-07
0.025199999363699998,0.017999999363699996,0.03200000152,0.03999999911,1.4528000690079999e-05,-0.0018018017617117115,3.045200909474254e-07
0.02523999936269,0.018039999362689997,0.0160000008,0.03999999911,7.2640003632e-06,-0.0018018017617117115,1.3018407467606504e-07
0.02527999936168,0.018079999361679998,0.02400000021,0.03999999911,1.089600009534e-05,-0.0018018017617117115,2.0282407115302488e-07
0.025319999360669997,0.01811999936067,0.02400000021,0.03999999911,1.089600009534e-05,-0.0018018017617117115,2.0282407115302488e-07
0.025359999359659997,0.01815999935966,0.0160000008,0.03999999911,7.2640003632e-06,-0.0018018017617117115,1.3018407467606504e-07
0.025399999358649998,0.01819999935865,0.0160000008,0.03999999911,7.2640003632e-06,-0.0018018017617117115,1.3018407467606504e-07
0.02543999935764,0.01823999935764,0.0160000008,0.03999999911,7.2640003632e-06,-0.0018018017617117115,1.3018407467606504e-07
0.02547999935663,0.01827999935663,0.02400000021,0.03999999911,1.089600009534e-05,-0.0018018017617117115,2.0282407115302488e-07
0.025519999355619997,0.018319999355619995,0.02400000021,0.03999999911,1.089600009534e-05,-0.0018018017617117115,2.0282407115302488e-07
0.025559999354609998,0.018359999354609996,0.0160000008,0.0,7.2640003632e-06,-0.0,5.811200581120015e-08
0.025599999353599998,0.018399999353599997,0.00800000038,0.03999999911,3.6320001725199998e-06,-0.0018018017617117115,8.660007024502491e-08
0.02563999935259,0.018439999352589997,0.02400000021,0.03999999911,1.089600009534e-05,-0.0018018017617117115,2.0282407115302488e-07
0.02567999935158,0.018479999351579998,0.02400000021,0.03999999911,1.089600009534e-05,-0.0018018017617117115,2.0282407115302488e-07
0.025719999350569997,0.01851999935057,0.02400000021,0.03999999911,1.089600009534e-05,-0.0018018017617117115,2.0282407115302488e-07
0.025759999349559998,0.01855999934956,0.02400000021,0.03999999911,1.089600009534e-05,-0.0018018017617117115,2.0282407115302488e-07
0.02579999934855,0.01859999934855,0.0160000008,0.03999999911,7.2640003632e-06,-0.0018018017617117115,1.3018407467606504e-07
0.02583999934754,0.01863999934754,0.0160000008,0.03999999911,7.2640003632e-06,-0.0018018017617117115,1.3018407467606504e-07
0.02587999934653,0.018679999346530002,0.0160000008,0.03999999911,7.2640003632e-06,-0.0018018017617117115,1.3018407467606504e-07
0.025919999345519997,0.018719999345519996,0.0160000008,0.03999999911,7.2640003632e-06,-0.0018018017617117115,1.3018407467606504e-07
0.025959999344509998,0.018759999344509996,0.03200000152,0.03999999911,1.4528000690079999e-05,-0.0018018017617117115,3.045200909474254e-07
0.0259999993435,0.018799999343499997,0.0160000008,0.03999999911,7.2640003632e-06,-0.0018018017617117115,1.3018407467606504e-07
0.02603999934249,0.018839999342489998,0.03200000152,0.03999999911,1.4528000690079999e-05,-0.0018018017617117115,3.045200909474254e-07
0.026079999341479997,0.01887999934148,0.02400000021,0.03999999911,1.089600009534e-05,-0.0018018017617117115,2.0282407115302488e-07
0.026119999340469997,0.01891999934047,0.0160000008,0.03999999911,7.2640003632e-06,-0.0018018017617117115,1.3018407467606504e-07
0.026159999339459998,0.01895999933946,0.0160000008,0.0,7.2640003632e-06,-0.0,5.811200581120015e-08
0.02619999933845,0.01899999933845,0.03200000152,0.03999999911,1.4528000690079999e-05,-0.0018018017617117115,3.045200909474254e-07
0.02623999933744,0.01903999933744,0.03200000152,0.03999999911,1.4528000690079999e-05,-0.0018018017617117115,3.045200909474254e-07
0.026279999336429997,0.019079999336429995,0.0160000008,0.03999999911,7.2640003632e-06,-0.0018018017617117115,1.3018407467606504e-07
0.026319999335419998,0.019119999335419996,0.02400000021,0.0,1.089600009534e-05,-0.0,1.3075200228816e-07
0.026359999334409998,0.019159999334409997,0.0160000008,0.03999999911,7.2640003632e-06,-0.0018018017617117115,1.3018407467606504e-07
0.0263999993334,0.019199999333399997,0.02400000021,0.03999999911,1.089600009534e-05,-0.0018018017617117115,2.0282407115302488e-07
0.02643999933239,0.019239999332389998,0.02400000021,0.03999999911,1.089600009534e-05,-0.0018018017617117115,2.0282407115302488e-07
0.026479999331379997,0.01927999933138,0.03200000152,0.03999999911,1.4528000690079999e-05,-0.0018018017617117115,3.045200909474254e-07
0.026519999330369998,0.01931999933037,0.02400000021,0.03999999911,1.089600009534e-05,-0.0018018017617117115,2.0282407115302488e-07
0.02655999932936,0.01935999932936,0.0160000008,0.03999999911,7.2640003632e-06,-0.0018018017617117115,1.3018407467606504e-07
0.02659999932835,0.01939999932835,0.0160000008,0.03999999911,7.2640003632e-06,-0.0018018017617117115,1.3018407467606504e-07
0.02663999932734,0.019439999327340002,0.02400000021,0.03999999911,1.089600009534e-05,-0.0018018017617117115,2.0282407115302488e-07
0.026679999326329997,0.019479999326329996,0.0160000008,0.03999999911,7.2640003632e-06,-0.0018018017617117115,1.3018407467606504e-07
0.026719999325319998,0.019519999325319996,0.0160000008,0.0,7.2640003632e-06,-0.0,5.811200581120015e-08
0.02675999932431,0.019559999324309997,0.02400000021,0.03999999911,1.089600009534e-05,-0.0018018017617117115,2.0282407115302488e-07
0.0267999993233,0.019599999323299998,0.02400000021,0.03999999911,1.089600009534e-05,-0.0018018017617117115,2.0282407115302488e-07
0.026839999322289997,0.01963999932229,0.0160000008,0.03999999911,7.2640003632e-06,-0.0018018017617117115,1.3018407467606504e-07
0.026879999321279997,0.01967999932128,0.03200000152,0.03999999911,1.4528000690079999e-05,-0.0018018017617117115,3.045200909474254e-07
0.026919999320269998,0.01971999932027,0.02400000021,0.0,1.089600009534e-05,-0.0,1.3075200228816e-07
0.02695999931926,0.01975999931926,0.02400000021,0.03999999911,1.089600009534e-05,-0.0018018017617117115,2.0282407115302488e-07
0.02699999931825,0.01979999931825,0.0160000008,0.03999999911,7.2640003632e-06,-0.0018018017617117115,1.3018407467606504e-07
0.027039999317239997,0.019839999317239995,0.02400000021,0.03999999911,1.089600009534e-05,-0.0018018017617117115,2.0282407115302488e-07
0.027079999316229997,0.019879999316229996,0.02400000021,0.0,1.089600009534e-05,-0.0,1.3075200228816e-07
0.027119999315219998,0.019919999315219997,0.02400000021,0.03999999911,1.089600009534e-05,-0.0018018017617117115,2.0282407115302488e-07
0.02715999931421,0.019959999314209997,0.03200000152,0.03999999911,1.4528000690079999e-05,-0.0018018017617117115,3.045200909474254e-07
0.0271999993132,0.019999999313199998,0.02400000021,0.0,1.089600009534e-05,-0.0,1.3075200228816e-07
0.027239999312189997,0.02003999931219,0.02400000021,0.03999999911,1.089600009534e-05,-0.0018018017617117115,2.0282407115302488e-07
0.027279999311179998,0.02007999931118,0.0160000008,0.03999999911,7.2640003632e-06,-0.0018018017617117115,1.3018407467606504e-07
0.02731999931017,0.02011999931017,0.02400000021,0.03999999911,1.089600009534e-05,-0.0018018017617117115,2.0282407115302488e-07
0.02735999930916,0.02015999930916,0.02400000021,0.03999999911,1.089600009534e-05,-0.0018018017617117115,2.0282407115302488e-07
0.02739999930815,0.020199999308150002,0.02400000021,0.03999999911,1.089600009534e-05,-0.0018018017617117115,2.0282407115302488e-07
0.027439999307139997,0.020239999307139996,0.02400000021,0.03999999911,1.089600009534e-05,-0.0018018017617117115,2.0282407115302488e-07
0.027479999306129998,0.020279999306129996,0.0160000008,0.03999999911,7.2640003632e-06,-0.0018018017617117115,1.3018407467606504e-07
0.02751999930512,0.020319999305119997,0.02400000021,0.03999999911,1.089600009534e-05,-0.0018018017617117115,2.0282407115302488e-07
0.02755999930411,0.020359999304109998,0.0160000008,0.03999999911,7.2640003632e-06,-0.0018018017617117115,1.3018407467606504e-07
0.027599999303099997,0.0203999993031,0.02400000021,0.03999999911,1.089600009534e-05,-0.0018018017617117115,2.0282407115302488e-07
0.027639999302089997,0.02043999930209,0.02400000021,0.03999999911,1.089600009534e-05,-0.0018018017617117115,2.0282407115302488e-07
0.027679999301079998,0.02047999930108,0.02400000021,0.03999999911,1.089600009534e-05,-0.0018018017617117115,2.0282407115302488e-07
0.02771999930007,0.02051999930007,0.02400000021,0.03999999911,1.089600009534e-05,-0.0018018017617117115,2.0282407115302488e-07
0.02775999929906,0.02055999929906,0.02400000021,0.03999999911,1.089600009534e-05,-0.0018018017617117115,2.0282407115302488e-07
0.027799999298049997,0.020599999298049995,0.0160000008,0.03999999911,7.2640003632e-06,-0.0018018017617117115,1.3018407467606504e-07
0.027839999297039997,0.020639999297039996,0.0160000008,0.03999999911,7.2640003632e-06,-0.0018018017617117115,1.3018407467606504e-07
0.027879999296029998,0.020679999296029997,0.0160000008,0.03999999911,7.2640003632e-06,-0.0018018017617117115,1.3018407467606504e-07
0.02791999929502,0.020719999295019997,0.0160000008,0.0,7.2640003632e-06,-0.0,5.811200581120015e-08
0.02795999929401,0.020759999294009998,0.02400000021,0.03999999911,1.089600009534e-05,-0.0018018017617117115,2.0282407115302488e-07
0.027999999292999997,0.020799999293,0.0160000008,0.0,7.2640003632e-06,-0.0,5.811200581120015e-08
0.028039999291989998,0.02083999929199,0.02400000021,0.03999999911,1.089600009534e-05,-0.0018018017617117115,2.0282407115302488e-07
0.02807999929098,0.02087999929098,0.02400000021,0.03999999911,1.089600009534e-05,-0.0018018017617117115,2.0282407115302488e-07
0.02811999928997,0.02091999928997,0.02400000021,0.03999999911,1.089600009534e-05,-0.0018018017617117115,2.0282407115302488e-07
0.02815999928896,0.020959999288960002,0.02400000021,0.03999999911,1.089600009534e-05,-0.0018018017617117115,2.0282407115302488e-07
0.028199999287949997,0.020999999287949996,0.02400000021,0.03999999911,1.089600009534e-05,-0.0018018017617117115,2.0282407115302488e-07
0.028239999286939998,0.021039999286939996,0.0160000008,0.0,7.2640003632e-06,-0.0,5.811200581120015e-08
0.02827999928593,0.021079999285929997,0.02400000021,0.03999999911,1.089600009534e-05,-0.0018018017617117115,2.0282407115302488e-07
0.02831999928492,0.021119999284919998,0.02400000021,0.03999999911,1.089600009534e-05,-0.0018018017617117115,2.0282407115302488e-07
0.028359999283909997,0.02115999928391,0.00800000038,0.03999999911,3.6320001725199998e-06,-0.0018018017617117115,8.660007024502491e-08
0.028399999282899997,0.0211999992829,0.0160000008,0.03999999911,7.2640003632e-06,-0.0018018017617117115,1.3018407467606504e-07
0.028439999281889998,0.02123999928189,0.03200000152,0.03999999911,1.4528000690079999e-05,-0.0018018017617117115,3.045200909474254e-07
0.02847999928088,0.02127999928088,0.02400000021,0.03999999911,1.089600009534e-05,-0.0018018017617117115,2.0282407115302488e-07
0.02851999927987,0.02131999927987,0.0160000008,0.03999999911,7.2640003632e-06,-0.0018018017617117115,1.3018407467606504e-07
0.028559999278859997,0.021359999278859995,0.02400000021,0.03999999911,1.089600009534e-05,-0.0018018017617117115,2.0282407115302488e-07
0.028599999277849997,0.021399999277849996,0.0160000008,0.0,7.2640003632e-06,-0.0,5.811200581120015e-08
0.028639999276839998,0.021439999276839997,0.0160000008,0.03999999911,7.2640003632e-06,-0.0018018017617117115,1.3018407467606504e-07
0.02867999927583,0.021479999275829997,0.0160000008,0.03999999911,7.2640003632e-06,-0.0018018017617117115,1.3018407467606504e-07
0.02871999927482,0.021519999274819998,0.03200000152,0.03999999911,1.4528000690079999e-05,-0.0018018017617117115,3.045200909474254e-07
0.028759999273809997,0.02155999927381,0.0160000008,0.03999999911,7.2640003632e-06,-0.0018018017617117115,1.3018407467606504e-07
0.028799999272799998,0.0215999992728,0.0160000008,0.03999999911,7.2640003632e-06,-0.0018018017617117115,1.3018407467606504e-07
0.02883999927179,0.02163999927179,0.00800000038,0.0,3.6320001725199998e-06,-0.0,1.4528001380160033e-08
0.02887999927078,0.02167999927078,0.0160000008,0.03999999911,7.2640003632e-06,-0.0018018017617117115,1.3018407467606504e-07
0.028919999269769996,0.021719999269769995,0.02400000021,0.03999999911,1.089600009534e-05,-0.0018018017617117115,2.0282407115302488e-07
0.028959999268759997,0.021759999268759996,0.0160000008,0.03999999911,7.2640003632e-06,-0.0018018017617117115,1.3018407467606504e-07
0.028999999267749998,0.021799999267749996,0.0160000008,0.0,7.2640003632e-06,-0.0,5.811200581120015e-08
0.02903999926674,0.021839999266739997,0.0160000008,0.03999999911,7.2640003632e-06,-0.0018018017617117115,1.3018407467606504e-07
0.02907999926573,0.021879999265729998,0.0160000008,0.03999999911,7.2640003632e-06,-0.0018018017617117115,1.3018407467606504e-07
0.029119999264719997,0.02191999926472,0.03200000152,0.03999999911,1.4528000690079999e-05,-0.0018018017617117115,3.045200909474254e-07
0.029159999263709997,0.02195999926371,0.00800000038,0.03999999911,3.6320001725199998e-06,-0.0018018017617117115,8.660007024502491e-08
0.029199999262699998,0.0219999992627,0.0160000008,0.03999999911,7.2640003632e-06,-0.0018018017617117115,1.3018407467606504e-07
0.02923999926169,0.02203999926169,0.03200000152,0.03999999911,1.4528000690079999e-05,-0.0018018017617117115,3.045200909474254e-07
0.02927999926068,0.02207999926068,0.0160000008,0.03999999911,7.2640003632e-06,-0.0018018017617117115,1.3018407467606504e-07
0.029319999259669997,0.022119999259669995,0.00800000038,0.0,3.6320001725199998e-06,-0.0,1.4528001380160033e-08
0.029359999258659997,0.022159999258659996,0.00800000038,0.0,3.6320001725199998e-06,-0.0,1.4528001380160033e-08
0.029399999257649998,0.022199999257649997,0.0160000008,0.03999999911,7.2640003632e-06,-0.0018018017617117115,1.3018407467606504e-07
0.02943999925664,0.022239999256639997,0.02400000021,0.03999999911,1.089600009534e-05,-0.0018018017617117115,2.0282407115302488e-07
0.02947999925563,0.022279999255629998,0.0160000008,0.03999999911,7.2640003632e-06,-0.0018018017617117115,1.3018407467606504e-07
0.029519999254619997,0.02231999925462,0.0160000008,0.03999999911,7.2640003632e-06,-0.0018018017617117115,1.3018407467606504e-07
0.029559999253609998,0.02235999925361,0.0160000008,0.03999999911,7.2640003632e-06,-0.0018018017617117115,1.3018407467606504e-07
0.0295999992526,0.0223999992526,0.0160000008,0.03999999911,7.2640003632e-06,-0.0018018017617117115,1.3018407467606504e-07
0.02963999925159,0.02243999925159,0.02400000021,0.03999999911,1.089600009534e-05,-0.0018018017617117115,2.0282407115302488e-07
0.029679999250579996,0.022479999250579995,0.0160000008,0.03999999911,7.2640003632e-06,-0.0018018017617117115,1.3018407467606504e-07
0.029719999249569997,0.022519999249569995,0.0160000008,0.03999999911,7.2640003632e-06,-0.0018018017617117115,1.3018407467606504e-07
0.029759999248559998,0.022559999248559996,0.02400000021,0.03999999911,1.089600009534e-05,-0.0018018017617117115,2.0282407115302488e-07
0.02979999924755,0.022599999247549997,0.0160000008,0.0,7.2640003632e-06,-0.0,5.811200581120015e-08
0.02983999924654,0.022639999246539998,0.02400000021,0.03999999911,1.089600009534e-05,-0.0018018017617117115,2.0282407115302488e-07
0.029879999245529996,0.02267999924553,0.02400000021,0.0,1.089600009534e-05,-0.0,1.3075200228816e-07
0.029919999244519997,0.02271999924452,0.02400000021,0.03999999911,1.089600009534e-05,-0.0018018017617117115,2.0282407115302488e-07
0.029959999243509998,0.02275999924351,0.00800000038,0.0,3.6320001725199998e-06,-0.0,1.4528001380160033e-08
0.0299999992425,0.0227999992425,0.02400000021,0.03999999911,1.089600009534e-05,-0.0018018017617117115,2.0282407115302488e-07
0.03003999924149,0.02283999924149,0.0160000008,0.03999999911,7.2640003632e-06,-0.0018018017617117115,1.3018407467606504e-07
0.030079999240479997,0.022879999240479995,0.02400000021,0.03999999911,1.089600009534e-05,-0.0018018017617117115,2.0282407115302488e-07
0.030119999239469997,0.022919999239469996,0.00800000038,0.03999999911,3.6320001725199998e-06,-0.0018018017617117115,8.660007024502491e-08
0.030159999238459998,0.022959999238459997,0.02400000021,0.03999999911,1.089600009534e-05,-0.0018018017617117115,2.0282407115302488e-07
0.03019999923745,0.022999999237449997,0.02400000021,0.03999999911,1.089600009534e-05,-0.0018018017617117115,2.0282407115302488e-07
0.03023999923644,0.023039999236439998,0.02400000021,0.03999999911,1.089600009534e-05,-0.0018018017617117115,2.0282407115302488e-07
0.030279999235429997,0.02307999923543,0.0160000008,0.03999999911,7.2640003632e-06,-0.0018018017617117115,1.3018407467606504e-07
0.030319999234419998,0.02311999923442,0.0160000008,0.0,7.2640003632e-06,-0.0,5.811200581120015e-08
0.03035999923341,0.02315999923341,0.02400000021,0.03999999911,1.089600009534e-05,-0.0018018017617117115,2.0282407115302488e-07
0.0303999992324,0.0231999992324,0.02400000021,0.03999999911,1.089600009534e-05,-0.0018018017617117115,2.0282407115302488e-07
0.030439999231389996,0.023239999231389995,0.0160000008,0.0,7.2640003632e-06,-0.0,5.811200581120015e-08
0.030479999230379997,0.023279999230379995,0.03200000152,0.03999999911,1.4528000690079999e-05,-0.0018018017617117115,3.045200909474254e-07
0.030519999229369998,0.023319999229369996,0.02400000021,0.03999999911,1.089600009534e-05,-0.0018018017617117115,2.0282407115302488e-07
0.03055999922836,0.023359999228359997,0.0160000008,0.03999999911,7.2640003632e-06,-0.0018018017617117115,1.3018407467606504e-07
0.03059999922735,0.023399999227349998,0.0160000008,0.03999999911,7.2640003632e-06,-0.0018018017617117115,1.3018407467606504e-07
0.030639999226339996,0.02343999922634,0.0160000008,0.0,7.2640003632e-06,-0.0,5.811200581120015e-08
0.030679999225329997,0.02347999922533,0.0160000008,0.0,7.2640003632e-06,-0.0,5.811200581120015e-08
0.030719999224319998,0.02351999922432,0.0160000008,0.03999999911,7.2640003632e-06,-0.0018018017617117115,1.3018407467606504e-07
0.03075999922331,0.02355999922331,0.0160000008,0.0,7.2640003632e-06,-0.0,5.811200581120015e-08
0.0307999992223,0.0235999992223,0.02400000021,0.03999999911,1.089600009534e-05,-0.0018018017617117115,2.0282407115302488e-07
0.030839999221289997,0.023639999221289995,0.00800000038,0.0,3.6320001725199998e-06,-0.0,1.4528001380160033e-08
0.030879999220279997,0.023679999220279996,0.02400000021,0.03999999911,1.089600009534e-05,-0.0018018017617117115,2.0282407115302488e-07
0.030919999219269998,0.023719999219269997,0.0160000008,0.03999999911,7.2640003632e-06,-0.0018018017617117115,1.3018407467606504e-07
0.03095999921826,0.023759999218259997,0.02400000021,0.03999999911,1.089600009534e-05,-0.0018018017617117115,2.0282407115302488e-07
0.03099999921725,0.023799999217249998,0.02400000021,0.03999999911,1.089600009534e-05,-0.0018018017617117115,2.0282407115302488e-07
0.031039999216239997,0.02383999921624,0.0160000008,0.03999999911,7.2640003632e-06,-0.0018018017617117115,1.3018407467606504e-07
0.031079999215229998,0.02387999921523,0.02400000021,0.03999999911,1.089600009534e-05,-0.0018018017617117115,2.0282407115302488e-07
0.031119999214219998,0.02391999921422,0.0160000008,0.03999999911,7.2640003632e-06,-0.0018018017617117115,1.3018407467606504e-07
0.03115999921321,0.02395999921321,0.0160000008,0.03999999911,7.2640003632e-06,-0.0018018017617117115,1.3018407467606504e-07
0.031199999212199996,0.023999999212199995,0.0160000008,0.03999999911,7.2640003632e-06,-0.0018018017617117115,1.3018407467606504e-07
0.031239999211189997,0.024039999211189995,0.0160000008,0.03999999911,7.2640003632e-06,-0.0018018017617117115,1.3018407467606504e-07
0.03127999921018,0.024079999210180003,0.00800000038,0.03999999911,3.6320001725199998e-06,-0.0018018017617117115,8.660007024502491e-08
0.031319999209169995,0.024119999209169997,0.02400000021,0.03999999911,1.089600009534e-05,-0.0018018017617117115,2.0282407115302488e-07
0.031359999208159996,0.024159999208159998,0.0160000008,0.03999999911,7.2640003632e-06,-0.0018018017617117115,1.3018407467606504e-07
0.031399999207149996,0.02419999920715,0.02400000021,0.03999999911,1.089600009534e-05,-0.0018018017617117115,2.0282407115302488e-07
0.03143999920614,0.02423999920614,0.0160000008,0.03999999911,7.2640003632e-06,-0.0018018017617117115,1.3018407467606504e-07
0.03147999920513,0.02427999920513,0.0160000008,0.03999999911,7.2640003632e-06,-0.0018018017617117115,1.3018407467606504e-07
0.03151999920412,0.02431999920412,0.03200000152,0.03999999911,1.4528000690079999e-05,-0.0018018017617117115,3.045200909474254e-07
0.03155999920311,0.02435999920311,0.0160000008,0.03999999911,7.2640003632e-06,-0.0018018017617117115,1.3018407467606504e-07
0.0315999992021,0.024399999202100002,0.02400000021,0.03999999911,1.089600009534e-05,-0.0018018017617117115,2.0282407115302488e-07
0.03163999920109,0.024439999201090003,0.02400000021,0.03999999911,1.089600009534e-05,-0.0018018017617117115,2.0282407115302488e-07
0.031679999200079995,0.024479999200079997,0.02400000021,0.03999999911,1.089600009534e-05,-0.0018018017617117115,2.0282407115302488e-07
0.031719999199069995,0.024519999199069997,0.0160000008,0.03999999911,7.2640003632e-06,-0.0018018017617117115,1.3018407467606504e-07
0.031759999198059996,0.024559999198059998,0.0160000008,0.0,7.2640003632e-06,-0.0,5.811200581120015e-08
0.03179999919705,0.02459999919705,0.00800000038,0.03999999911,3.6320001725199998e-06,-0.0018018017617117115,8.660007024502491e-08
0.03183999919604,0.02463999919604,0.0160000008,0.0,7.2640003632e-06,-0.0,5.811200581120015e-08
0.03187999919503,0.02467999919503,0.02400000021,0.0,1.089600009534e-05,-0.0,1.3075200228816e-07
0.03191999919402,0.02471999919402,0.00800000038,0.03999999911,3.6320001725199998e-06,-0.0018018017617117115,8.660007024502491e-08
0.03195999919301,0.02475999919301,0.0160000008,0.03999999911,7.2640003632e-06,-0.0018018017617117115,1.3018407467606504e-07
0.031999999192,0.024799999192000002,0.03200000152,0.03999999911,1.4528000690079999e-05,-0.0018018017617117115,3.045200909474254e-07
0.03203999919099,0.024839999190990003,0.0160000008,0.0,7.2640003632e-06,-0.0,5.811200581120015e-08
0.032079999189979995,0.024879999189979997,0.0160000008,0.03999999911,7.2640003632e-06,-0.0018018017617117115,1.3018407467606504e-07
0.032119999188969996,0.024919999188969998,0.0160000008,0.079999998212,7.2640003632e-06,-0.0036036035230630633,3.4640028121300215e-07
0.032159999187959996,0.02495999918796,0.02400000021,0.03999999911,1.089600009534e-05,-0.0018018017617117115,2.0282407115302488e-07
0.03219999918695,0.02499999918695,0.02400000021,0.0,1.089600009534e-05,-0.0,1.3075200228816e-07
0.03223999918594,0.02503999918594,0.0160000008,0.03999999911,7.2640003632e-06,-0.0018018017617117115,1.3018407467606504e-07
0.03227999918493,0.02507999918493,0.0160000008,0.03999999911,7.2640003632e-06,-0.0018018017617117115,1.3018407467606504e-07
0.03231999918392,0.02511999918392,0.00800000038,0.03999999911,3.6320001725199998e-06,-0.0018018017617117115,8.660007024502491e-08
0.03235999918291,0.025159999182910002,0.02400000021,0.03999999911,1.089600009534e-05,-0.0018018017617117115,2.0282407115302488e-07
0.0323999991819,0.025199999181900003,0.0160000008,0.03999999911,7.2640003632e-06,-0.0018018017617117115,1.3018407467606504e-07
0.032439999180889995,0.025239999180889996,0.00800000038,0.03999999911,3.6320001725199998e-06,-0.0018018017617117115,8.660007024502491e-08
0.032479999179879995,0.025279999179879997,0.03200000152,0.03999999911,1.4528000690079999e-05,-0.0018018017617117115,3.045200909474254e-07
0.032519999178869996,0.025319999178869998,0.0160000008,0.0,7.2640003632e-06,-0.0,5.811200581120015e-08
0.03255999917786,0.02535999917786,0.00800000038,0.0,3.6320001725199998e-06,-0.0,1.4528001380160033e-08
0.03259999917685,0.02539999917685,0.0160000008,0.03999999911,7.2640003632e-06,-0.0018018017617117115,1.3018407467606504e-07
0.03263999917584,0.02543999917584,0.00800000038,0.03999999911,3.6320001725199998e-06,-0.0018018017617117115,8.660007024502491e-08
0.03267999917483,0.02547999917483,0.0160000008,0.03999999911,7.2640003632e-06,-0.0018018017617117115,1.3018407467606504e-07
0.03271999917382,0.02551999917382,0.0160000008,0.03999999911,7.2640003632e-06,-0.0018018017617117115,1.3018407467606504e-07
0.03275999917281,0.025559999172810002,0.0160000008,0.03999999911,7.2640003632e-06,-0.0018018017617117115,1.3018407467606504e-07
0.0327999991718,0.025599999171800003,0.0160000008,0.0,7.2640003632e-06,-0.0,5.811200581120015e-08
0.032839999170789995,0.025639999170789997,0.02400000021,0.0,1.089600009534e-05,-0.0,1.3075200228816e-07
0.032879999169779996,0.025679999169779998,0.0160000008,0.03999999911,7.2640003632e-06,-0.0018018017617117115,1.3018407467606504e-07
0.032919999168769996,0.02571999916877,0.02400000021,0.03999999911,1.089600009534e-05,-0.0018018017617117115,2.0282407115302488e-07
0.03295999916776,0.02575999916776,0.0160000008,0.03999999911,7.2640003632e-06,-0.0018018017617117115,1.3018407467606504e-07
0.03299999916675,0.02579999916675,0.0160000008,0.03999999911,7.2640003632e-06,-0.0018018017617117115,1.3018407467606504e-07
0.03303999916574,0.02583999916574,0.0160000008,0.03999999911,7.2640003632e-06,-0.0018018017617117115,1.3018407467606504e-07
0.03307999916473,0.02587999916473,0.0160000008,0.03999999911,7.2640003632e-06,-0.0018018017617117115,1.3018407467606504e-07
0.03311999916372,0.025919999163720002,0.0160000008,0.03999999911,7.2640003632e-06,-0.0018018017617117115,1.3018407467606504e-07
0.03315999916271,0.025959999162710003,0.0160000008,0.03999999911,7.2640003632e-06,-0.0018018017617117115,1.3018407467606504e-07
0.033199999161699995,0.025999999161699996,0.0160000008,0.03999999911,7.2640003632e-06,-0.0018018017617117115,1.3018407467606504e-07
0.033239999160689995,0.026039999160689997,0.02400000021,0.03999999911,1.089600009534e-05,-0.0018018017617117115,2.0282407115302488e-07
0.033279999159679996,0.026079999159679998,0.0160000008,0.03999999911,7.2640003632e-06,-0.0018018017617117115,1.3018407467606504e-07
0.03331999915867,0.02611999915867,0.0160000008,0.03999999911,7.2640003632e-06,-0.0018018017617117115,1.3018407467606504e-07
0.03335999915766,0.02615999915766,0.0160000008,0.03999999911,7.2640003632e-06,-0.0018018017617117115,1.3018407467606504e-07
0.03339999915665,0.02619999915665,0.0160000008,0.03999999911,7.2640003632e-06,-0.0018018017617117115,1.3018407467606504e-07
0.03343999915564,0.02623999915564,0.0160000008,0.03999999911,7.2640003632e-06,-0.0018018017617117115,1.3018407467606504e-07
0.03347999915463,0.02627999915463,0.02400000021,0.03999999911,1.089600009534e-05,-0.0018018017617117115,2.0282407115302488e-07
0.03351999915362,0.026319999153620002,0.0160000008,0.03999999911,7.2640003632e-06,-0.0018018017617117115,1.3018407467606504e-07
0.03355999915261,0.026359999152610003,0.0160000008,0.03999999911,7.2640003632e-06,-0.0018018017617117115,1.3018407467606504e-07
0.033599999151599995,0.026399999151599997,0.0160000008,0.0,7.2640003632e-06,-0.0,5.811200581120015e-08
0.033639999150589996,0.026439999150589998,0.03200000152,0.03999999911,1.4528000690079999e-05,-0.0018018017617117115,3.045200909474254e-07
0.033679999149579996,0.02647999914958,0.0160000008,0.03999999911,7.2640003632e-06,-0.0018018017617117115,1.3018407467606504e-07
0.03371999914857,0.02651999914857,0.0160000008,0.03999999911,7.2640003632e-06,-0.0018018017617117115,1.3018407467606504e-07
0.03375999914756,0.02655999914756,0.0160000008,0.03999999911,7.2640003632e-06,-0.0018018017617117115,1.3018407467606504e-07
0.03379999914655,0.02659999914655,0.0160000008,0.03999999911,7.2640003632e-06,-0.0018018017617117115,1.3018407467606504e-07
0.03383999914554,0.02663999914554,0.0160000008,0.03999999911,7.2640003632e-06,-0.0018018017617117115,1.3018407467606504e-07
0.03387999914453,0.026679999144530002,0.0160000008,0.03999999911,7.2640003632e-06,-0.0018018017617117115,1.3018407467606504e-07
0.03391999914352,0.026719999143520003,0.00800000038,0.0,3.6320001725199998e-06,-0.0,1.4528001380160033e-08
0.033959999142509995,0.026759999142509996,0.0160000008,0.03999999911,7.2640003632e-06,-0.0018018017617117115,1.3018407467606504e-07
0.033999999141499995,0.026799999141499997,0.0160000008,0.03999999911,7.2640003632e-06,-0.0018018017617117115,1.3018407467606504e-07
0.034039999140489996,0.026839999140489998,0.00800000038,0.0,3.6320001725199998e-06,-0.0,1.4528001380160033e-08
0.03407999913948,0.02687999913948,0.02400000021,0.03999999911,1.089600009534e-05,-0.0018018017617117115,2.0282407115302488e-07
0.03411999913847,0.02691999913847,0.0160000008,0.03999999911,7.2640003632e-06,-0.0018018017617117115,1.3018407467606504e-07
0.03415999913746,0.02695999913746,0.0160000008,0.03999999911,7.2640003632e-06,-0.0018018017617117115,1.3018407467606504e-07
0.03419999913645,0.02699999913645,0.0160000008,0.03999999911,7.2640003632e-06,-0.0018018017617117115,1.3018407467606504e-07
0.03423999913544,0.02703999913544,0.02400000021,0.03999999911,1.089600009534e-05,-0.0018018017617117115,2.0282407115302488e-07
0.03427999913443,0.027079999134430002,0.0160000008,0.03999999911,7.2640003632e-06,-0.0018018017617117115,1.3018407467606504e-07
0.03431999913342,0.027119999133420003,0.0160000008,0.03999999911,7.2640003632e-06,-0.0018018017617117115,1.3018407467606504e-07
0.034359999132409995,0.027159999132409997,0.0160000008,0.03999999911,7.2640003632e-06,-0.0018018017617117115,1.3018407467606504e-07
0.034399999131399996,0.027199999131399998,0.02400000021,0.03999999911,1.089600009534e-05,-0.0018018017617117115,2.0282407115302488e-07
0.034439999130389996,0.027239999130389998,0.0160000008,0.03999999911,7.2640003632e-06,-0.0018018017617117115,1.3018407467606504e-07
0.03447999912938,0.02727999912938,0.0160000008,0.03999999911,7.2640003632e-06,-0.0018018017617117115,1.3018407467606504e-07
0.03451999912837,0.02731999912837,0.0160000008,0.03999999911,7.2640003632e-06,-0.0018018017617117115,1.3018407467606504e-07
0.03455999912736,0.02735999912736,0.0160000008,0.03999999911,7.2640003632e-06,-0.0018018017617117115,1.3018407467606504e-07
0.03459999912635,0.02739999912635,0.0160000008,0.03999999911,7.2640003632e-06,-0.0018018017617117115,1.3018407467606504e-07
0.03463999912534,0.027439999125340002,0.0160000008,0.03999999911,7.2640003632e-06,-0.0018018017617117115,1.3018407467606504e-07
0.03467999912433,0.027479999124330003,0.0160000008,0.03999999911,7.2640003632e-06,-0.0018018017617117115,1.3018407467606504e-07
0.034719999123319994,0.027519999123319996,0.00800000038,0.03999999911,3.6320001725199998e-06,-0.0018018017617117115,8.660007024502491e-08
0.034759999122309995,0.027559999122309997,0.0160000008,0.03999999911,7.2640003632e-06,-0.0018018017617117115,1.3018407467606504e-07
0.034799999121299996,0.027599999121299998,0.0160000008,0.03999999911,7.2640003632e-06,-0.0018018017617117115,1.3018407467606504e-07
0.03483999912029,0.02763999912029,0.02400000021,0.03999999911,1.089600009534e-05,-0.0018018017617117115,2.0282407115302488e-07
0.03487999911928,0.02767999911928,0.02400000021,0.03999999911,1.089600009534e-05,-0.0018018017617117115,2.0282407115302488e-07
0.03491999911827,0.02771999911827,0.03200000152,0.0,1.4528000690079999e-05,-0.0,2.3244802208256053e-07
0.03495999911726,0.02775999911726,0.02400000021,0.03999999911,1.089600009534e-05,-0.0018018017617117115,2.0282407115302488e-07
0.03499999911625,0.02779999911625,0.0160000008,0.03999999911,7.2640003632e-06,-0.0018018017617117115,1.3018407467606504e-07
0.03503999911524,0.027839999115240002,0.0160000008,0.03999999911,7.2640003632e-06,-0.0018018017617117115,1.3018407467606504e-07
0.03507999911423,0.027879999114230003,0.0160000008,0.03999999911,7.2640003632e-06,-0.0018018017617117115,1.3018407467606504e-07
0.035119999113219995,0.027919999113219997,0.00800000038,0.03999999911,3.6320001725199998e-06,-0.0018018017617117115,8.660007024502491e-08
0.035159999112209996,0.027959999112209998,0.0160000008,0.03999999911,7.2640003632e-06,-0.0018018017617117115,1.3018407467606504e-07
0.035199999111199996,0.027999999111199998,0.0160000008,0.03999999911,7.2640003632e-06,-0.0018018017617117115,1.3018407467606504e-07
0.03523999911019,0.02803999911019,0.00800000038,0.0,3.6320001725199998e-06,-0.0,1.4528001380160033e-08
0.03527999910918,0.02807999910918,0.0160000008,0.03999999911,7.2640003632e-06,-0.0018018017617117115,1.3018407467606504e-07
0.03531999910817,0.02811999910817,0.0160000008,0.03999999911,7.2640003632e-06,-0.0018018017617117115,1.3018407467606504e-07
0.03535999910716,0.02815999910716,0.0160000008,0.03999999911,7.2640003632e-06,-0.0018018017617117115,1.3018407467606504e-07
0.03539999910615,0.028199999106150002,0.0160000008,0.03999999911,7.2640003632e-06,-0.0018018017617117115,1.3018407467606504e-07
0.03543999910514,0.028239999105140003,0.00800000038,0.0,3.6320001725199998e-06,-0.0,1.4528001380160033e-08
0.035479999104129994,0.028279999104129996,0.00800000038,0.03999999911,3.6320001725199998e-06,-0.0018018017617117115,8.660007024502491e-08
0.035519999103119995,0.028319999103119997,0.00800000038,0.0,3.6320001725199998e-06,-0.0,1.4528001380160033e-08
0.035559999102109996,0.028359999102109998,0.0160000008,0.03999999911,7.2640003632e-06,-0.0018018017617117115,1.3018407467606504e-07
0.0355999991011,0.0283999991011,0.0160000008,0.0,7.2640003632e-06,-0.0,5.811200581120015e-08
0.03563999910009,0.02843999910009,0.0160000008,0.03999999911,7.2640003632e-06,-0.0018018017617117115,1.3018407467606504e-07
0.03567999909908,0.02847999909908,0.0160000008,0.03999999911,7.2640003632e-06,-0.0018018017617117115,1.3018407467606504e-07
0.03571999909807,0.02851999909807,0.0160000008,0.0,7.2640003632e-06,-0.0,5.811200581120015e-08
0.03575999909706,0.02855999909706,0.0160000008,0.03999999911,7.2640003632e-06,-0.0018018017617117115,1.3018407467606504e-07
0.03579999909605,0.028599999096050002,0.02400000021,0.03999999911,1.089600009534e-05,-0.0018018017617117115,2.0282407115302488e-07
0.03583999909504,0.028639999095040003,0.0160000008,0.03999999911,7.2640003632e-06,-0.0018018017617117115,1.3018407467606504e-07
0.035879999094029995,0.028679999094029997,0.0160000008,0.03999999911,7.2640003632e-06,-0.0018018017617117115,1.3018407467606504e-07
0.035919999093019996,0.028719999093019997,0.00800000038,0.0,3.6320001725199998e-06,-0.0,1.4528001380160033e-08
0.035959999092009996,0.028759999092009998,0.03200000152,0.0,1.4528000690079999e-05,-0.0,2.3244802208256053e-07
0.035999999091,0.028799999091,0.0160000008,0.03999999911,7.2640003632e-06,-0.0018018017617117115,1.3018407467606504e-07
0.03603999908999,0.02883999908999,0.0160000008,0.0,7.2640003632e-06,-0.0,5.811200581120015e-08
0.03607999908898,0.02887999908898,0.0160000008,0.03999999911,7.2640003632e-06,-0.0018018017617117115,1.3018407467606504e-07
0.03611999908797,0.02891999908797,0.00800000038,0.03999999911,3.6320001725199998e-06,-0.0018018017617117115,8.660007024502491e-08
0.03615999908696,0.028959999086960002,0.00800000038,0.03999999911,3.6320001725199998e-06,-0.0018018017617117115,8.660007024502491e-08
0.03619999908595,0.028999999085950003,0.02400000021,0.03999999911,1.089600009534e-05,-0.0018018017617117115,2.0282407115302488e-07
0.036239999084939994,0.029039999084939996,0.0160000008,0.0,7.2640003632e-06,-0.0,5.811200581120015e-08
0.036279999083929995,0.029079999083929997,0.0160000008,0.03999999911,7.2640003632e-06,-0.0018018017617117115,1.3018407467606504e-07
0.036319999082919996,0.029119999082919998,0.00800000038,0.03999999911,3.6320001725199998e-06,-0.0018018017617117115,8.660007024502491e-08
0.03635999908191,0.02915999908191,0.00800000038,0.03999999911,3.6320001725199998e-06,-0.0018018017617117115,8.660007024502491e-08
0.0363999990809,0.0291999990809,0.00800000038,0.03999999911,3.6320001725199998e-06,-0.0018018017617117115,8.660007024502491e-08
0.03643999907989,0.02923999907989,0.0160000008,0.03999999911,7.2640003632e-06,-0.0018018017617117115,1.3018407467606504e-07
0.03647999907888,0.02927999907888,0.02400000021,0.03999999911,1.089600009534e-05,-0.0018018017617117115,2.0282407115302488e-07
0.03651999907787,0.02931999907787,0.0160000008,0.0,7.2640003632e-06,-0.0,5.811200581120015e-08
0.03655999907686,0.029359999076860002,0.0160000008,0.03999999911,7.2640003632e-06,-0.0018018017617117115,1.3018407467606504e-07
0.036599999075849994,0.029399999075849996,0.02400000021,0.03999999911,1.089600009534e-05,-0.0018018017617117115,2.0282407115302488e-07
0.036639999074839995,0.029439999074839997,0.0160000008,0.03999999911,7.2640003632e-06,-0.0018018017617117115,1.3018407467606504e-07
0.036679999073829996,0.029479999073829997,0.0160000008,0.03999999911,7.2640003632e-06,-0.0018018017617117115,1.3018407467606504e-07
0.036719999072819996,0.029519999072819998,0.0160000008,0.03999999911,7.2640003632e-06,-0.0018018017617117115,1.3018407467606504e-07
0.03675999907181,0.02955999907181,0.0160000008,0.03999999911,7.2640003632e-06,-0.0018018017617117115,1.3018407467606504e-07
0.0367999990708,0.0295999990708,0.0160000008,0.03999999911,7.2640003632e-06,-0.0018018017617117115,1.3018407467606504e-07
0.03683999906979,0.02963999906979,0.02400000021,0.03999999911,1.089600009534e-05,-0.0018018017617117115,2.0282407115302488e-07
0.03687999906878,0.02967999906878,0.0160000008,0.0,7.2640003632e-06,-0.0,5.811200581120015e-08
0.03691999906777,0.029719999067770002,0.00800000038,0.0,3.6320001725199998e-06,-0.0,1.4528001380160033e-08
0.03695999906676,0.029759999066760003,0.0160000008,0.03999999911,7.2640003632e-06,-0.0018018017617117115,1.3018407467606504e-07
0.036999999065749994,0.029799999065749996,0.0160000008,0.03999999911,7.2640003632e-06,-0.0018018017617117115,1.3018407467606504e-07
0.037039999064739995,0.029839999064739997,0.0160000008,0.03999999911,7.2640003632e-06,-0.0018018017617117115,1.3018407467606504e-07
0.037079999063729996,0.029879999063729998,0.02400000021,0.0,1.089600009534e-05,-0.0,1.3075200228816e-07
0.03711999906272,0.02991999906272,0.02400000021,0.03999999911,1.089600009534e-05,-0.0018018017617117115,2.0282407115302488e-07
0.03715999906171,0.02995999906171,0.00800000038,0.03999999911,3.6320001725199998e-06,-0.0018018017617117115,8.660007024502491e-08
0.0371999990607,0.0299999990607,0.0160000008,0.03999999911,7.2640003632e-06,-0.0018018017617117115,1.3018407467606504e-07
0.03723999905969,0.03003999905969,0.02400000021,0.03999999911,1.089600009534e-05,-0.0018018017617117115,2.0282407115302488e-07
0.03727999905868,0.03007999905868,0.00800000038,0.03999999911,3.6320001725199998e-06,-0.0018018017617117115,8.660007024502491e-08
0.03731999905767,0.030119999057670002,0.02400000021,0.03999999911,1.089600009534e-05,-0.0018018017617117115,2.0282407115302488e-07
0.037359999056659994,0.030159999056659996,0.0160000008,0.03999999911,7.2640003632e-06,-0.0018018017617117115,1.3018407467606504e-07
0.037399999055649995,0.030199999055649997,0.0160000008,0.03999999911,7.2640003632e-06,-0.0018018017617117115,1.3018407467606504e-07
0.037439999054639996,0.030239999054639997,0.0160000008,0.03999999911,7.2640003632e-06,-0.0018018017617117115,1.3018407467606504e-07
0.037479999053629996,0.030279999053629998,0.0160000008,0.03999999911,7.2640003632e-06,-0.0018018017617117115,1.3018407467606504e-07
0.03751999905262,0.03031999905262,0.00800000038,0.0,3.6320001725199998e-06,-0.0,1.4528001380160033e-08
0.03755999905161,0.03035999905161,0.0160000008,0.03999999911,7.2640003632e-06,-0.0018018017617117115,1.3018407467606504e-07
0.0375999990506,0.0303999990506,0.00800000038,0.0,3.6320001725199998e-06,-0.0,1.4528001380160033e-08
0.03763999904959,0.03043999904959,0.02400000021,0.03999999911,1.089600009534e-05,-0.0018018017617117115,2.0282407115302488e-07
0.03767999904858,0.030479999048580002,0.0160000008,0.03999999911,7.2640003632e-06,-0.0018018017617117115,1.3018407467606504e-07
0.03771999904757,0.030519999047570003,0.0160000008,0.03999999911,7.2640003632e-06,-0.0018018017617117115,1.3018407467606504e-07
0.037759999046559994,0.030559999046559996,0.0160000008,0.03999999911,7.2640003632e-06,-0.0018018017617117115,1.3018407467606504e-07
0.037799999045549995,0.030599999045549997,0.0160000008,0.03999999911,7.2640003632e-06,-0.0018018017617117115,1.3018407467606504e-07
0.037839999044539996,0.030639999044539998,0.00800000038,0.03999999911,3.6320001725199998e-06,-0.0018018017617117115,8.660007024502491e-08
0.03787999904353,0.03067999904353,0.0160000008,0.0,7.2640003632e-06,-0.0,5.811200581120015e-08
0.03791999904252,0.03071999904252,0.0160000008,0.03999999911,7.2640003632e-06,-0.0018018017617117115,1.3018407467606504e-07
0.03795999904151,0.03075999904151,0.0160000008,0.03999999911,7.2640003632e-06,-0.0018018017617117115,1.3018407467606504e-07
0.0379999990405,0.0307999990405,0.0160000008,0.03999999911,7.2640003632e-06,-0.0018018017617117115,1.3018407467606504e-07
0.03803999903949,0.03083999903949,0.0160000008,0.0,7.2640003632e-06,-0.0,5.811200581120015e-08
0.03807999903848,0.030879999038480002,0.0160000008,0.0,7.2640003632e-06,-0.0,5.811200581120015e-08
0.038119999037469994,0.030919999037469996,0.0160000008,0.03999999911,7.2640003632e-06,-0.0018018017617117115,1.3018407467606504e-07
0.038159999036459995,0.030959999036459997,0.00800000038,0.0,3.6320001725199998e-06,-0.0,1.4528001380160033e-08
0.038199999035449995,0.030999999035449997,0.0160000008,0.0,7.2640003632e-06,-0.0,5.811200581120015e-08
0.038239999034439996,0.031039999034439998,0.0160000008,0.03999999911,7.2640003632e-06,-0.0018018017617117115,1.3018407467606504e-07
0.03827999903343,0.03107999903343,0.00800000038,0.03999999911,3.6320001725199998e-06,-0.0018018017617117115,8.660007024502491e-08
0.03831999903242,0.03111999903242,0.00800000038,0.0,3.6320001725199998e-06,-0.0,1.4528001380160033e-08
0.03835999903141,0.03115999903141,0.00800000038,0.0,3.6320001725199998e-06,-0.0,1.4528001380160033e-08
0.0383999990304,0.0311999990304,0.0160000008,0.03999999911,7.2640003632e-06,-0.0018018017617117115,1.3018407467606504e-07
0.03843999902939,0.031239999029390002,0.00800000038,0.0,3.6320001725199998e-06,-0.0,1.4528001380160033e-08
0.03847999902838,0.03127999902838,0.0160000008,0.0,7.2640003632e-06,-0.0,5.811200581120015e-08
0.038519999027369994,0.031319999027369996,0.00800000038,0.0,3.6320001725199998e-06,-0.0,1.4528001380160033e-08
0.038559999026359995,0.03135999902636,0.0160000008,0.03999999911,7.2640003632e-06,-0.0018018017617117115,1.3018407467606504e-07
0.038599999025349996,0.03139999902535,0.0160000008,0.03999999911,7.2640003632e-06,-0.0018018017617117115,1.3018407467606504e-07
0.03863999902434,0.03143999902434,0.02400000021,0.03999999911,1.089600009534e-05,-0.0018018017617117115,2.0282407115302488e-07
0.03867999902333,0.03147999902333,0.0160000008,0.03999999911,7.2640003632e-06,-0.0018018017617117115,1.3018407467606504e-07
0.03871999902232,0.03151999902232,0.0160000008,0.0,7.2640003632e-06,-0.0,5.811200581120015e-08
0.03875999902131,0.03155999902131,0.02400000021,0.03999999911,1.089600009534e-05,-0.0018018017617117115,2.0282407115302488e-07
0.0387999990203,0.0315999990203,0.00800000038,0.03999999911,3.6320001725199998e-06,-0.0018018017617117115,8.660007024502491e-08
0.03883999901929,0.03163999901929,0.0160000008,0.03999999911,7.2640003632e-06,-0.0018018017617117115,1.3018407467606504e-07
0.038879999018279994,0.031679999018279996,0.00800000038,0.0,3.6320001725199998e-06,-0.0,1.4528001380160033e-08
0.038919999017269995,0.03171999901727,0.0160000008,0.0,7.2640003632e-06,-0.0,5.811200581120015e-08
0.038959999016259995,0.03175999901626,0.0160000008,0.0,7.2640003632e-06,-0.0,5.811200581120015e-08
0.038999999015249996,0.03179999901525,0.0160000008,0.0,7.2640003632e-06,-0.0,5.811200581120015e-08
0.03903999901424,0.03183999901424,0.0160000008,0.03999999911,7.2640003632e-06,-0.0018018017617117115,1.3018407467606504e-07
0.03907999901323,0.03187999901323,0.0160000008,0.03999999911,7.2640003632e-06,-0.0018018017617117115,1.3018407467606504e-07
0.03911999901222,0.03191999901222,0.0,0.0,0.0,-0.0,0.0
0.03915999901121,0.03195999901121,0.0160000008,0.03999999911,7.2640003632e-06,-0.0018018017617117115,1.3018407467606504e-07
0.0391999990102,0.0319999990102,0.00800000038,0.03999999911,3.6320001725199998e-06,-0.0018018017617117115,8.660007024502491e-08
0.03923999900919,0.03203999900919,0.0160000008,0.03999999911,7.2640003632e-06,-0.0018018017617117115,1.3018407467606504e-07
0.039279999008179994,0.032079999008179996,0.00800000038,0.03999999911,3.6320001725199998e-06,-0.0018018017617117115,8.660007024502491e-08
0.039319999007169995,0.03211999900717,0.00800000038,0.03999999911,3.6320001725199998e-06,-0.0018018017617117115,8.660007024502491e-08
0.039359999006159996,0.03215999900616,0.00800000038,0.03999999911,3.6320001725199998e-06,-0.0018018017617117115,8.660007024502491e-08
0.03939999900515,0.03219999900515,0.00800000038,0.03999999911,3.6320001725199998e-06,-0.0018018017617117115,8.660007024502491e-08
0.03943999900414,0.03223999900414,0.0160000008,0.0,7.2640003632e-06,-0.0,5.811200581120015e-08
0.03947999900313,0.03227999900313,0.0160000008,0.03999999911,7.2640003632e-06,-0.0018018017617117115,1.3018407467606504e-07
0.03951999900212,0.03231999900212,0.02400000021,0.03999999911,1.089600009534e-05,-0.0018018017617117115,2.0282407115302488e-07
0.03955999900111,0.03235999900111,0.0160000008,0.03999999911,7.2640003632e-06,-0.0018018017617117115,1.3018407467606504e-07
0.0395999990001,0.0323999990001,0.0160000008,0.03999999911,7.2640003632e-06,-0.0018018017617117115,1.3018407467606504e-07
0.039639998999089994,0.032439998999089996,0.0160000008,0.0,7.2640003632e-06,-0.0,5.811200581120015e-08
0.039679998998079995,0.03247999899808,0.00800000038,0.03999999911,3.6320001725199998e-06,-0.0018018017617117115,8.660007024502491e-08
0.039719998997069995,0.03251999899707,0.0160000008,0.03999999911,7.2640003632e-06,-0.0018018017617117115,1.3018407467606504e-07
0.039759998996059996,0.03255999899606,0.0160000008,0.03999999911,7.2640003632e-06,-0.0018018017617117115,1.3018407467606504e-07
0.03979999899505,0.03259999899505,0.00800000038,0.03999999911,3.6320001725199998e-06,-0.0018018017617117115,8.660007024502491e-08
0.03983999899404,0.03263999899404,0.00800000038,0.03999999911,3.6320001725199998e-06,-0.0018018017617117115,8.660007024502491e-08
0.03987999899303,0.03267999899303,0.0160000008,0.03999999911,7.2640003632e-06,-0.0018018017617117115,1.3018407467606504e-07
0.03991999899202,0.03271999899202,0.00800000038,0.0,3.6320001725199998e-06,-0.0,1.4528001380160033e-08
0.03995999899101,0.03275999899101,0.0160000008,0.0,7.2640003632e-06,-0.0,5.811200581120015e-08
0.03999999899,0.03279999899,0.00800000038,0.03999999911,3.6320001725199998e-06,-0.0018018017617117115,8.660007024502491e-08
0.040039998988989994,0.032839998988989996,0.0160000008,0.0,7.2640003632e-06,-0.0,5.811200581120015e-08
0.040079998987979995,0.03287999898798,0.0160000008,0.03999999911,7.2640003632e-06,-0.0018018017617117115,1.3018407467606504e-07
0.040119998986969996,0.03291999898697,0.00800000038,0.0,3.6320001725199998e-06,-0.0,1.4528001380160033e-08
0.040159998985959997,0.03295999898596,0.00800000038,0.0,3.6320001725199998e-06,-0.0,1.4528001380160033e-08
0.04019999898495,0.03299999898495,0.0160000008,0.03999999911,7.2640003632e-06,-0.0018018017617117115,1.3018407467606504e-07
0.04023999898394,0.03303999898394,0.0160000008,0.0,7.2640003632e-06,-0.0,5.811200581120015e-08
0.04027999898293,0.03307999898293,0.0160000008,0.03999999911,7.2640003632e-06,-0.0018018017617117115,1.3018407467606504e-07
0.04031999898192,0.03311999898192,0.0160000008,0.03999999911,7.2640003632e-06,-0.0018018017617117115,1.3018407467606504e-07
0.04035999898091,0.03315999898091,0.0160000008,0.03999999911,7.2640003632e-06,-0.0018018017617117115,1.3018407467606504e-07
0.040399998979899994,0.033199998979899996,0.0160000008,0.0,7.2640003632e-06,-0.0,5.811200581120015e-08
0.040439998978889995,0.03323999897889,0.0160000008,0.0,7.2640003632e-06,-0.0,5.811200581120015e-08
0.040479998977879995,0.03327999897788,0.0160000008,0.03999999911,7.2640003632e-06,-0.0018018017617117115,1.3018407467606504e-07
0.040519998976869996,0.03331999897687,0.0160000008,0.03999999911,7.2640003632e-06,-0.0018018017617117115,1.3018407467606504e-07
0.04055999897586,0.03335999897586,0.0160000008,0.03999999911,7.2640003632e-06,-0.0018018017617117115,1.3018407467606504e-07
0.04059999897485,0.03339999897485,0.02400000021,0.03999999911,1.089600009534e-05,-0.0018018017617117115,2.0282407115302488e-07
0.04063999897384,0.03343999897384,0.00800000038,0.0,3.6320001725199998e-06,-0.0,1.4528001380160033e-08
0.04067999897283,0.03347999897283,0.0160000008,0.0,7.2640003632e-06,-0.0,5.811200581120015e-08
0.04071999897182,0.03351999897182,0.02400000021,0.03999999911,1.089600009534e-05,-0.0018018017617117115,2.0282407115302488e-07
0.04075999897081,0.03355999897081,0.0160000008,0.0,7.2640003632e-06,-0.0,5.811200581120015e-08
0.040799998969799994,0.033599998969799996,0.0160000008,0.03999999911,7.2640003632e-06,-0.0018018017617117115,1.3018407467606504e-07
0.040839998968789995,0.03363999896879,0.0160000008,0.03999999911,7.2640003632e-06,-0.0018018017617117115,1.3018407467606504e-07
0.040879998967779996,0.03367999896778,0.0160000008,0.03999999911,7.2640003632e-06,-0.0018018017617117115,1.3018407467606504e-07
0.040919998966769996,0.03371999896677,0.0160000008,0.03999999911,7.2640003632e-06,-0.0018018017617117115,1.3018407467606504e-07
0.04095999896576,0.03375999896576,0.0160000008,0.03999999911,7.2640003632e-06,-0.0018018017617117115,1.3018407467606504e-07
0.04099999896475,0.03379999896475,0.0160000008,0.03999999911,7.2640003632e-06,-0.0018018017617117115,1.3018407467606504e-07
0.04103999896374,0.03383999896374,0.00800000038,0.03999999911,3.6320001725199998e-06,-0.0018018017617117115,8.660007024502491e-08
0.04107999896273,0.03387999896273,0.0160000008,0.03999999911,7.2640003632e-06,-0.0018018017617117115,1.3018407467606504e-07
0.04111999896172,0.03391999896172,0.00800000038,0.03999999911,3.6320001725199998e-06,-0.0018018017617117115,8.660007024502491e-08
0.041159998960709994,0.033959998960709996,0.00800000038,0.03999999911,3.6320001725199998e-06,-0.0018018017617117115,8.660007024502491e-08
0.041199998959699995,0.0339999989597,0.00800000038,0.03999999911,3.6320001725199998e-06,-0.0018018017617117115,8.660007024502491e-08
0.041239998958689995,0.03403999895869,0.0160000008,0.0,7.2640003632e-06,-0.0,5.811200581120015e-08
0.041279998957679996,0.03407999895768,0.00800000038,0.03999999911,3.6320001725199998e-06,-0.0018018017617117115,8.660007024502491e-08
0.04131999895667,0.03411999895667,0.0160000008,0.0,7.2640003632e-06,-0.0,5.811200581120015e-08
0.04135999895566,0.03415999895566,0.0160000008,0.0,7.2640003632e-06,-0.0,5.811200581120015e-08
0.04139999895465,0.03419999895465,0.0160000008,0.03999999911,7.2640003632e-06,-0.0018018017617117115,1.3018407467606504e-07
0.04143999895364,0.03423999895364,0.0160000008,0.03999999911,7.2640003632e-06,-0.0018018017617117115,1.3018407467606504e-07
0.04147999895263,0.03427999895263,0.0160000008,0.03999999911,7.2640003632e-06,-0.0018018017617117115,1.3018407467606504e-07
0.04151999895162,0.03431999895162,0.0160000008,0.0,7.2640003632e-06,-0.0,5.811200581120015e-08
0.041559998950609994,0.034359998950609996,0.0160000008,0.03999999911,7.2640003632e-06,-0.0018018017617117115,1.3018407467606504e-07
0.041599998949599995,0.0343999989496,0.0160000008,0.0,7.2640003632e-06,-0.0,5.811200581120015e-08
0.041639998948589996,0.03443999894859,0.00800000038,0.0,3.6320001725199998e-06,-0.0,1.4528001380160033e-08
0.041679998947579996,0.03447999894758,0.0160000008,0.0,7.2640003632e-06,-0.0,5.811200581120015e-08
0.04171999894657,0.03451999894657,0.0160000008,0.0,7.2640003632e-06,-0.0,5.811200581120015e-08
0.04175999894556,0.03455999894556,0.02400000021,0.0,1.089600009534e-05,-0.0,1.3075200228816e-07
0.04179999894455,0.03459999894455,0.00800000038,0.0,3.6320001725199998e-06,-0.0,1.4528001380160033e-08
0.04183999894354,0.03463999894354,0.0160000008,0.03999999911,7.2640003632e-06,-0.0018018017617117115,1.3018407467606504e-07
0.04187999894253,0.03467999894253,0.0160000008,0.03999999911,7.2640003632e-06,-0.0018018017617117115,1.3018407467606504e-07
0.041919998941519994,0.034719998941519996,0.0160000008,0.03999999911,7.2640003632e-06,-0.0018018017617117115,1.3018407467606504e-07
0.041959998940509995,0.03475999894051,0.02400000021,0.0,1.089600009534e-05,-0.0,1.3075200228816e-07
0.041999998939499995,0.0347999989395,0.02400000021,0.03999999911,1.089600009534e-05,-0.0018018017617117115,2.0282407115302488e-07
0.042039998938489996,0.03483999893849,0.0160000008,0.03999999911,7.2640003632e-06,-0.0018018017617117115,1.3018407467606504e-07
0.04207999893748,0.03487999893748,0.00800000038,0.03999999911,3.6320001725199998e-06,-0.0018018017617117115,8.660007024502491e-08
0.04211999893647,0.03491999893647,0.0160000008,0.03999999911,7.2640003632e-06,-0.0018018017617117115,1.3018407467606504e-07
0.04215999893546,0.03495999893546,0.0160000008,0.0,7.2640003632e-06,-0.0,5.811200581120015e-08
0.04219999893445,0.03499999893445,0.0,0.0,0.0,-0.0,0.0
0.04223999893344,0.03503999893344,0.0160000008,0.03999999911,7.2640003632e-06,-0.0018018017617117115,1.3018407467606504e-07
0.04227999893243,0.03507999893243,0.00800000038,0.03999999911,3.6320001725199998e-06,-0.0018018017617117115,8.660007024502491e-08
0.042319998931419994,0.035119998931419996,0.00800000038,0.0,3.6320001725199998e-06,-0.0,1.4528001380160033e-08
0.042359998930409995,0.03515999893041,0.0160000008,0.03999999911,7.2640003632e-06,-0.0018018017617117115,1.3018407467606504e-07
0.042399998929399996,0.0351999989294,0.02400000021,0.03999999911,1.089600009534e-05,-0.0018018017617117115,2.0282407115302488e-07
0.042439998928389996,0.03523999892839,0.0160000008,0.03999999911,7.2640003632e-06,-0.0018018017617117115,1.3018407467606504e-07
0.04247999892738,0.03527999892738,0.0,0.0,0.0,-0.0,0.0
0.04251999892637,0.03531999892637,0.0160000008,0.03999999911,7.2640003632e-06,-0.0018018017617117115,1.3018407467606504e-07
0.04255999892536,0.03535999892536,0.0160000008,0.03999999911,7.2640003632e-06,-0.0018018017617117115,1.3018407467606504e-07
0.04259999892435,0.03539999892435,0.00800000038,0.0,3.6320001725199998e-06,-0.0,1.4528001380160033e-08
0.04263999892334,0.03543999892334,0.0160000008,0.03999999911,7.2640003632e-06,-0.0018018017617117115,1.3018407467606504e-07
0.042679998922329994,0.035479998922329996,0.0160000008,0.0,7.2640003632e-06,-0.0,5.811200581120015e-08
0.042719998921319995,0.03551999892132,0.00800000038,0.03999999911,3.6320001725199998e-06,-0.0018018017617117115,8.660007024502491e-08
0.042759998920309995,0.03555999892031,0.02400000021,0.0,1.089600009534e-05,-0.0,1.3075200228816e-07
0.042799998919299996,0.0355999989193,0.0160000008,0.03999999911,7.2640003632e-06,-0.0018018017617117115,1.3018407467606504e-07
0.04283999891829,0.03563999891829,0.00800000038,0.03999999911,3.6320001725199998e-06,-0.0018018017617117115,8.660007024502491e-08
0.04287999891728,0.03567999891728,0.00800000038,0.03999999911,3.6320001725199998e-06,-0.0018018017617117115,8.660007024502491e-08
0.04291999891627,0.03571999891627,0.0160000008,0.0,7.2640003632e-06,-0.0,5.811200581120015e-08
0.04295999891526,0.03575999891526,0.02400000021,0.03999999911,1.089600009534e-05,-0.0018018017617117115,2.0282407115302488e-07
0.04299999891425,0.03579999891425,0.00800000038,0.0,3.6320001725199998e-06,-0.0,1.4528001380160033e-08
0.04303999891324,0.03583999891324,0.0160000008,0.03999999911,7.2640003632e-06,-0.0018018017617117115,1.3018407467606504e-07
0.043079998912229994,0.035879998912229996,0.02400000021,0.0,1.089600009534e-05,-0.0,1.3075200228816e-07
0.043119998911219995,0.03591999891122,0.0160000008,0.03999999911,7.2640003632e-06,-0.0018018017617117115,1.3018407467606504e-07
0.043159998910209996,0.03595999891021,0.0160000008,0.03999999911,7.2640003632e-06,-0.0018018017617117115,1.3018407467606504e-07
0.043199998909199996,0.0359999989092,0.0160000008,0.03999999911,7.2640003632e-06,-0.0018018017617117115,1.3018407467606504e-07
0.04323999890819,0.03603999890819,0.0160000008,0.0,7.2640003632e-06,-0.0,5.811200581120015e-08
0.04327999890718,0.03607999890718,0.00800000038,0.0,3.6320001725199998e-06,-0.0,1.4528001380160033e-08
0.04331999890617,0.03611999890617,0.0,0.0,0.0,-0.0,0.0
0.04335999890516,0.03615999890516,0.00800000038,0.03999999911,3.6320001725199998e-06,-0.0018018017617117115,8.660007024502491e-08
0.04339999890415,0.03619999890415,0.00800000038,0.03999999911,3.6320001725199998e-06,-0.0018018017617117115,8.660007024502491e-08
0.043439998903139994,0.036239998903139996,0.00800000038,0.0,3.6320001725199998e-06,-0.0,1.4528001380160033e-08
0.043479998902129995,0.036279998902129997,0.0160000008,0.0,7.2640003632e-06,-0.0,5.811200581120015e-08
0.043519998901119995,0.03631999890112,0.00800000038,0.03999999911,3.6320001725199998e-06,-0.0018018017617117115,8.660007024502491e-08
0.043559998900109996,0.03635999890011,0.02400000021,0.03999999911,1.089600009534e-05,-0.0018018017617117115,2.0282407115302488e-07
0.0435999988991,0.0363999988991,0.0160000008,0.03999999911,7.2640003632e-06,-0.0018018017617117115,1.3018407467606504e-07
0.04363999889809,0.03643999889809,0.0,0.0,0.0,-0.0,0.0
0.04367999889708,0.03647999889708,0.02400000021,0.03999999911,1.089600009534e-05,-0.0018018017617117115,2.0282407115302488e-07
0.04371999889607,0.03651999889607,0.00800000038,0.0,3.6320001725199998e-06,-0.0,1.4528001380160033e-08
0.04375999889506,0.03655999889506,0.0160000008,0.0,7.2640003632e-06,-0.0,5.811200581120015e-08
0.04379999889405,0.03659999889405,0.00800000038,0.0,3.6320001725199998e-06,-0.0,1.4528001380160033e-08
0.043839998893039994,0.036639998893039996,0.02400000021,0.03999999911,1.089600009534e-05,-0.0018018017617117115,2.0282407115302488e-07
0.043879998892029995,0.03667999889203,0.0160000008,0.03999999911,7.2640003632e-06,-0.0018018017617117115,1.3018407467606504e-07
0.043919998891019996,0.03671999889102,0.0160000008,0.03999999911,7.2640003632e-06,-0.0018018017617117115,1.3018407467606504e-07
0.043959998890009996,0.03675999889001,0.0160000008,0.03999999911,7.2640003632e-06,-0.0018018017617117115,1.3018407467606504e-07
0.043999998889,0.036799998889,0.0160000008,0.03999999911,7.2640003632e-06,-0.0018018017617117115,1.3018407467606504e-07
0.04403999888799,0.03683999888799,0.00800000038,0.0,3.6320001725199998e-06,-0.0,1.4528001380160033e-08
0.04407999888698,0.03687999888698,0.00800000038,0.03999999911,3.6320001725199998e-06,-0.0018018017617117115,8.660007024502491e-08
0.04411999888597,0.03691999888597,0.0160000008,0.03999999911,7.2640003632e-06,-0.0018018017617117115,1.3018407467606504e-07
0.04415999888496,0.03695999888496,0.00800000038,0.0,3.6320001725199998e-06,-0.0,1.4528001380160033e-08
0.044199998883949994,0.036999998883949996,0.0160000008,0.03999999911,7.2640003632e-06,-0.0018018017617117115,1.3018407467606504e-07
0.044239998882939995,0.037039998882939996,0.0160000008,0.03999999911,7.2640003632e-06,-0.0018018017617117115,1.3018407467606504e-07
0.044279998881929995,0.03707999888193,0.00800000038,0.03999999911,3.6320001725199998e-06,-0.0018018017617117115,8.660007024502491e-08
0.044319998880919996,0.03711999888092,0.0160000008,0.0,7.2640003632e-06,-0.0,5.811200581120015e-08
0.04435999887991,0.03715999887991,0.02400000021,0.03999999911,1.089600009534e-05,-0.0018018017617117115,2.0282407115302488e-07
0.0443999988789,0.0371999988789,0.0160000008,0.03999999911,7.2640003632e-06,-0.0018018017617117115,1.3018407467606504e-07
0.04443999887789,0.03723999887789,0.00800000038,0.03999999911,3.6320001725199998e-06,-0.0018018017617117115,8.660007024502491e-08
0.04447999887688,0.03727999887688,0.0160000008,0.03999999911,7.2640003632e-06,-0.0018018017617117115,1.3018407467606504e-07
0.04451999887587,0.03731999887587,0.0160000008,0.03999999911,7.2640003632e-06,-0.0018018017617117115,1.3018407467606504e-07
0.04455999887486,0.03735999887486,0.00800000038,0.0,3.6320001725199998e-06,-0.0,1.4528001380160033e-08
0.044599998873849994,0.037399998873849996,0.00800000038,0.0,3.6320001725199998e-06,-0.0,1.4528001380160033e-08
0.044639998872839995,0.03743999887284,0.0160000008,0.03999999911,7.2640003632e-06,-0.0018018017617117115,1.3018407467606504e-07
0.044679998871829996,0.03747999887183,0.0160000008,0.03999999911,7.2640003632e-06,-0.0018018017617117115,1.3018407467606504e-07
0.044719998870819996,0.03751999887082,0.00800000038,0.0,3.6320001725199998e-06,-0.0,1.4528001380160033e-08
0.04475999886981,0.03755999886981,0.00800000038,0.0,3.6320001725199998e-06,-0.0,1.4528001380160033e-08
0.0447999988688,0.0375999988688,0.0160000008,0.03999999911,7.2640003632e-06,-0.0018018017617117115,1.3018407467606504e-07
0.04483999886779,0.03763999886779,0.0160000008,0.03999999911,7.2640003632e-06,-0.0018018017617117115,1.3018407467606504e-07
0.04487999886678,0.03767999886678,0.0160000008,0.0,7.2640003632e-06,-0.0,5.811200581120015e-08
0.04491999886577,0.03771999886577,0.02400000021,0.03999999911,1.089600009534e-05,-0.0018018017617117115,2.0282407115302488e-07
0.044959998864759994,0.037759998864759996,0.0160000008,0.03999999911,7.2640003632e-06,-0.0018018017617117115,1.3018407467606504e-07
0.044999998863749995,0.037799998863749996,0.0160000008,0.03999999911,7.2640003632e-06,-0.0018018017617117115,1.3018407467606504e-07
0.045039998862739995,0.03783999886274,0.00800000038,0.0,3.6320001725199998e-06,-0.0,1.4528001380160033e-08
0.045079998861729996,0.03787999886173,0.0160000008,0.0,7.2640003632e-06,-0.0,5.811200581120015e-08
0.04511999886072,0.03791999886072,0.0160000008,0.03999999911,7.2640003632e-06,-0.0018018017617117115,1.3018407467606504e-07
0.04515999885971,0.03795999885971,0.0,0.03999999911,0.0,-0.0018018017617117115,7.207206886486488e-08
0.0451999988587,0.0379999988587,0.0160000008,0.03999999911,7.2640003632e-06,-0.0018018017617117115,1.3018407467606504e-07
0.04523999885769,0.03803999885769,0.0160000008,0.03999999911,7.2640003632e-06,-0.0018018017617117115,1.3018407467606504e-07
0.04527999885668,0.03807999885668,0.00800000038,0.03999999911,3.6320001725199998e-06,-0.0018018017617117115,8.660007024502491e-08
0.04531999885567,0.03811999885567,0.0160000008,0.03999999911,7.2640003632e-06,-0.0018018017617117115,1.3018407467606504e-07
0.045359998854659994,0.038159998854659996,0.0160000008,0.03999999911,7.2640003632e-06,-0.0018018017617117115,1.3018407467606504e-07
0.045399998853649995,0.03819999885365,0.0,0.0,0.0,-0.0,0.0
0.045439998852639996,0.03823999885264,0.0,0.03999999911,0.0,-0.0018018017617117115,7.207206886486488e-08
0.045479998851629996,0.03827999885163,0.02400000021,0.03999999911,1.089600009534e-05,-0.0018018017617117115,2.0282407115302488e-07
0.04551999885062,0.03831999885062,0.0160000008,0.03999999911,7.2640003632e-06,-0.0018018017617117115,1.3018407467606504e-07
0.04555999884961,0.03835999884961,0.02400000021,0.03999999911,1.089600009534e-05,-0.0018018017617117115,2.0282407115302488e-07
0.0455999988486,0.0383999988486,0.0160000008,0.03999999911,7.2640003632e-06,-0.0018018017617117115,1.3018407467606504e-07
0.04563999884759,0.03843999884759,0.0,0.03999999911,0.0,-0.0018018017617117115,7.207206886486488e-08
0.04567999884658,0.03847999884658,0.0,0.03999999911,0.0,-0.0018018017617117115,7.207206886486488e-08
0.045719998845569994,0.038519998845569996,0.0160000008,0.03999999911,7.2640003632e-06,-0.0018018017617117115,1.3018407467606504e-07
0.045759998844559995,0.038559998844559996,0.00800000038,0.03999999911,3.6320001725199998e-06,-0.0018018017617117115,8.660007024502491e-08
0.045799998843549995,0.03859999884355,0.00800000038,0.0,3.6320001725199998e-06,-0.0,1.4528001380160033e-08
0.045839998842539996,0.03863999884254,0.0160000008,0.03999999911,7.2640003632e-06,-0.0018018017617117115,1.3018407467606504e-07
0.04587999884153,0.03867999884153,0.00800000038,0.03999999911,3.6320001725199998e-06,-0.0018018017617117115,8.660007024502491e-08
0.04591999884052,0.03871999884052,0.0160000008,0.0,7.2640003632e-06,-0.0,5.811200581120015e-08
0.04595999883951,0.03875999883951,0.0160000008,0.03999999911,7.2640003632e-06,-0.0018018017617117115,1.3018407467606504e-07
0.0459999988385,0.0387999988385,0.0160000008,0.03999999911,7.2640003632e-06,-0.0018018017617117115,1.3018407467606504e-07
0.04603999883749,0.03883999883749,0.0160000008,0.03999999911,7.2640003632e-06,-0.0018018017617117115,1.3018407467606504e-07
0.04607999883647999,0.038879998836479995,0.0,0.03999999911,0.0,-0.0018018017617117115,7.207206886486488e-08
0.046119998835469994,0.038919998835469996,0.00800000038,0.0,3.6320001725199998e-06,-0.0,1.4528001380160033e-08
0.046159998834459995,0.03895999883446,0.00800000038,0.0,3.6320001725199998e-06,-0.0,1.4528001380160033e-08
0.046199998833449996,0.03899999883345,0.0160000008,0.0,7.2640003632e-06,-0.0,5.811200581120015e-08
0.046239998832439996,0.03903999883244,0.0160000008,0.03999999911,7.2640003632e-06,-0.0018018017617117115,1.3018407467606504e-07
0.04627999883143,0.03907999883143,0.00800000038,0.0,3.6320001725199998e-06,-0.0,1.4528001380160033e-08
0.04631999883042,0.03911999883042,0.0160000008,0.03999999911,7.2640003632e-06,-0.0018018017617117115,1.3018407467606504e-07
0.04635999882941,0.03915999882941,0.00800000038,0.0,3.6320001725199998e-06,-0.0,1.4528001380160033e-08
0.0463999988284,0.0391999988284,0.0160000008,0.0,7.2640003632e-06,-0.0,5.811200581120015e-08
0.04643999882739,0.03923999882739,0.0160000008,0.03999999911,7.2640003632e-06,-0.0018018017617117115,1.3018407467606504e-07
0.046479998826379994,0.039279998826379996,0.00800000038,0.03999999911,3.6320001725199998e-06,-0.0018018017617117115,8.660007024502491e-08
0.046519998825369994,0.039319998825369996,0.0160000008,0.03999999911,7.2640003632e-06,-0.0018018017617117115,1.3018407467606504e-07
0.046559998824359995,0.03935999882436,0.0160000008,0.03999999911,7.2640003632e-06,-0.0018018017617117115,1.3018407467606504e-07
0.046599998823349996,0.03939999882335,0.0160000008,0.03999999911,7.2640003632e-06,-0.0018018017617117115,1.3018407467606504e-07
0.04663999882234,0.03943999882234,0.02400000021,0.03999999911,1.089600009534e-05,-0.0018018017617117115,2.0282407115302488e-07
0.04667999882133,0.03947999882133,0.0160000008,0.03999999911,7.2640003632e-06,-0.0018018017617117115,1.3018407467606504e-07
0.04671999882032,0.03951999882032,0.0160000008,0.0,7.2640003632e-06,-0.0,5.811200581120015e-08
0.04675999881931,0.03955999881931,0.0160000008,0.03999999911,7.2640003632e-06,-0.0018018017617117115,1.3018407467606504e-07
0.0467999988183,0.0395999988183,0.0160000008,0.03999999911,7.2640003632e-06,-0.0018018017617117115,1.3018407467606504e-07
0.04683999881728999,0.039639998817289995,0.00800000038,0.03999999911,3.6320001725199998e-06,-0.0018018017617117115,8.660007024502491e-08
0.046879998816279994,0.039679998816279996,0.0160000008,0.0,7.2640003632e-06,-0.0,5.811200581120015e-08
0.046919998815269995,0.03971999881527,0.00800000038,0.0,3.6320001725199998e-06,-0.0,1.4528001380160033e-08
0.046959998814259996,0.03975999881426,0.0,0.0,0.0,-0.0,0.0
0.046999998813249996,0.03979999881325,0.0160000008,0.03999999911,7.2640003632e-06,-0.0018018017617117115,1.3018407467606504e-07
0.04703999881224,0.03983999881224,0.0160000008,0.03999999911,7.2640003632e-06,-0.0018018017617117115,1.3018407467606504e-07
0.04707999881123,0.03987999881123,0.00800000038,0.03999999911,3.6320001725199998e-06,-0.0018018017617117115,8.660007024502491e-08
0.04711999881022,0.03991999881022,0.0160000008,0.03999999911,7.2640003632e-06,-0.0018018017617117115,1.3018407467606504e-07
0.04715999880921,0.03995999880921,0.0160000008,0.03999999911,7.2640003632e-06,-0.0018018017617117115,1.3018407467606504e-07
0.0471999988082,0.0399999988082,0.00800000038,0.03999999911,3.6320001725199998e-06,-0.0018018017617117115,8.660007024502491e-08
0.047239998807189994,0.040039998807189996,0.00800000038,0.03999999911,3.6320001725199998e-06,-0.0018018017617117115,8.660007024502491e-08
0.047279998806179994,0.040079998806179996,0.00800000038,0.0,3.6320001725199998e-06,-0.0,1.4528001380160033e-08
0.047319998805169995,0.04011999880517,0.0,0.0,0.0,-0.0,0.0
0.047359998804159996,0.04015999880416,0.0160000008,0.03999999911,7.2640003632e-06,-0.0018018017617117115,1.3018407467606504e-07
0.04739999880315,0.04019999880315,0.0,0.03999999911,0.0,-0.0018018017617117115,7.207206886486488e-08
0.04743999880214,0.04023999880214,0.00800000038,0.03999999911,3.6320001725199998e-06,-0.0018018017617117115,8.660007024502491e-08
0.04747999880113,0.04027999880113,0.02400000021,0.03999999911,1.089600009534e-05,-0.0018018017617117115,2.0282407115302488e-07
0.04751999880012,0.04031999880012,0.00800000038,0.03999999911,3.6320001725199998e-06,-0.0018018017617117115,8.660007024502491e-08
0.04755999879911,0.04035999879911,0.00800000038,0.03999999911,3.6320001725199998e-06,-0.0018018017617117115,8.660007024502491e-08
0.04759999879809999,0.040399998798099995,0.0160000008,0.03999999911,7.2640003632e-06,-0.0018018017617117115,1.3018407467606504e-07
0.047639998797089994,0.040439998797089996,0.0,0.03999999911,0.0,-0.0018018017617117115,7.207206886486488e-08
0.047679998796079995,0.04047999879608,0.00800000038,0.03999999911,3.6320001725199998e-06,-0.0018018017617117115,8.660007024502491e-08
0.047719998795069996,0.04051999879507,0.0160000008,0.03999999911,7.2640003632e-06,-0.0018018017617117115,1.3018407467606504e-07
0.047759998794059996,0.04055999879406,0.00800000038,0.0,3.6320001725199998e-06,-0.0,1.4528001380160033e-08
0.04779999879305,0.04059999879305,0.0160000008,0.0,7.2640003632e-06,-0.0,5.811200581120015e-08
0.04783999879204,0.04063999879204,0.0,0.0,0.0,-0.0,0.0
0.04787999879103,0.04067999879103,0.0160000008,0.0,7.2640003632e-06,-0.0,5.811200581120015e-08
0.04791999879002,0.04071999879002,0.0160000008,0.03999999911,7.2640003632e-06,-0.0018018017617117115,1.3018407467606504e-07
0.04795999878901,0.04075999878901,0.00800000038,0.0,3.6320001725199998e-06,-0.0,1.4528001380160033e-08
0.047999998787999994,0.040799998787999996,0.0160000008,0.03999999911,7.2640003632e-06,-0.0018018017617117115,1.3018407467606504e-07
0.048039998786989994,0.040839998786989996,0.00800000038,0.03999999911,3.6320001725199998e-06,-0.0018018017617117115,8.660007024502491e-08
0.048079998785979995,0.04087999878598,0.00800000038,0.03999999911,3.6320001725199998e-06,-0.0018018017617117115,8.660007024502491e-08
0.048119998784969996,0.04091999878497,0.0,0.03999999911,0.0,-0.0018018017617117115,7.207206886486488e-08
0.04815999878396,0.04095999878396,0.00800000038,0.03999999911,3.6320001725199998e-06,-0.0018018017617117115,8.660007024502491e-08
0.04819999878295,0.04099999878295,0.00800000038,0.0,3.6320001725199998e-06,-0.0,1.4528001380160033e-08
0.04823999878194,0.04103999878194,0.0160000008,0.0,7.2640003632e-06,-0.0,5.811200581120015e-08
0.04827999878093,0.04107999878093,0.0,0.0,0.0,-0.0,0.0
0.04831999877992,0.04111999877992,0.0160000008,0.0,7.2640003632e-06,-0.0,5.811200581120015e-08
0.04835999877890999,0.041159998778909995,0.00800000038,0.03999999911,3.6320001725199998e-06,-0.0018018017617117115,8.660007024502491e-08
0.048399998777899994,0.041199998777899996,0.0160000008,0.0,7.2640003632e-06,-0.0,5.811200581120015e-08
0.048439998776889995,0.04123999877689,0.0160000008,0.03999999911,7.2640003632e-06,-0.0018018017617117115,1.3018407467606504e-07
0.048479998775879996,0.04127999877588,0.0160000008,0.0,7.2640003632e-06,-0.0,5.811200581120015e-08
0.048519998774869996,0.04131999877487,0.0160000008,0.03999999911,7.2640003632e-06,-0.0018018017617117115,1.3018407467606504e-07
0.04855999877386,0.04135999877386,0.0160000008,0.03999999911,7.2640003632e-06,-0.0018018017617117115,1.3018407467606504e-07
0.04859999877285,0.04139999877285,0.00800000038,0.0,3.6320001725199998e-06,-0.0,1.4528001380160033e-08
0.04863999877184,0.04143999877184,0.00800000038,0.03999999911,3.6320001725199998e-06,-0.0018018017617117115,8.660007024502491e-08
0.04867999877083,0.04147999877083,0.00800000038,0.03999999911,3.6320001725199998e-06,-0.0018018017617117115,8.660007024502491e-08
0.04871999876982,0.04151999876982,0.00800000038,0.03999999911,3.6320001725199998e-06,-0.0018018017617117115,8.660007024502491e-08
0.048759998768809994,0.041559998768809996,0.00800000038,0.03999999911,3.6320001725199998e-06,-0.0018018017617117115,8.660007024502491e-08
0.048799998767799994,0.041599998767799996,0.0160000008,0.03999999911,7.2640003632e-06,-0.0018018017617117115,1.3018407467606504e-07
0.048839998766789995,0.04163999876679,0.00800000038,0.03999999911,3.6320001725199998e-06,-0.0018018017617117115,8.660007024502491e-08
0.048879998765779996,0.04167999876578,0.00800000038,0.03999999911,3.6320001725199998e-06,-0.0018018017617117115,8.660007024502491e-08
0.04891999876477,0.04171999876477,0.0160000008,0.03999999911,7.2640003632e-06,-0.0018018017617117115,1.3018407467606504e-07
0.04895999876376,0.04175999876376,0.0160000008,0.03999999911,7.2640003632e-06,-0.0018018017617117115,1.3018407467606504e-07
0.04899999876275,0.04179999876275,0.00800000038,0.03999999911,3.6320001725199998e-06,-0.0018018017617117115,8.660007024502491e-08
0.04903999876174,0.04183999876174,0.0160000008,0.03999999911,7.2640003632e-06,-0.0018018017617117115,1.3018407467606504e-07
0.04907999876073,0.04187999876073,0.00800000038,0.03999999911,3.6320001725199998e-06,-0.0018018017617117115,8.660007024502491e-08
0.04911999875971999,0.041919998759719995,0.0160000008,0.03999999911,7.2640003632e-06,-0.0018018017617117115,1.3018407467606504e-07
0.049159998758709994,0.041959998758709996,0.00800000038,0.03999999911,3.6320001725199998e-06,-0.0018018017617117115,8.660007024502491e-08
0.049199998757699995,0.0419999987577,0.0160000008,0.03999999911,7.2640003632e-06,-0.0018018017617117115,1.3018407467606504e-07
0.049239998756689995,0.04203999875669,0.00800000038,0.03999999911,3.6320001725199998e-06,-0.0018018017617117115,8.660007024502491e-08
0.049279998755679996,0.04207999875568,0.0160000008,0.03999999911,7.2640003632e-06,-0.0018018017617117115,1.3018407467606504e-07
0.04931999875467,0.04211999875467,0.0160000008,0.0,7.2640003632e-06,-0.0,5.811200581120015e-08
0.04935999875366,0.04215999875366,0.0160000008,0.0,7.2640003632e-06,-0.0,5.811200581120015e-08
0.04939999875265,0.04219999875265,0.00800000038,0.03999999911,3.6320001725199998e-06,-0.0018018017617117115,8.660007024502491e-08
0.04943999875164,0.04223999875164,0.00800000038,0.0,3.6320001725199998e-06,-0.0,1.4528001380160033e-08
0.04947999875063,0.04227999875063,0.00800000038,0.03999999911,3.6320001725199998e-06,-0.0018018017617117115,8.660007024502491e-08
0.049519998749619994,0.042319998749619996,0.0160000008,0.0,7.2640003632e-06,-0.0,5.811200581120015e-08
0.049559998748609994,0.042359998748609996,0.00800000038,0.0,3.6320001725199998e-06,-0.0,1.4528001380160033e-08
0.049599998747599995,0.0423999987476,0.0160000008,0.03999999911,7.2640003632e-06,-0.0018018017617117115,1.3018407467606504e-07
0.049639998746589996,0.04243999874659,0.00800000038,0.03999999911,3.6320001725199998e-06,-0.0018018017617117115,8.660007024502491e-08
0.04967999874558,0.04247999874558,0.0160000008,0.03999999911,7.2640003632e-06,-0.0018018017617117115,1.3018407467606504e-07
0.04971999874457,0.04251999874457,0.00800000038,0.03999999911,3.6320001725199998e-06,-0.0018018017617117115,8.660007024502491e-08
0.04975999874356,0.04255999874356,0.0160000008,0.03999999911,7.2640003632e-06,-0.0018018017617117115,1.3018407467606504e-07
0.04979999874255,0.04259999874255,0.0160000008,0.03999999911,7.2640003632e-06,-0.0018018017617117115,1.3018407467606504e-07
0.04983999874154,0.04263999874154,0.00800000038,0.0,3.6320001725199998e-06,-0.0,1.4528001380160033e-08
0.04987999874052999,0.042679998740529995,0.00800000038,0.03999999911,3.6320001725199998e-06,-0.0018018017617117115,8.660007024502491e-08
0.049919998739519994,0.042719998739519996,0.0,0.0,0.0,-0.0,0.0
0.049959998738509995,0.04275999873851,0.0160000008,0.03999999911,7.2640003632e-06,-0.0018018017617117115,1.3018407467606504e-07
