time_s,mean_E_fast_J,sd_E_fast_J,mean_E_slow_J,sd_E_slow_J,E_mu_fast_J,E_sigma_fast_J,E_mu_slow_J,E_sigma_slow_J
-0.12500000684249976,5.4504655236277554e-05,9.219607415408101e-06,5.3847797846183835e-05,9.12484632368005e-06,5.406156879601622e-05,4.4308644026132675e-07,5.338619384648752e-05,4.61603999696316e-07
-0.12490000684502575,5.719342576987036e-05,8.254048875735022e-06,5.521968515354338e-05,8.535292859910322e-06,5.682945607189934e-05,3.639696979710306e-07,5.472913498894295e-05,4.905501646004228e-07
-0.12480000684755176,5.347811780870766e-05,5.782887162498737e-06,5.422772166915417e-05,1.2697315876304714e-05,5.318061396409332e-05,2.9750384461434535e-07,5.315863545694028e-05,1.0690862122138928e-06
-0.12470000685007775,5.7569593476337387e-05,7.116311819205911e-06,5.224416951565398e-05,1.0737384044831224e-05,5.7206526469989234e-05,3.630670063481566e-07,5.162865553642594e-05,6.155139792280346e-07
-0.12460000685260375,5.711552310426919e-05,7.100720686745384e-06,5.6884218830922e-05,1.1627574917714844e-05,5.6796123418015983e-05,3.1939968625320566e-07,5.625400638090822e-05,6.302124500137593e-07
-0.12450000685512976,5.677610116639298e-05,9.374383282735728e-06,5.655249997579486e-05,9.078385994914432e-06,5.638411226408427e-05,3.919889023087057e-07,5.5961212283803446e-05,5.912876919914058e-07
-0.12440000685765576,5.7042100491737545e-05,1.0718623904917768e-05,5.2634042575760725e-05,1.0003738408561757e-05,5.637636316768746e-05,6.657373240500665e-07,5.1977794219982926e-05,6.562483557778265e-07
-0.12430000686018175,5.606615610526884e-05,8.709974893606964e-06,5.432178624652962e-05,7.2909085167784825e-06,5.5407699467209074e-05,6.584566380597569e-07,5.3984937583404635e-05,3.36848663124986e-07
-0.12420000686270775,5.515208443754352e-05,1.0732937630611574e-05,6.095804207432071e-05,9.83739409218048e-06,5.451422702272576e-05,6.378574148177804e-07,6.04064800878687e-05,5.515619864520181e-07
-0.12410000686523376,5.4142901047283936e-05,9.903435463420563e-06,5.231610045963854e-05,1.018682940918024e-05,5.3642434971719016e-05,5.004660755649216e-07,5.167189942322151e-05,6.442010364170484e-07
-0.12400000686775975,5.6352732796861926e-05,1.3980050471588617e-05,5.096190318714358e-05,7.709278666512632e-06,5.5397791563100255e-05,9.54941233761687e-07,5.057628340939277e-05,3.8561977775082326e-07
-0.12390000687028575,5.712590649728695e-05,5.992239549815024e-06,5.6078025840232935e-05,6.329516483196896e-06,5.675648242674197e-05,3.694240705450041e-07,5.56848589053326e-05,3.931669349003542e-07
-0.12380000687281176,6.200847968816243e-05,1.2060292970023825e-05,5.594265147397101e-05,9.942618518768623e-06,6.1398814920865e-05,6.096647672974683e-07,5.536053528002223e-05,5.821161939487814e-07
-0.12370000687533775,5.480308773127171e-05,1.1193304102238817e-05,5.6103535719208254e-05,8.125218437903256e-06,5.4058865433258e-05,7.442222980137213e-07,5.562720195610756e-05,4.763337631006999e-07
-0.12360000687786375,5.675447803033425e-05,9.099896394886656e-06,5.3024722081223074e-05,6.755883650239854e-06,5.6303390201211396e-05,4.5108782912283906e-07,5.255847736127379e-05,4.6624471994930624e-07
-0.12350000688038976,5.8861847083053134e-05,1.1287377203169221e-05,5.2835392259338595e-05,6.030093832353578e-06,5.8124673136263446e-05,7.371739467897056e-07,5.2581001184608594e-05,2.543910747300024e-07
-0.12340000688291575,5.431369026938494e-05,1.1510557223128033e-05,5.432861014896693e-05,9.077585676258344e-06,5.36193719102129e-05,6.943183591720335e-07,5.378223357798279e-05,5.463765709841239e-07
-0.12330000688544175,5.690127592922708e-05,1.045576862489101e-05,4.966718128989569e-05,3.569496031209231e-06,5.6318705514697247e-05,5.82570414529842e-07,4.941723421177241e-05,2.499470781232693e-07
-0.12320000688796776,5.701012275393992e-05,1.3313233870783795e-05,5.1391583965064086e-05,9.301085873918226e-06,5.586743130577933e-05,1.1426914481605856e-06,5.084295006813866e-05,5.48633896925425e-07
-0.12310000689049375,5.849992630234842e-05,9.049773865013946e-06,5.428966448882094e-05,1.0041860837530097e-05,5.8141971800971926e-05,3.5795450137648377e-07,5.354637334841928e-05,7.432911404016717e-07
-0.12300000689301975,5.6027795678573034e-05,1.0899670596744269e-05,5.4258182689747324e-05,9.160468668112339e-06,5.539688999367378e-05,6.309056848992617e-07,5.3833761423020634e-05,4.244212667266978e-07
-0.12290000689554575,6.054394447142882e-05,1.0042574058182591e-05,5.0974373833170166e-05,7.541770921220779e-06,6.002455956325134e-05,5.1938490817745e-07,5.0601328481383585e-05,3.730453517865754e-07
-0.12280000689807176,5.734064945587155e-05,1.030880919215266e-05,5.4278995875344115e-05,1.0760630412665189e-05,5.676152814849763e-05,5.791213073739358e-07,5.354637336645616e-05,7.326225088879663e-07
-0.12270000690059775,5.453694499661058e-05,8.44711835857264e-06,5.196620636146834e-05,6.475780811157495e-06,5.407021678488543e-05,4.6672821172514477e-07,5.1480253648553646e-05,4.859527129147133e-07
-0.12260000690312375,5.789308309503703e-05,5.309580435823549e-06,5.349144993440793e-05,9.94429806324979e-06,5.766234980217977e-05,2.3073329285724364e-07,5.288620238804817e-05,6.052475463597403e-07
-0.12250000690564976,5.3596370037724935e-05,8.268398217827123e-06,5.2755332447465335e-05,1.1227579764344976e-05,5.318259528965093e-05,4.1377474807400744e-07,5.1997795514279596e-05,7.575369331857427e-07
-0.12240000690817575,5.829308308182657e-05,5.29011478449319e-06,5.430433681744759e-05,8.118753932890688e-06,5.7802890336280565e-05,4.901927455460005e-07,5.376151483458507e-05,5.428219828625213e-07
-0.12230000691070175,4.924228336698112e-05,8.462960046755579e-06,5.8903513396553516e-05,8.810031965200525e-06,4.887507144240426e-05,3.6721192457686206e-07,5.839964843445254e-05,5.038649621010068e-07
-0.12220000691322776,5.48924397257248e-05,6.81756141471578e-06,5.549066597163476e-05,1.0081312500061737e-05,5.450720065900196e-05,3.8523906672284174e-07,5.486751402343827e-05,6.231519481964955e-07
-0.12210000691575375,5.5655329622630326e-05,8.628426772677137e-06,5.372731777075969e-05,7.055058226235763e-06,5.4953029547947375e-05,7.023000746829422e-07,5.34755638633791e-05,2.517539073805779e-07
-0.12200000691827975,6.086037040091178e-05,8.706867804799955e-06,5.954607835160654e-05,7.287055949856681e-06,6.045812714146697e-05,4.022432594447998e-07,5.9013136771756585e-05,5.329415798499306e-07
-0.12190000692080576,5.5591316640386996e-05,9.945935792583843e-06,5.359235137415153e-05,9.160172015999129e-06,5.4950146665894674e-05,6.411699744922985e-07,5.297124806610592e-05,6.211033080455941e-07
-0.12180000692333175,5.431866970288014e-05,1.1545829313951457e-05,5.125295908465001e-05,6.6804069787578185e-06,5.361666920787489e-05,7.020004950052546e-07,5.0929161395812066e-05,3.237976888379543e-07
-0.12170000692585775,5.0582307606619705e-05,8.801570416121138e-06,5.286132685741205e-05,7.704266425033444e-06,5.014591882356655e-05,4.3638878305317036e-07,5.233451407004451e-05,5.268127873675618e-07
-0.12160000692838376,5.272426499659875e-05,7.352940845454173e-06,6.0412833480701764e-05,1.2939272443937806e-05,5.231232919297838e-05,4.1193580362036914e-07,5.946340768559223e-05,9.494257951095295e-07
-0.12150000693090975,5.5383114885339104e-05,7.92797970288798e-06,5.294714657293984e-05,8.928972784934808e-06,5.496654239588653e-05,4.1657248945257066e-07,5.231631521907828e-05,6.308313538615429e-07
-0.12140000693343575,5.665438795388755e-05,7.293596136797517e-06,5.652171287964112e-05,6.7958344823375415e-06,5.632735685891504e-05,3.270310949724965e-07,5.610167876871667e-05,4.2003411092443584e-07
-0.12130000693596175,5.58425914046077e-05,8.493055972327447e-06,5.321531396424384e-05,8.017309736536578e-06,5.539616860457356e-05,4.4642280003414886e-07,5.276536110947998e-05,4.499528547638539e-07
-0.12120000693848776,5.633891137278291e-05,6.633152401325236e-06,5.445852772183704e-05,1.1889175248720877e-05,5.58674299613657e-05,4.714814114172093e-07,5.347899231468924e-05,9.795354071478211e-07
-0.12110000694101375,5.472819171719558e-05,1.5219190366986688e-05,4.724154312451186e-05,9.146947416635252e-06,5.362801990129613e-05,1.1001718158994365e-06,4.6682632037791046e-05,5.589110867208221e-07
-0.12100000694353975,5.4547613155177244e-05,8.476659881578713e-06,5.675139436510616e-05,9.405031960169458e-06,5.4162468373857935e-05,3.851447813193226e-07,5.618978757036297e-05,5.616067947431739e-07
-0.12090000694606576,5.9283628599258205e-05,1.1588673524234038e-05,5.276206850282363e-05,6.720227486438608e-06,5.859854357029935e-05,6.850850289588384e-07,5.224157801949745e-05,5.204904833262017e-07
-0.12080000694859175,5.8677708784187484e-05,1.5883955496317562e-05,5.663246309714326e-05,6.549440063168247e-06,5.7668115567556546e-05,1.0095932166309432e-06,5.626076326824109e-05,3.7169982890215445e-07
-0.12070000695111775,6.16831161367517e-05,7.114124131755198e-06,5.053691732126245e-05,4.227858762613302e-06,6.141124594626659e-05,2.7187019048510325e-07,5.016889540601407e-05,3.680219152483921e-07
-0.12060000695364376,5.7536804508672117e-05,1.2322040415497073e-05,5.477765987823321e-05,7.0286638619248755e-06,5.6756481751066173e-05,7.803227576059274e-07,5.447432746631442e-05,3.0333241191879015e-07
-0.12050000695616975,5.732566714455428e-05,9.838372082007894e-06,5.487787703861281e-05,8.614333780388461e-06,5.675071733797789e-05,5.749498065763997e-07,5.4136288931774486e-05,7.415881068383096e-07
-0.12040000695869575,5.710449898951791e-05,1.2260654609056515e-05,5.5458358350381375e-05,9.537775833400315e-06,5.632735551040833e-05,7.77143479109598e-07,5.4769642097213687e-05,6.887162531676819e-07
-0.12030000696122176,5.289837386979615e-05,9.604559515906949e-06,5.035261912447993e-05,9.057686035473135e-06,5.230728414857453e-05,5.91089721221623e-07,4.980624257195267e-05,5.463765525272556e-07
-0.12020000696374775,5.6244268500626096e-05,8.535628930314785e-06,5.6559566483990506e-05,8.348897671113024e-06,5.585211531861186e-05,3.9215318201425406e-07,5.604481722421245e-05,5.147492597780277e-07
-0.12010000696627375,5.71680586057408e-05,7.752614267936026e-06,5.717916432055372e-05,1.1629190051163981e-05,5.67804470674073e-05,3.8761153833350597e-07,5.6538242076796644e-05,6.409222437570855e-07
-0.12000000696879976,5.411891039393652e-05,8.290597409784287e-06,5.446025819489032e-05,6.806871351709227e-06,5.3657030223148425e-05,4.618801707880883e-07,5.404910161775699e-05,4.1115657713331934e-07
-0.11990000697132576,5.2755036329194656e-05,7.655978729392291e-06,5.6156700520650116e-05,1.1671251430954689e-05,5.236584140517533e-05,3.891949240193255e-07,5.5398975474660615e-05,7.577250459895004e-07
-0.11980000697385175,5.6942008880969187e-05,9.309047180483494e-06,5.735860699306395e-05,6.324450528367281e-06,5.629690506222842e-05,6.451038187407746e-07,5.6989517631432095e-05,3.690893616318647e-07
-0.11970000697637775,5.501648140574043e-05,6.0353809805496014e-06,5.301502997306194e-05,8.706363191451099e-06,5.451422901115363e-05,5.022523945867949e-07,5.2446262041883274e-05,5.687679311786487e-07
-0.11960000697890376,5.22415069808285e-05,7.025449711519743e-06,5.30117014537791e-05,5.505521745866241e-06,5.189631588797883e-05,3.4519109284967513e-07,5.282620304745748e-05,1.854984063216122e-07
-0.11950000698142975,5.3832592837874754e-05,1.115913102308364e-05,5.841326268397832e-05,8.225374329276213e-06,5.317899234167453e-05,6.53600496200215e-07,5.792003994739195e-05,4.93222736586384e-07
-0.11940000698395575,5.8850726139640476e-05,7.472897000789201e-06,5.7429598267687895e-05,1.0775735294858466e-05,5.859512014706857e-05,2.5560599257189914e-07,5.6728782459754375e-05,7.008158079335258e-07
-0.11930000698648176,5.638897918281056e-05,8.939919172969972e-06,5.7241216944369956e-05,8.655190593083316e-06,5.5871573434248796e-05,5.17405748561763e-07,5.666752120206253e-05,5.736957423074476e-07
-0.11920000698900775,6.034527863790234e-05,5.048232433840063e-06,5.636085550151035e-05,1.2367224343239283e-05,6.0076273357435956e-05,2.690052804663716e-07,5.559891362174388e-05,7.619418797664562e-07
-0.11910000699153375,5.322589093256386e-05,9.263386230422745e-06,5.6679452563653095e-05,6.732814117751621e-06,5.275213852447885e-05,4.737524080849994e-07,5.645175493531423e-05,2.2769762833883767e-07
-0.11900000699405976,5.775214345991029e-05,8.313068104648651e-06,5.5248924038489277e-05,9.980215932562527e-06,5.732670664309141e-05,4.2543681681890126e-07,5.455054368315814e-05,6.983803553311183e-07
-0.11890000699658575,5.651472553012436e-05,1.1359082622035257e-05,5.039337813807584e-05,1.0486317921062957e-05,5.5854458332002e-05,6.602671981223725e-07,4.952007319446367e-05,8.733049436121683e-07
-0.11880000699911175,5.667767007892786e-05,6.830277926647145e-06,5.627363010688489e-05,9.407582970262126e-06,5.6308438614650524e-05,3.692314642773354e-07,5.568654169361329e-05,5.870884132716226e-07
-0.11870000700163776,5.536957836351298e-05,1.2402708855048706e-05,5.052739517803702e-05,8.906785588539559e-06,5.4505578373670104e-05,8.639999898428742e-07,4.983236996233923e-05,6.950252156977862e-07
-0.11860000700416375,6.047391499854486e-05,7.196869519041521e-06,5.252369028764681e-05,8.486915275086075e-06,6.001302872558177e-05,4.6088627296308464e-07,5.2014963103074275e-05,5.087271845725386e-07
-0.11850000700668975,5.3735392801800445e-05,9.2241004598941e-06,5.6822771529515086e-05,8.418351640137172e-06,5.319070339697113e-05,5.446894048293322e-07,5.6382835217186865e-05,4.3993631232820327e-07
-0.11840000700921575,5.629277584165883e-05,8.2484402017965e-06,5.242223793206496e-05,7.776678524135288e-06,5.586022409743156e-05,4.3255174422726854e-07,5.2081397845470684e-05,3.408400865942617e-07
-0.11830000701174176,5.539240916698701e-05,8.810352991071156e-06,5.021981055857008e-05,6.7606598867344605e-06,5.495303021400696e-05,4.3937895298004334e-07,4.988570266065563e-05,3.34107897914451e-07
-0.11820000701426775,5.6541014282926106e-05,7.453783837375739e-06,5.642831901347086e-05,8.739811787456328e-06,5.630339087462372e-05,2.3762340830235202e-07,5.579418661428778e-05,6.341323991830642e-07
-0.11810000701679375,5.271539669134493e-05,7.754713425038191e-06,5.7107616122963406e-05,8.805353633790108e-06,5.23528684327874e-05,3.625282585575237e-07,5.6431034879020545e-05,6.765812439428392e-07
-0.11800000701931976,5.402637936390047e-05,1.2323777196843995e-05,5.142848844549017e-05,1.0671023481934548e-05,5.317773108106092e-05,8.486482828395456e-07,5.0594747618887774e-05,8.337408266023976e-07
-0.11790000702184575,5.735046495132991e-05,8.530245519176746e-06,5.231332183337866e-05,9.992177898865571e-06,5.683720246768302e-05,5.132624836468835e-07,5.179761406030563e-05,5.157077730730531e-07
-0.11780000702437175,5.441565775572634e-05,7.907243563749131e-06,5.4815966232565234e-05,1.0579771951711292e-05,5.4060308195334176e-05,3.55349560392149e-07,5.3919371236773395e-05,8.965949957918303e-07
-0.11770000702689776,5.3216598600684564e-05,8.746101785884443e-06,5.504114686293622e-05,8.827457525957996e-06,5.2749076114270505e-05,4.6752248641404745e-07,5.447432548893461e-05,5.668213740016031e-07
-0.11760000702942375,5.475673805217467e-05,5.226336679756859e-06,5.638135772743394e-05,1.1267013690073769e-05,5.452864342466081e-05,2.2809462751384783e-07,5.575735384155663e-05,6.240038858773007e-07
-0.11750000703194975,5.790031644344523e-05,9.4022230168757e-06,5.441844312536481e-05,1.1433165248107384e-05,5.720562488976326e-05,6.94691553681938e-07,5.37782639628491e-05,6.401791625157052e-07
-0.11740000703447576,5.4516699264253093e-05,8.217262801213438e-06,5.168431739327673e-05,8.114315407371877e-06,5.406751408120752e-05,4.491851830455869e-07,5.1220614031452306e-05,4.637033618244167e-07
-0.11730000703700175,5.754436971687224e-05,7.2467621186722475e-06,5.551266958943097e-05,7.400832309185309e-06,5.721950080144277e-05,3.2486891542945444e-07,5.4992739275266625e-05,5.199303141643417e-07
-0.11720000703952775,5.324571290962685e-05,9.210591912045553e-06,4.739845900808441e-05,1.0333607132207023e-05,5.276349183015362e-05,4.822210794732417e-07,4.677502316260874e-05,6.2343584547568e-07
-0.11710000704205376,5.47913981326599e-05,6.3723047251063865e-06,5.3936878137139196e-05,7.148399233187259e-06,5.456774252281434e-05,2.236556098455589e-07,5.336908653135958e-05,5.677916057796106e-07
-0.11700000704457975,5.729754816942435e-05,1.037886630768534e-05,5.342157245580312e-05,9.800341340022529e-06,5.6749996617473025e-05,5.475515519513016e-07,5.2528966018522854e-05,8.926064372802416e-07
-0.11690000704710575,5.3709742221078344e-05,7.77417028016624e-06,5.210717339676554e-05,7.344376323975576e-06,5.321664999686041e-05,4.930922242179234e-07,5.158547952169918e-05,5.216938750663497e-07
-0.11680000704963175,5.3580608074980375e-05,1.070173055044055e-05,5.5335170718500925e-05,1.1335465346745422e-05,5.2739167508286394e-05,8.414405666939857e-07,5.4684777931120665e-05,6.503927873802456e-07
-0.11670000705215776,5.614958236132652e-05,6.414802912816674e-06,5.512213050814076e-05,1.1373347650334953e-05,5.5880945487383515e-05,2.6863687394302665e-07,5.4377749593129665e-05,7.443809150110731e-07
-0.11660000705468375,5.659862961467236e-05,1.5705447460080652e-05,5.577119700145537e-05,9.090260593824298e-06,5.539635012158819e-05,1.2022794930841495e-06,5.5195310725275245e-05,5.758862761801315e-07
-0.11650000705720975,5.347911033493456e-05,7.944366319278107e-06,5.00727891914729e-05,8.699499615641956e-06,5.3177729770947125e-05,3.013805639874594e-07,4.96122465926351e-05,4.6054259883779194e-07
-0.11640000705973576,5.6649860579350436e-05,1.1497677829207251e-05,5.219452907355078e-05,9.978027569674638e-06,5.5852115990537135e-05,7.977445888133083e-07,5.169406286291031e-05,5.004662106404616e-07
-0.11630000706226175,5.218356534487433e-05,6.773971117417115e-06,5.4786101073656186e-05,6.153884381800341e-06,5.186748706023496e-05,3.160782846393638e-07,5.4449642801242905e-05,3.364582724132812e-07
-0.11620000706478775,5.499931461270691e-05,7.754272339582015e-06,5.472614431617181e-05,1.1732721651658936e-05,5.4505579700442096e-05,4.937349122648183e-07,5.400926256134097e-05,7.16881754830806e-07
-0.11610000706731376,5.273341593102809e-05,7.667673251280805e-06,5.777237193812138e-05,8.847847433642543e-06,5.230097784222007e-05,4.324380888079944e-07,5.720044704444334e-05,5.719248936780634e-07
-0.11600000706983975,5.361410408884013e-05,7.637611792346555e-06,4.988927278039816e-05,8.883471670056761e-06,5.3234487181251686e-05,3.796169075884525e-07,4.949939636260319e-05,3.89876417794983e-07
-0.11590000707236575,5.7183324162580226e-05,8.841279627845647e-06,5.005841109887941e-05,1.330871089861599e-05,5.675882476943691e-05,4.24499393143321e-07,4.910148435588683e-05,9.569267429925965e-07
-0.11580000707489176,5.531825145423448e-05,8.276124639784232e-06,5.620042357329246e-05,7.204638643890651e-06,5.495501219583021e-05,3.6323925840427344e-07,5.5781678155689895e-05,4.187454176025724e-07
-0.11570000707741775,5.926959603755864e-05,9.277165453831545e-06,5.775684932121917e-05,9.374720299258829e-06,5.863259762278701e-05,6.369984147716271e-07,5.71797879103496e-05,5.770614108695871e-07
-0.11560000707994375,5.9990874390065276e-05,7.009497422268773e-06,4.9946346068030934e-05,6.82826630969733e-06,5.957875740738455e-05,4.121169826807082e-07,4.933466842893706e-05,6.116776390938636e-07
-0.11550000708246976,5.560990128656438e-05,1.068273936682345e-05,5.794831073661196e-05,1.3233779444924795e-05,5.495014533453377e-05,6.597559520305952e-07,5.7058166954542925e-05,8.90143782069034e-07
-0.11540000708499575,5.806539016850217e-05,7.971144565857839e-06,5.4923888533109315e-05,8.241694910298292e-06,5.770216961913033e-05,3.632205493718221e-07,5.4401353204415256e-05,5.225353286940682e-07
-0.11530000708752175,5.731220192156982e-05,7.740732762816501e-06,5.598908956157728e-05,9.258397146841699e-06,5.675450044457657e-05,5.57701476993229e-07,5.547393108836561e-05,5.151584732116577e-07
-0.11520000709004775,5.626906852632226e-05,7.712836400318735e-06,5.090744987537774e-05,9.694213218699606e-06,5.5857161033953666e-05,4.119074923686119e-07,5.041891387244314e-05,4.8853600293461e-07
-0.11510000709257376,6.051345665487682e-05,1.0221443391273252e-05,6.007284301185526e-05,1.4219083552473592e-05,5.997537107168306e-05,5.380855831937608e-07,5.9106834574622104e-05,9.660084372331587e-07
-0.11500000709509975,5.7422821132934726e-05,9.091393055268615e-06,5.4944376297312084e-05,5.6735686381236365e-06,5.6756481750566526e-05,6.663393823681987e-07,5.449937317691837e-05,4.45003120393719e-07
-0.11490000709762575,5.512795249210037e-05,9.238132977398397e-06,5.494785381712291e-05,5.305036925214023e-06,5.45072013213002e-05,6.207511708001653e-07,5.477382034784325e-05,1.7403346927966232e-07
-0.11480000710015176,5.5206281180272364e-05,1.0669043903476812e-05,5.5182825446052915e-05,9.364718360235362e-06,5.4520714170590965e-05,6.855670096814007e-07,5.457666980789927e-05,6.061556381536394e-07
-0.11470000710267775,5.7310826836954554e-05,8.748799498322712e-06,5.21859013110153e-05,7.0702686210701575e-06,5.675071733786945e-05,5.601094990851116e-07,5.1834602737528405e-05,3.512985734869059e-07
-0.11460000710520375,5.624355934512234e-05,7.057609500543275e-06,4.833426766108347e-05,6.517070778502239e-06,5.584635022405019e-05,3.9720912107215665e-07,4.791930867146171e-05,4.1495898962175134e-07
-0.11450000710772976,5.528719341103025e-05,7.381286528060505e-06,5.4619383997950394e-05,7.64182071881025e-06,5.494870455877194e-05,3.3848885225831786e-07,5.420189373031504e-05,4.1749026763536617e-07
-0.11440000711025575,5.417239793612987e-05,7.549041038984867e-06,5.4830594707783184e-05,4.63567361520805e-06,5.361667118078904e-05,5.557267553408323e-07,5.4584090624293346e-05,2.4650408348982923e-07
-0.11430000711278175,5.503938096094606e-05,8.838450495558296e-06,5.51533017756411e-05,9.462749617268363e-06,5.450558036395063e-05,5.338005969954349e-07,5.4473819049310076e-05,6.794827263310164e-07
-0.11420000711530776,5.197847132187921e-05,1.0246228209368828e-05,5.57943186673647e-05,9.115564537453848e-06,5.1454551661880455e-05,5.239196599987239e-07,5.5391297783158895e-05,4.030208842058169e-07
-0.11410000711783375,6.0538114032241415e-05,9.359012107940528e-06,6.245291202839786e-05,8.485772623748409e-06,6.000780350262511e-05,5.303105296163066e-07,6.211881419001383e-05,3.3409783838402176e-07
-0.11400000712035975,5.364862229097197e-05,8.176224046694523e-06,5.2462429037853306e-05,8.825567138650939e-06,5.3206559252474366e-05,4.4206303849759304e-07,5.2014963108066186e-05,4.474659297871333e-07
-0.11390000712288575,5.715265092703781e-05,5.146881812483745e-06,5.44819065221545e-05,9.500371359392495e-06,5.677179909551927e-05,3.8085183151851984e-07,5.398493756088637e-05,4.969689612681317e-07
-0.11380000712541176,5.45293110204026e-05,8.175496779289597e-06,5.588968862843884e-05,8.06840183748073e-06,5.407021612399986e-05,4.5909489640274806e-07,5.5385579651817945e-05,5.041089766209047e-07
-0.11370000712793775,5.414392051532642e-05,1.2791590340768264e-05,5.3950899705296305e-05,7.1441540375917476e-06,5.324817956350319e-05,8.957409518232172e-07,5.3478992325749246e-05,4.719073795470565e-07
-0.11360000713046375,5.1999382367595934e-05,8.962580234136637e-06,6.43442149616345e-05,1.3383880884951246e-05,5.1497794259889126e-05,5.015881077068151e-07,6.366135977080997e-05,6.828551908245242e-07
-0.11350000713298976,5.7684242245291947e-05,9.555158919399198e-06,5.685147639849856e-05,8.62668329092349e-06,5.720778705200804e-05,4.764551932839122e-07,5.639067451307978e-05,4.608018854187957e-07
-0.11340000713551575,5.689862304207225e-05,8.472611779326418e-06,5.5479544440718625e-05,6.177618094979129e-06,5.629978727150223e-05,5.988357705700168e-07,5.5173147901168535e-05,3.063965395500924e-07
-0.11330000713804175,5.995706475835468e-05,7.675479078408719e-06,5.4130255484090784e-05,9.06808226576427e-06,5.9528485754460286e-05,4.2857900389436745e-07,5.3697726029208166e-05,4.3252945488260044e-07
-0.11320000714056776,5.4871245302591225e-05,7.5351571119229434e-06,5.0167017746298045e-05,8.655662434889333e-06,5.450720198432475e-05,3.6404331826647883e-07,4.9492506253423446e-05,6.745114928745997e-07
-0.11310000714309375,5.5673747447738116e-05,5.447663436767618e-06,5.3239038551116106e-05,9.181339148137392e-06,5.5397791563116016e-05,2.759558846220982e-07,5.255847738204016e-05,6.80561169075929e-07
-0.11300000714561975,5.435743152325342e-05,6.899124266112955e-06,5.195901699981284e-05,7.208949212585904e-06,5.405886609366151e-05,2.985654295919264e-07,5.152685566320869e-05,4.3216133660414075e-07
-0.11290000714814576,5.34561417459223e-05,1.133787686432976e-05,5.695141159461964e-05,9.675159104550338e-06,5.274042876947902e-05,7.157129764432839e-07,5.646445886580034e-05,4.869527288192969e-07
-0.11280000715067175,5.845957453910854e-05,6.961298785686373e-06,5.435352529382895e-05,5.487498633750018e-06,5.8120348127196815e-05,3.392264119116991e-07,5.406693879713066e-05,2.8658649669829986e-07
-0.11270000715319775,5.568999118750037e-05,9.046363223763378e-06,5.799250261653426e-05,1.2626470986666316e-05,5.494924709628792e-05,7.407440912124348e-07,5.713005750893431e-05,8.624451075999526e-07
-0.11260000715572376,5.2983982321759204e-05,3.768667326628725e-06,5.80641219533452e-05,8.389285942552177e-06,5.273826725969802e-05,2.457150620611745e-07,5.744260919080853e-05,6.215127625366646e-07
-0.11250000715824975,5.8691910431418986e-05,1.0095881117709447e-05,5.8106965380149114e-05,1.0467755473843831e-05,5.815061976362579e-05,5.412906677932082e-07,5.750843517549201e-05,5.985302046571125e-07
-0.11240000716077575,5.340953283918371e-05,8.558609301680692e-06,5.800407595610551e-05,8.338648857417791e-06,5.2767994382273e-05,6.415384569107312e-07,5.762951557071687e-05,3.7456038538863175e-07
-0.11230000716330175,5.328708232780006e-05,1.3343625066903345e-05,5.7897762476185656e-05,1.5604783599121976e-05,5.232674295722186e-05,9.603393705782063e-07,5.6747356152972014e-05,1.150406323213653e-06
-0.11220000716582776,5.34242070535595e-05,6.041748101863803e-06,5.717461003672551e-05,1.169037985756872e-05,5.3176290948968904e-05,2.479161045905752e-07,5.643103420781228e-05,7.435758289132497e-07
-0.11210000716835375,5.8563415345720485e-05,9.25910864890633e-06,5.483296437566453e-05,6.46362894005705e-06,5.8146115945671835e-05,4.1729940004866623e-07,5.445670325975287e-05,3.7626111591166164e-07
-0.11200000717087975,5.880514063546156e-05,9.981520476694195e-06,5.386595928950589e-05,9.642337481981563e-06,5.8123052883362076e-05,6.820877520994835e-07,5.330259156264836e-05,5.633677268575412e-07
-0.11190000717340576,5.8956250630565295e-05,1.2095718940942332e-05,5.3607518609416354e-05,1.4113162819757646e-05,5.816070916837296e-05,7.955414621923334e-07,5.275124680345307e-05,8.562718059633059e-07
-0.11180000717593175,5.5212779821393704e-05,9.400722554617245e-06,5.4685058160924924e-05,5.606854612696864e-06,5.4520715498544635e-05,6.920643228490442e-07,5.440135451070787e-05,2.8370365021705154e-07
-0.11170000717845775,6.024321465500551e-05,1.1968448089964936e-05,5.547580898843962e-05,9.497344149101553e-06,5.950740606037289e-05,7.358085946325952e-07,5.4712705826364546e-05,7.631031620750691e-07
-0.11160000718098376,5.354369332677124e-05,7.664344883750215e-06,5.294767065251325e-05,6.856427407542158e-06,5.3176290294067776e-05,3.674030327034746e-07,5.253631521264405e-05,4.1135543986920866e-07
-0.11150000718350975,5.50135870194798e-05,7.654865966856946e-06,5.948925532745621e-05,9.537755635678307e-06,5.4509183303482205e-05,5.044037159975978e-07,5.881278052032836e-05,6.764748071278752e-07
-0.11140000718603575,6.12574485245888e-05,6.103121231242559e-06,5.212980477571433e-05,9.794448370636819e-06,6.0967922338819043e-05,2.895261857697721e-07,5.148865617707288e-05,6.411485986414543e-07
-0.11130000718856176,5.712968035597284e-05,9.204113719458535e-06,5.17032126490344e-05,1.1723904162192043e-05,5.6332220375994975e-05,7.974599799778832e-07,5.088231390228088e-05,8.208987467535061e-07
-0.11120000719108775,5.854094103155754e-05,7.72205973763078e-06,6.0244211684648835e-05,8.709065577630981e-06,5.816629543924519e-05,3.7464559231233353e-07,5.967854763119005e-05,5.656640534587887e-07
-0.11110000719361375,5.530478547212381e-05,6.624351452629752e-06,5.887109811100008e-05,8.707164787674398e-06,5.49530288829318e-05,3.51756589192038e-07,5.848503553402577e-05,3.860625769742983e-07
-0.11100000719613975,5.381870227644614e-05,9.869906329955205e-06,5.2590515976494674e-05,9.471337958416255e-06,5.3216649995855364e-05,6.0205228059075e-07,5.197779487877625e-05,6.127210977184119e-07
-0.11090000719866575,5.816866223676045e-05,9.169536988308001e-06,5.3710861013322704e-05,9.121614949584731e-06,5.766451332822484e-05,5.041489085356116e-07,5.32247524238395e-05,4.861085894832272e-07
-0.11080000720119175,5.416869425677233e-05,1.071328541771743e-05,5.470020849101586e-05,9.915644449550533e-06,5.361720974845912e-05,5.514845083132058e-07,5.3914126776446375e-05,7.860817145694899e-07
-0.11070000720371775,5.2986803532616696e-05,9.814661384628633e-06,5.5225954073237115e-05,1.213656182810778e-05,5.2315391605857784e-05,6.714119267589148e-07,5.4358272163541606e-05,8.676819096955063e-07
-0.11060000720624376,5.43967858083061e-05,6.081116362556932e-06,5.6064890659894304e-05,9.130530129599463e-06,5.405886477307839e-05,3.3792103522770855e-07,5.5570986358330995e-05,4.939043015633027e-07
-0.11050000720876975,5.30552457963704e-05,6.638271609478832e-06,5.554315821631731e-05,7.153384557854136e-06,5.27420503913307e-05,3.1319540503968506e-07,5.5018865356196525e-05,5.242928601208098e-07
-0.11040000721129575,5.8170321380041686e-05,9.282293075130664e-06,5.826762818455408e-05,1.1834129966135592e-05,5.766180994351696e-05,5.085114365247338e-07,5.768405130617195e-05,5.835768783821373e-07
-0.11030000721382176,5.701038002387591e-05,1.1977075365155728e-05,5.311438761280614e-05,4.878499459739232e-06,5.6297085916154616e-05,7.132941077212864e-07,5.2799920097893214e-05,3.144675149129033e-07
-0.11020000721634775,5.7725399741116226e-05,9.038128944932652e-06,5.623209150725268e-05,1.1653734276837489e-05,5.720508434938172e-05,5.203153917345171e-07,5.5473929757056497e-05,7.581617501961795e-07
-0.11010000721887375,5.619434198598455e-05,5.59274157375493e-06,5.4564931422401055e-05,9.379038951525608e-06,5.5867430632485494e-05,3.2691135349903305e-07,5.4033946585209924e-05,5.30984837191154e-07
-0.11000000722139976,6.174646460531424e-05,7.79242739488602e-06,5.148984886540904e-05,8.665396640015407e-06,6.14161122171047e-05,3.303523882095294e-07,5.11044785718025e-05,3.8537029360655327e-07
-0.10990000722392575,5.076319751276733e-05,1.0103159204478236e-05,5.556722104229355e-05,1.3369276782918068e-05,5.017474764931207e-05,5.88449863455255e-07,5.468477791033827e-05,8.824431319552772e-07
-0.10980000722645175,5.181820899004005e-05,7.0003332548376955e-06,5.3642926748594314e-05,9.403947487061483e-06,5.14372543660979e-05,3.8095462394216086e-07,5.2852532071386267e-05,7.903946772080669e-07
-0.10970000722897776,5.411251045930348e-05,6.814543271608605e-06,6.0989515064473895e-05,7.564680129689043e-06,5.372027280366669e-05,3.9223765563677866e-07,6.068762399175182e-05,3.0189107272207757e-07
-0.10960000723150375,5.995872310122605e-05,7.333964032172874e-06,5.3519311681691226e-05,1.1696745968364395e-05,5.950668256885262e-05,4.5204053237344787e-07,5.2723702587118004e-05,7.956090945732175e-07
-0.10950000723402975,5.6361953533658375e-05,9.45040059167217e-06,5.964888914110921e-05,6.972225528661905e-06,5.586743063174948e-05,4.945229019088952e-07,5.88147814849837e-05,8.34107656125496e-07
-0.10940000723655575,6.112065359609646e-05,6.320109977270128e-06,4.9815907603237645e-05,5.7275409276879065e-06,6.091603044925948e-05,2.0462314683699271e-07,4.9548003001293645e-05,2.6790460194398426e-07
-0.10930000723908175,5.896741730820375e-05,6.858277952283844e-06,5.598213192175185e-05,9.449551275721269e-06,5.860647149942088e-05,3.6094580878287364e-07,5.533003653650997e-05,6.520953852418725e-07
-0.10920000724160775,5.315292388802214e-05,1.4140715073125626e-05,5.718841259378593e-05,9.046414220283043e-06,5.18918107360593e-05,1.2611131519628107e-06,5.677968283985375e-05,4.087297539321775e-07
-0.10910000724413375,5.281788696041165e-05,1.2440787158471727e-05,5.2117575496934324e-05,7.870680237171869e-06,5.187469362198317e-05,9.431933384284838e-07,5.152685567765454e-05,5.907198192797908e-07
-0.10900000724665976,5.6670318159001224e-05,6.509070789399577e-06,5.7214462890915124e-05,6.3086869714291e-06,5.634303051143145e-05,3.272876475697762e-07,5.6822310451367656e-05,3.9215243954746766e-07
-0.10890000724918575,5.0716447955970386e-05,7.660416363670019e-06,5.2366906039083115e-05,5.588230450955137e-06,5.0155828096477576e-05,5.606198594928115e-07,5.203887532841981e-05,3.28030710663313e-07
-0.10880000725171175,6.0017945320307443e-05,1.0530184863872863e-05,5.662011861320962e-05,6.703319102625506e-06,5.9506685339865095e-05,5.112599804423294e-07,5.6044817900666805e-05,5.753007125428175e-07
-0.10870000725423776,5.417339043671132e-05,9.277331851211327e-06,5.48477163778623e-05,1.2386402012790336e-05,5.361811130692463e-05,5.552791297866715e-07,5.393737004469861e-05,9.10346333163687e-07
-0.10860000725676375,5.482895141705527e-05,5.474214017752776e-06,5.363917966859736e-05,1.0180338919986901e-05,5.4538012130495934e-05,2.9093928655934524e-07,5.307739558973805e-05,5.617840788592964e-07
-0.10850000725928975,5.6789025215162784e-05,1.2111016838964703e-05,5.388052460667812e-05,1.1918035214021034e-05,5.584580968364698e-05,9.432155315157929e-07,5.310712661679485e-05,7.733979898832688e-07
-0.10840000726181576,5.2367491712011015e-05,7.062986938605053e-06,5.6831808099530155e-05,1.134385685281835e-05,5.194532553874133e-05,4.2216617326968255e-07,5.613068714817757e-05,7.01120951352604e-07
-0.10830000726434175,5.721893705514036e-05,8.636601934948898e-06,5.3747289794718894e-05,1.0055997292483086e-05,5.6764593240308725e-05,4.543438148316295e-07,5.290658673937215e-05,8.407030553467293e-07
-0.10820000726686775,5.2918334258814004e-05,9.64737952077173e-06,4.8377378475938145e-05,8.255089266614757e-06,5.234133690180528e-05,5.769973570087359e-07,4.7671212186110755e-05,7.061662898273943e-07
-0.10810000726939376,5.3946913460336575e-05,9.565544376193972e-06,5.417613595442775e-05,9.103288322133562e-06,5.320205474907966e-05,7.448587112569065e-07,5.3314311769588944e-05,8.618241848387856e-07
-0.10800000727191975,5.779666383942605e-05,1.0437994006496869e-05,5.683663669586109e-05,7.850316735520549e-06,5.720562489005353e-05,5.910389493724975e-07,5.6390675180665006e-05,4.4596151519608923e-07
-0.10790000727444575,5.6146686445420296e-05,7.916426823969262e-06,5.8420086486182216e-05,1.060073022689757e-05,5.584562816128839e-05,3.010582841318702e-07,5.78535521015884e-05,5.665343845938182e-07
-0.10780000727697175,5.6162548328407665e-05,1.3445245227143331e-05,5.824944074435714e-05,8.158503482373617e-06,5.539905148704286e-05,7.634968413648053e-07,5.7811030951348925e-05,4.38409793008235e-07
-0.10770000727949776,5.938742169826824e-05,9.942778222550093e-06,5.808477784433412e-05,1.0448603501916702e-05,5.859854219432851e-05,7.888795039396978e-07,5.7450058805421647e-05,6.347190389124568e-07
-0.10760000728202375,5.974225192919727e-05,9.891022061084915e-06,5.669558262389814e-05,1.2369477250546877e-05,5.9049182897584105e-05,6.930690316131714e-07,5.5962039828818714e-05,7.335427950794218e-07
-0.10750000728454975,5.807591627402958e-05,7.220769803410442e-06,5.8508501494125553e-05,1.1723848743926902e-05,5.7670457227906525e-05,4.054590461230798e-07,5.7846213440230545e-05,6.622880538950084e-07
-0.10740000728707576,5.01434599191636e-05,6.649163303069046e-06,5.417402133850396e-05,6.48756247735386e-06,4.9722950756947695e-05,4.205091622159045e-07,5.394907603797338e-05,2.2494530053057197e-07
-0.10730000728960175,5.411222852215102e-05,5.915691227005833e-06,5.176995260975998e-05,7.304894465734731e-06,5.3617211720928026e-05,4.950168012229823e-07,5.130998404801621e-05,4.599685617437831e-07
-0.10720000729212775,5.548666946647469e-05,1.0156341480291334e-05,5.4953668633753305e-05,5.618527407337834e-06,5.498906491842285e-05,4.97604548051857e-07,5.457666983240491e-05,3.769988013483983e-07
-0.10710000729465376,5.688838002094852e-05,1.058908042427673e-05,5.2935042010354106e-05,6.429840966858786e-06,5.632285033319347e-05,5.655296877550536e-07,5.2501038066114704e-05,4.34003944239396e-07
-0.10700000729717975,5.87813337631039e-05,1.2282621092058782e-05,5.473510805437938e-05,8.802735239174327e-06,5.8138186648158915e-05,6.431471149449736e-07,5.432926125100509e-05,4.058468033742732e-07
-0.10690000729970575,6.090442086872732e-05,6.446596387743696e-06,5.3540906571025246e-05,8.57356717775772e-06,6.04619102248146e-05,4.4251064391273874e-07,5.297124742069228e-05,5.696591503329957e-07
-0.10680000730223176,5.964191966696651e-05,1.1247859526736384e-05,5.4247132033163155e-05,1.08437959607842e-05,5.9088823224829716e-05,5.530964421367738e-07,5.3498806466509155e-05,7.48325566654012e-07
-0.10670000730475775,6.469530863678632e-05,8.485058238918258e-06,5.54341003164851e-05,8.918674321441186e-06,6.426446368440064e-05,4.3084495238569796e-07,5.4891838364640134e-05,5.422619518449799e-07
-0.10660000730728375,5.873235873043327e-05,8.983070239475339e-06,5.290125099251643e-05,7.773364746873851e-06,5.8155485312757004e-05,5.768734176762498e-07,5.237199217851254e-05,5.292588140038995e-07
-0.10650000730980975,5.536806270278897e-05,1.2537365572455395e-05,5.473013073834034e-05,9.351356180441309e-06,5.458215693517847e-05,7.859057676104889e-07,5.413629025130592e-05,5.938404870344381e-07
-0.10640000731233575,4.992779510275139e-05,7.078115427522333e-06,5.3633266936584774e-05,1.174157868511421e-05,4.93008971487003e-05,6.268979540510834e-07,5.2733408300356834e-05,8.998586362279291e-07
-0.10630000731486175,6.143473640956077e-05,7.894218441438368e-06,6.031298123851599e-05,1.0441104777656243e-05,6.093549131034996e-05,4.99245099210811e-07,5.973367864934189e-05,5.79302589174102e-07
-0.10620000731738775,5.970735156719905e-05,1.1958030821817686e-05,5.532862991033423e-05,1.032617214433377e-05,5.906071442901484e-05,6.466371381842019e-07,5.471270648925144e-05,6.159234210827784e-07
-0.10610000731991376,5.72322582173212e-05,9.833033181150734e-06,6.19427004300919e-05,7.804542166211821e-06,5.6750718014761136e-05,4.815402025600599e-07,6.160215584386102e-05,3.4054458623091004e-07
-0.10600000732243975,5.8248791136701955e-05,1.0757886981981394e-05,4.806705994120891e-05,7.679543440284578e-06,5.76645112819054e-05,5.842798547965628e-07,4.756633442693906e-05,5.007255142698436e-07
-0.10590000732496575,5.638523506205339e-05,9.063288585085781e-06,5.1986576866741326e-05,7.064834663123341e-06,5.584851171517406e-05,5.36723346879358e-07,5.170267550439702e-05,2.8390136234428974e-07
-0.10580000732749176,5.853387366211392e-05,7.859295687923587e-06,5.239623215165438e-05,1.1883189344571908e-05,5.812016726237904e-05,4.137063997348467e-07,5.150757572911328e-05,8.886564225411128e-07
-0.10570000733001775,5.246260391488705e-05,9.258508665049146e-06,5.1530153859699236e-05,6.0200053108536076e-06,5.190640532990942e-05,5.561985849776088e-07,5.1185018506981136e-05,3.451353527180848e-07
-0.10560000733254375,5.180467206909996e-05,1.0758261831506035e-05,5.5771319871824414e-05,9.202951928780233e-06,5.100306997908466e-05,8.016020900153016e-07,5.501886409454447e-05,7.524557772799418e-07
-0.10550000733506976,5.108516933428949e-05,9.691513858653361e-06,5.634070767739478e-05,9.168970257475723e-06,5.058656001331067e-05,4.986093209788203e-07,5.5714228941494115e-05,6.264787359006481e-07
-0.10540000733759575,6.122331319482108e-05,1.511965019521165e-05,5.827274958941811e-05,1.1494405250729967e-05,5.997897537055733e-05,1.2443378242637386e-06,5.7658285522513194e-05,6.144640669049248e-07
-0.10530000734012175,5.291639188297776e-05,9.786520180038406e-06,5.111661685039844e-05,1.0182857236466158e-05,5.2301518382532266e-05,6.148735004454786e-07,5.045646233344903e-05,6.601545169494086e-07
-0.10520000734264776,5.4471654146781624e-05,7.93479915122091e-06,5.5956684656300896e-05,1.1981591589493512e-05,5.406517173909182e-05,4.0648240768980126e-07,5.515134675122264e-05,8.05337905078269e-07
-0.10510000734517375,5.304083008368152e-05,6.675166660149387e-06,5.454966439232625e-05,8.458125193561714e-06,5.273916620424084e-05,3.0166387944067493e-07,5.403394592572245e-05,5.157184666037925e-07
-0.10500000734769975,5.570869095645846e-05,7.049418973984305e-06,5.9884560325894974e-05,1.0829138729679932e-05,5.5399052155740714e-05,3.0963880071776386e-07,5.930233070836889e-05,5.822296175260953e-07
-0.10490000735022575,5.4060258936711246e-05,6.567361770852639e-06,5.5496878611762364e-05,7.838173036771342e-06,5.361811130711188e-05,4.421476295993767e-07,5.501886471548379e-05,4.780138962785809e-07
-0.10480000735275175,6.267682190584585e-05,1.226000563791121e-05,5.511573270466196e-05,9.899926736863867e-06,6.19122421098745e-05,7.645797959713174e-07,5.465721033914215e-05,4.585223655198167e-07
-0.10470000735527775,5.600048478685126e-05,1.0299468948989566e-05,5.3597313118113654e-05,8.55340949556826e-06,5.5426619721207817e-05,5.738650656434522e-07,5.3048026906875515e-05,5.492862112381222e-07
-0.10460000735780375,5.458561982569307e-05,1.105175357303667e-05,6.031407103173448e-05,8.695304025968426e-06,5.3711803681299104e-05,8.738161443940004e-07,5.9944307219723464e-05,3.69763812011013e-07
-0.10450000736032976,5.852306431304913e-05,8.309937869178867e-06,5.7942025328118504e-05,9.772943032606954e-06,5.812305151465213e-05,4.000127983970285e-07,5.7442609190767245e-05,4.994161373512673e-07
-0.10440000736285575,5.818544699450865e-05,1.013041179797428e-05,5.5023148150878424e-05,8.521320877697407e-06,5.767622572049795e-05,5.092212740106955e-07,5.450913634044757e-05,5.140118104308581e-07
-0.10430000736538175,5.0236087748094664e-05,1.0285153457108171e-05,5.758525288842016e-05,9.392270663221668e-06,4.932972471789797e-05,9.063630301966858e-07,5.696735614429858e-05,6.178967441215893e-07
-0.10420000736790776,5.435259258478181e-05,7.765893277721316e-06,5.551989464474298e-05,7.616328627991413e-06,5.4065171079185186e-05,2.8742150559662753e-07,5.517314855591842e-05,3.46746088824561e-07
-0.10410000737043375,5.808729509345276e-05,8.801297543574273e-06,5.512379052943322e-05,1.085997224908188e-05,5.767622299335653e-05,4.110721000962545e-07,5.449937119952352e-05,6.244193299096878e-07
-0.10400000737295975,5.466946961334542e-05,1.025261891557644e-05,5.6556938863871154e-05,1.0149093275114253e-05,5.4058864773211735e-05,6.106048401336794e-07,5.570978491834857e-05,8.471539455225737e-07
-0.10390000737548576,5.6629188668295806e-05,1.074168035210725e-05,5.037715299937942e-05,8.634365806003052e-06,5.5876079952610855e-05,7.531087156849578e-07,4.976305865036511e-05,6.140943490142959e-07
-0.10380000737801175,5.540184356333618e-05,9.415571061571165e-06,5.424803788994275e-05,6.587843024034299e-06,5.4983840358109284e-05,4.1800320522691985e-07,5.36977253477343e-05,5.503125422084476e-07
-0.10370000738053775,5.3503341678384654e-05,5.927346245167427e-06,5.458959013968941e-05,9.589993014729168e-06,5.320655859847737e-05,2.967830799072938e-07,5.403394791811706e-05,5.556422215723364e-07
-0.10360000738306376,5.728616951706428e-05,9.644341941987452e-06,5.188553395197582e-05,7.038119781887896e-06,5.6749996617450345e-05,5.361728996139336e-07,5.138555837976778e-05,4.999755722080426e-07
-0.10350000738558975,4.859488077796858e-05,9.135945347764963e-06,5.891473225832964e-05,9.658604364506863e-06,4.8039685116517716e-05,5.551956614508635e-07,5.8387067615261746e-05,5.276646430679077e-07
-0.10340000738811575,5.7852545609756994e-05,1.3117708324067599e-05,5.7851110106028284e-05,1.1607377165910146e-05,5.6790535800131466e-05,1.062009809625508e-06,5.703492236492549e-05,8.161877411027879e-07
-0.10330000739064175,5.700786698972076e-05,1.0776598973911199e-05,5.3721814559860124e-05,9.633914448855941e-06,5.629762510914002e-05,7.102418805807343e-07,5.326295127616039e-05,4.588632836997246e-07
-0.10320000739316774,5.6102166854732565e-05,4.623050553714528e-06,5.19045638770223e-05,8.989864999704102e-06,5.587157544669722e-05,2.3059140803537048e-07,5.140511918361496e-05,4.994446934073557e-07
-0.10310000739569375,6.005952960436304e-05,1.0317716695781137e-05,5.035096070929794e-05,9.597941109401516e-06,5.952128062653193e-05,5.382489778311027e-07,4.983236993286171e-05,5.185907764362316e-07
-0.10300000739821975,5.6307474236274614e-05,8.721119635513571e-06,5.348794495656389e-05,6.592920121762831e-06,5.584580968360423e-05,4.616645526703726e-07,5.290692374929306e-05,5.810212072708029e-07
-0.10290000740074576,5.867861391891447e-05,1.2291488607103816e-05,5.014247550754314e-05,7.53903650503116e-06,5.766162839944299e-05,1.0169855194714688e-06,4.975507267282901e-05,3.874028347141249e-07
-0.10280000740327175,5.5400564971280505e-05,7.052974102002147e-06,5.295177172173712e-05,1.2862087162700228e-05,5.494852437869104e-05,4.5204059258948087e-07,5.20813978494934e-05,8.703738722437029e-07
-0.10270000740579775,5.427097119632317e-05,9.631261475589414e-06,5.508803704389326e-05,1.0893283816483272e-05,5.361811064956321e-05,6.52860546759977e-07,5.444964013910229e-05,6.383969047909576e-07
-0.10260000740832376,5.360703955266074e-05,7.904914492560385e-06,4.894561893581146e-05,4.460431089697719e-06,5.3176830179947004e-05,4.302093727137463e-07,4.868184598945535e-05,2.637729463560964e-07
-0.10250000741084975,6.175504771531665e-05,6.729982964981398e-06,5.869922592628781e-05,1.0381502560790222e-05,6.138241852564719e-05,3.726291896694594e-07,5.806274332714154e-05,6.36482599146261e-07
-0.10240000741337575,5.4055563393271065e-05,8.027867276484447e-06,5.4519559125260215e-05,6.674638093100349e-06,5.365180499906567e-05,4.0375839420538453e-07,5.413628958660919e-05,3.832695386510052e-07
-0.10230000741590176,5.4155086302798017e-05,9.048364533890755e-06,5.294771652005018e-05,1.049518246805694e-05,5.3625316541052534e-05,5.297697617454753e-07,5.243091175969516e-05,5.168047603550097e-07
-0.10220000741842775,5.456722042600412e-05,1.2744251926007603e-05,5.352151268096561e-05,8.343140475231302e-06,5.365180434156398e-05,9.154160844401406e-07,5.294944564039888e-05,5.720670405667271e-07
-0.10210000742095375,6.0189684408346195e-05,1.1282827407966775e-05,5.803502010776052e-05,1.1088865860796656e-05,5.9506865519879836e-05,6.828188884663599e-07,5.740400779347311e-05,6.310123142874292e-07
-0.10200000742347975,5.541512264489552e-05,7.216470593782056e-06,5.4858074405011946e-05,9.847894118666517e-06,5.499465183626913e-05,4.2047080862640725e-07,5.420189438407415e-05,6.561800209377979e-07
-0.10190000742600575,5.458421838930996e-05,9.668696460528542e-06,6.085481531318942e-05,1.0881013646598252e-05,5.4059406634358644e-05,5.248117549513163e-07,6.0056209880052894e-05,7.986054331365434e-07
-0.10180000742853175,5.9739926676957817e-05,1.2100824489300933e-05,5.003961374224785e-05,6.251207503887208e-06,5.904341782252643e-05,6.965088544314108e-07,4.92849386882816e-05,7.546750539662423e-07
-0.10170000743105775,6.149518830806519e-05,9.717705642630357e-06,5.209763910870903e-05,9.821417742734157e-06,6.0909724143075394e-05,5.854641649898025e-07,5.1532144889181e-05,5.654942195280354e-07
-0.10160000743358376,5.492183786461811e-05,8.142231430168651e-06,5.3189539362538466e-05,7.3310198816892724e-06,5.4524499280750954e-05,3.9733858386716415e-07,5.2627127308578626e-05,5.624120539598353e-07
-0.10150000743610975,5.7262986740043835e-05,6.359522331194109e-06,5.359078967572757e-05,6.750540572639942e-06,5.687179909208167e-05,3.911876479621609e-07,5.310962645022122e-05,4.811632255063299e-07
-0.10140000743863575,5.3881241352392046e-05,1.1441392020475751e-05,5.585880012450434e-05,1.0880307597089714e-05,5.3184938287596665e-05,6.963030647953755e-07,5.524084603657896e-05,6.17954087925397e-07
-0.10130000744116176,6.338060627821363e-05,6.922055413891959e-06,5.233049816287762e-05,1.028552177021875e-05,6.290923127968006e-05,4.713749985335866e-07,5.155863205741756e-05,7.718661054600646e-07
-0.10120000744368775,5.1258992941133764e-05,1.1497471170884527e-05,5.617947683385563e-05,8.038616898708366e-06,5.057358576445711e-05,6.854071766766771e-07,5.533003521591712e-05,8.494416179385082e-07
-0.10110000744621375,5.425475484549477e-05,9.878004208831572e-06,5.28155992622739e-05,9.101379970965431e-06,5.362802055932809e-05,6.267342861666674e-07,5.231563270989715e-05,4.99966552376742e-07
-0.10100000744873976,5.515360357633732e-05,1.012157899801186e-05,5.6358174186200204e-05,9.019596306384939e-06,5.450431843905403e-05,6.492851372833274e-07,5.585681326821307e-05,5.013609179871137e-07
-0.10090000745126575,5.8550944005356314e-05,9.10968039049723e-06,5.761074553568815e-05,1.0367074380648805e-05,5.8124673820626426e-05,4.2627018472989443e-07,5.705716167397849e-05,5.5358386170967e-07
-0.10080000745379175,5.474059248603573e-05,1.2097570035412407e-05,5.795737390137095e-05,8.484472870903245e-06,5.406517173904157e-05,6.754207469941524e-07,5.745005884308939e-05,5.073150582815418e-07
-0.10070000745631776,5.693370909559739e-05,1.0422776722080467e-05,5.54967800152776e-05,1.170709636134185e-05,5.6305733217793125e-05,6.279758778042591e-07,5.479670191776876e-05,7.000780975088536e-07
-0.10060000745884375,6.0653332758611786e-05,1.2465013645638898e-05,5.32103077341217e-05,5.964927175691617e-06,6.0002940028923516e-05,6.50392729688271e-07,5.282604493424362e-05,3.842627998780911e-07
-0.10050000746136975,5.281506508395355e-05,8.836113380024932e-06,5.288546984715736e-05,1.0762488839169117e-05,5.233611297288476e-05,4.789521110687852e-07,5.1909737274926454e-05,9.757325722309044e-07
-0.10040000746389575,5.4545526657586364e-05,8.0889346279017e-06,5.072631988489836e-05,9.978517519455863e-06,5.406318843735136e-05,4.823382202350173e-07,5.003242737867178e-05,6.938925062265938e-07
-0.10030000746642175,5.449408368849244e-05,5.9973667330465765e-06,5.515371247957314e-05,9.483269852967963e-06,5.413814470774668e-05,3.5593898074574507e-07,5.4474327457115664e-05,6.793850224574714e-07
-0.10020000746894775,5.6391208236118584e-05,1.0340818977600967e-05,5.9453406532382697e-05,1.2214919385696004e-05,5.585013333639894e-05,5.410748997196383e-07,5.862629541264301e-05,8.271111197396913e-07
-0.10010000747147375,5.591039400053433e-05,1.0297406484295332e-05,5.9256308567305526e-05,1.282678274113485e-05,5.539779022609771e-05,5.126037744366149e-07,5.832940794425757e-05,9.269006230479449e-07
-0.10000000747399976,5.394508501912693e-05,7.193719228905607e-06,5.517696655163172e-05,5.5354779429158065e-06,5.3618110649297444e-05,3.269743698294983e-07,5.4751297839140346e-05,4.256687124913849e-07
-0.09990000747652575,4.947931270147725e-05,9.808874338439318e-06,6.164581326868549e-05,8.3863649946791e-06,4.8924260000535825e-05,5.550527009414303e-07,6.12249732329814e-05,4.208400357040574e-07
-0.09980000747905175,5.759439344864534e-05,5.9958549300006076e-06,5.142415695130689e-05,9.732351002131787e-06,5.72569775951543e-05,3.374158534910262e-07,5.0678624480182536e-05,7.455324711243621e-07
-0.09970000748157776,5.904602986757235e-05,9.097479493686536e-06,5.338427525789258e-05,7.846221430438204e-06,5.8610975315750705e-05,4.3505455182160413e-07,5.282604558109521e-05,5.582296767973685e-07
-0.09960000748410375,4.700644805980682e-05,5.231698459418481e-06,4.739230104614295e-05,4.890757306484247e-06,4.6799861516183605e-05,2.0658654362319274e-07,4.6809618975443524e-05,5.826820706994135e-07
-0.09950000748662975,5.3110275157242915e-05,8.062528567572949e-06,5.933746148455429e-05,8.280888566552269e-06,5.2346922486040636e-05,7.633526712022949e-07,5.902541206969508e-05,3.120494148592198e-07
-0.09940000748915576,5.189279135655091e-05,8.627661564788217e-06,5.214389268552111e-05,5.138571617875961e-06,5.144428010471358e-05,4.485112518373403e-07,5.190973852407424e-05,2.3415416144688142e-07
-0.09930000749168175,5.995417246519762e-05,8.952145078638119e-06,5.523726062996535e-05,7.497180727694585e-06,5.953713578809386e-05,4.170366771037702e-07,5.46572096969542e-05,5.800509330111462e-07
-0.09920000749420775,5.697377670428628e-05,1.1247667015136577e-05,5.497794399881927e-05,7.852158133748065e-06,5.630573523781464e-05,6.680414664716604e-07,5.4181534701382294e-05,7.964092974370007e-07
-0.09910000749673376,5.730196193994675e-05,9.08966162934803e-06,5.655473868052621e-05,1.1471655936068334e-05,5.678044909605067e-05,5.215128438960752e-07,5.565584922414772e-05,8.988894563784961e-07
-0.09900000749925975,5.239759718599436e-05,9.015982738605351e-06,5.6853686925878605e-05,9.127664632881197e-06,5.187469362015864e-05,5.229035658357406e-07,5.640968271594384e-05,4.4400420993476113e-07
-0.09890000750178575,5.433099979406331e-05,1.0330878813187013e-05,5.385818275256792e-05,9.041957149716253e-06,5.36193732257217e-05,7.116265683416091e-07,5.3187995658489416e-05,6.701870940784883e-07
-0.09880000750431175,5.258107083306415e-05,5.355372355423211e-06,5.334435217876788e-05,8.442776006248309e-06,5.230962648991278e-05,2.7144434315136e-07,5.2536316477463884e-05,8.080357013040131e-07
-0.09870000750683774,5.357640897756819e-05,7.860277457881585e-06,5.327853684378752e-05,9.42466029795079e-06,5.3177731080903304e-05,3.986778966648894e-07,5.26507302643158e-05,6.278065794717163e-07
-0.09860000750936375,5.339928987556561e-05,9.591481295073723e-06,6.110386452803578e-05,1.0288148195453988e-05,5.2789615996887876e-05,6.09673878677735e-07,6.031551480734292e-05,7.883497206928456e-07
-0.09850000751188975,5.2878482317777444e-05,1.3944547406828507e-05,6.215531449506227e-05,7.250641476743926e-06,5.1866585512767015e-05,1.0118968050104426e-06,6.169440948922258e-05,4.6090500583967186e-07
-0.09840000751441576,5.458502557170577e-05,8.033644959275712e-06,5.55316381622204e-05,5.874957336679243e-06,5.406318975722201e-05,5.218358144837603e-07,5.5183190346572756e-05,3.4844781564765964e-07
-0.09830000751694175,5.784365197479621e-05,1.071464548986972e-05,5.5356072067999195e-05,7.784445965265204e-06,5.7230849433975645e-05,6.128025408205647e-07,5.491783259089068e-05,4.38239477108534e-07
-0.09820000751946775,5.732817818096375e-05,1.0653266872512298e-05,5.067789402389551e-05,7.486015697490602e-06,5.68020680118126e-05,5.261101691511361e-07,5.029939634872754e-05,3.784976751679843e-07
-0.09810000752199376,5.5554003487869434e-05,7.742553159838354e-06,5.595054255741544e-05,7.989770578208614e-06,5.4978976159112176e-05,5.750273287572736e-07,5.549357141109548e-05,4.5697114631997064e-07
-0.09800000752451975,5.448440879144032e-05,8.678509656297587e-06,5.590397960517441e-05,8.45083806942112e-06,5.409922579193618e-05,3.851829995041519e-07,5.534654436967877e-05,5.574352354956235e-07
-0.09790000752704575,5.656143037395602e-05,1.1506934996248373e-05,4.888661232546603e-05,8.655240457345497e-06,5.5860224098724756e-05,7.01206275231255e-07,4.8474262964530986e-05,4.123493609350475e-07
-0.09780000752957176,5.788272505882373e-05,1.0065269466948974e-05,5.4414671357666763e-05,9.343348099681187e-06,5.727697691462606e-05,6.05748144197675e-07,5.382475674088402e-05,5.899146167827352e-07
-0.09770000753209775,5.5459926251084315e-05,9.933919136310539e-06,5.355674052180679e-05,1.0619387640653732e-05,5.4951407261423285e-05,5.085189896610288e-07,5.280692310538724e-05,7.498174164195651e-07
-0.09760000753462375,5.9499674514819074e-05,8.588761151232554e-06,5.325470327847548e-05,8.347942891650753e-06,5.9114768480683965e-05,3.8490603413511487e-07,5.271593147324208e-05,5.387718052333986e-07
-0.09750000753714975,5.699850416677818e-05,1.480052833788843e-05,5.2110943891807895e-05,1.006387536500239e-05,5.586364752011761e-05,1.1348566466605788e-06,5.15080796411211e-05,6.028642506868064e-07
-0.09740000753967575,5.4492992552290784e-05,7.793846723044965e-06,5.394438598767415e-05,7.980638877938588e-06,5.406156879626284e-05,4.314237560279687e-07,5.3475563859193066e-05,4.688221284810521e-07
-0.09730000754220175,6.130557393104711e-05,9.171184208904079e-06,5.521634966937451e-05,9.345014537331956e-06,6.0944859977718606e-05,3.6071395332849685e-07,5.4769642776162256e-05,4.4670689321225673e-07
-0.09720000754472775,5.692982232316314e-05,9.734391949166694e-06,5.386923288510733e-05,6.117116609542935e-06,5.6392220371801e-05,5.376019513621274e-07,5.359538235438779e-05,2.738505307195418e-07
-0.09710000754725374,5.838852610411273e-05,1.2600237468332992e-05,5.2391465186937236e-05,7.819197315502852e-06,5.7702170982891505e-05,6.863551212212353e-07,5.193887532121635e-05,4.5258986572089925e-07
-0.09700000754977975,5.740603756323254e-05,8.024399038889539e-06,5.395577359611948e-05,1.1782446235437705e-05,5.6780446390002905e-05,6.255911732296182e-07,5.316766652439308e-05,7.881070717264179e-07
-0.09690000755230575,5.077400903337919e-05,9.982939136946399e-06,5.625381240408546e-05,9.3340979982927e-06,5.0184838376657166e-05,5.891706567220257e-07,5.566366081738852e-05,5.901515866969398e-07
-0.09680000755483176,5.817060382179837e-05,9.41410526942946e-06,5.664883145880093e-05,1.0481333625568015e-05,5.766613290409056e-05,5.044709177077853e-07,5.588257835237205e-05,7.662531064288783e-07
-0.09670000755735775,5.4482748207292866e-05,8.564259892835291e-06,5.425225346768022e-05,1.0622552928160849e-05,5.4061567475746464e-05,4.2118073154639943e-07,5.357069833705011e-05,6.815551306301166e-07
-0.09660000755988375,6.375618103460794e-05,1.3022988532232554e-05,5.536690891680777e-05,1.1180643474729128e-05,6.280833252015117e-05,9.47848514456769e-07,5.4664810691952395e-05,7.020982248553787e-07
-0.09650000756240976,5.242600133000719e-05,8.03224352648488e-06,5.3731330272381497e-05,6.681808195552623e-06,5.187037059033375e-05,5.556307396734304e-07,5.342530210033412e-05,3.060281720473817e-07
-0.09640000756493575,5.7877744910166755e-05,1.0173138349649561e-05,5.41170743564181e-05,7.576898230789499e-06,5.720940867386925e-05,6.68336236297507e-07,5.3475563211437766e-05,6.41511144980349e-07
-0.09630000756746175,5.646674060384958e-05,9.545664845433397e-06,5.490281819679326e-05,9.006932411586483e-06,5.587607793759024e-05,5.906626662593357e-07,5.441736998214092e-05,4.854482146523205e-07
-0.09620000756998776,5.9652018378902896e-05,9.618987233954874e-06,5.381871238410449e-05,1.2148224144194765e-05,5.9042695031707414e-05,6.093233471954924e-07,5.3085662482916124e-05,7.330499011883495e-07
-0.09610000757251375,5.344907724491188e-05,1.160283287465222e-05,5.629079765562806e-05,7.1463796020658325e-06,5.274042942167369e-05,7.086478232381956e-07,5.568654303360607e-05,6.042546220220006e-07
-0.09600000757503975,5.958507066356549e-05,9.668461930206725e-06,5.8113420616901014e-05,6.420607714733797e-06,5.9044319413578485e-05,5.407512499870267e-07,5.7724112861483266e-05,3.8930775541773875e-07
-0.09590000757756575,5.6218930240819226e-05,1.0755836673046096e-05,5.170897520095077e-05,7.472171464817327e-06,5.5399053493070334e-05,8.198767477489247e-07,5.130998403497979e-05,3.9899116597096217e-07
-0.09580000758009174,5.41480225642671e-05,8.76599617735755e-06,5.6419960161309675e-05,6.800239371315556e-06,5.3631083622391e-05,5.169389418761129e-07,5.588257973203069e-05,5.373804292789711e-07
-0.09570000758261775,5.261587234422602e-05,6.648954132045471e-06,5.162302997576679e-05,5.261236587010585e-06,5.2303679894995423e-05,3.121924492306067e-07,5.131928809358177e-05,3.037418821850302e-07
-0.09560000758514375,5.3704194983328955e-05,8.005432513884903e-06,4.961094415626893e-05,7.033865987719637e-06,5.3187640991193864e-05,5.165539921351091e-07,4.914624385177596e-05,4.647003044929643e-07
-0.09550000758766976,5.331697644171354e-05,1.04990560459753e-05,5.405135752949308e-05,5.7908379994324095e-06,5.273916685644344e-05,5.778095852701114e-07,5.37782658988115e-05,2.730916306815953e-07
-0.09540000759019575,5.171313658599483e-05,5.775090824801003e-06,5.370337796337793e-05,1.0802193915614038e-05,5.143725436575241e-05,2.7588222024244355e-07,5.3048025597069004e-05,6.553523663089289e-07
-0.09530000759272175,5.1339053901113774e-05,6.735875572372183e-06,4.98836372632707e-05,1.2372719760553804e-05,5.1027394943325085e-05,3.1165895778871145e-07,4.907391742768506e-05,8.097198355856664e-07
-0.09520000759524776,5.6797722787046664e-05,9.32201486291831e-06,5.5855926390334615e-05,1.2435438178154737e-05,5.630339154883361e-05,4.943312382130662e-07,5.498990599902795e-05,8.660203913066674e-07
-0.09510000759777375,5.233994012619484e-05,9.752026140910673e-06,5.691177040304361e-05,1.1165113145609216e-05,5.189631588710755e-05,4.4362423908728624e-07,5.6304457501536846e-05,6.073129015067711e-07
-0.09500000760029975,5.939294225582901e-05,7.390100711127065e-06,5.726214649180236e-05,7.470428612076405e-06,5.904720091639855e-05,3.457413394304513e-07,5.6805810958397e-05,4.563355334053507e-07
-0.09490000760282576,5.53559464255057e-05,7.920119634846452e-06,6.223934268575052e-05,1.2935557825610774e-05,5.495302954865259e-05,4.029168768530891e-07,6.146456017591765e-05,7.747825098328546e-07
-0.09480000760535175,5.8872416542479086e-05,1.2747770202965808e-05,5.601703277737451e-05,7.283223674642575e-06,5.812088798308717e-05,7.515285593919194e-07,5.533003722500981e-05,6.869955523646832e-07
-0.09470000760787775,5.6265320757115046e-05,7.504920961320076e-06,5.6686402689607224e-05,9.361663917897813e-06,5.5871573435765866e-05,3.937473213491876e-07,5.618103342992536e-05,5.053692596818279e-07
-0.09460000761040376,6.140135331180622e-05,9.331883337832101e-06,5.674920990343838e-05,1.1689498126784803e-05,6.0911166285040736e-05,4.901870267654661e-07,5.601681395055322e-05,7.323959528851715e-07
-0.09450000761292975,5.4060968795071964e-05,7.99708042732197e-06,5.3074392714545704e-05,1.0646596847745607e-05,5.3618111306700504e-05,4.4285748837149275e-07,5.234103808569426e-05,7.333546288514281e-07
-0.09440000761545575,5.804241881659033e-05,1.1462845068450374e-05,5.447559517029395e-05,1.3070535195949565e-05,5.730868794512039e-05,7.337308714699721e-07,5.352493760272829e-05,9.506575675656791e-07
-0.09430000761798175,6.22437783877149e-05,7.618249264977628e-06,5.7059092269814514e-05,9.344644845390875e-06,6.185548606174353e-05,3.882923259713446e-07,5.657833138225997e-05,4.807608875545665e-07
-0.09420000762050774,5.370627926954785e-05,8.293897102394308e-06,5.170425174632606e-05,5.461033063318495e-06,5.3190702742761996e-05,5.155765267858583e-07,5.139946699556631e-05,3.047847507597505e-07
-0.09410000762303375,5.543233210912464e-05,9.581188125311665e-06,5.4471211606820866e-05,7.33768180667083e-06,5.496311963827523e-05,4.6921247084942636e-07,5.4122615785274545e-05,3.485958215463256e-07
-0.09400000762555975,5.6594785030198745e-05,6.766450057147965e-06,5.7615598085902984e-05,8.72804345872038e-06,5.630339154799963e-05,2.913934821990996e-07,5.703492235200465e-05,5.806757338983285e-07
-0.09390000762808576,5.4800050725145435e-05,1.1409065436599712e-05,5.743499267130596e-05,8.427547211948425e-06,5.405886411298556e-05,7.411866121599028e-07,5.708176986981239e-05,3.5322280149357307e-07
-0.09380000763061175,5.955040890541048e-05,8.782367386131567e-06,5.228030497185904e-05,8.347434369265942e-06,5.908882253376831e-05,4.615863716421618e-07,5.178631446517208e-05,4.939905066869662e-07
-0.09370000763313775,5.3915999509207396e-05,9.298954268210223e-06,5.9862230345708244e-05,9.161950437964697e-06,5.327142476552509e-05,6.445747436823209e-07,5.94219717330803e-05,4.402586126279045e-07
-0.09360000763566376,5.571077600166286e-05,7.718877660909907e-06,5.2096805875295746e-05,9.290662323030787e-06,5.540067310854922e-05,3.1010289311363674e-07,5.165009889278642e-05,4.467069825093334e-07
-0.09350000763818975,5.4536802255578986e-05,8.481052616610927e-06,5.150423551580519e-05,1.4726972023934549e-05,5.408463053860744e-05,4.521717169715527e-07,5.043358071799653e-05,1.0706547978086613e-06
-0.09340000764071575,5.6692365627490786e-05,7.3631732482432725e-06,5.482841027719922e-05,9.23620550960091e-06,5.632285033317141e-05,3.6951529431936114e-07,5.424318909130943e-05,5.852211858897783e-07
-0.09330000764324176,6.377440931410617e-05,9.046483630760432e-06,5.336615989180828e-05,1.1106314238834559e-05,6.32841432079039e-05,4.902661062022558e-07,5.2650730915516783e-05,7.154289762914945e-07
-0.09320000764576775,5.518243378735498e-05,9.914979589465481e-06,5.434810344688007e-05,5.660482480693399e-06,5.454323868242252e-05,6.39195104932431e-07,5.3824757423903773e-05,5.23346022976311e-07
-0.09310000764829375,5.393733582219844e-05,8.885283795339119e-06,5.899492318210141e-05,1.3171563664938212e-05,5.3176288329361885e-05,7.610474928365717e-07,5.809424098286033e-05,9.006821992411112e-07
-0.09300000765081975,5.604150089274541e-05,9.677315066806926e-06,5.410948437107408e-05,1.0416418099467885e-05,5.539905282413169e-05,6.424480686137248e-07,5.349880582315265e-05,6.106785479214371e-07
-0.09290000765334575,5.1477367429936976e-05,5.809380201186564e-06,5.2690137878839265e-05,7.66494011295745e-06,5.103190008804505e-05,4.4546734189193e-07,5.2290586373109704e-05,3.995515057295837e-07
-0.09280000765587175,5.6868418257201705e-05,1.0272103849086109e-05,5.792610268412651e-05,1.2896593628418101e-05,5.6311498981737904e-05,5.569192754638214e-07,5.699878126826138e-05,9.273214158651383e-07
-0.09270000765839775,5.578104765219294e-05,8.067485386193189e-06,5.844569662356769e-05,8.236637928837944e-06,5.54221158860916e-05,3.589317661013428e-07,5.8013734985994905e-05,4.3196163757278223e-07
-0.09260000766092374,5.627281335204887e-05,7.614055656728591e-06,5.582053632476702e-05,1.0877163258499136e-05,5.588094414615567e-05,3.9186920589317613e-07,5.499273794022046e-05,8.277983845465678e-07
-0.09250000766344975,5.9064045939743365e-05,8.94319643836739e-06,5.428591899097029e-05,9.752786389438528e-06,5.8580702983894375e-05,4.833429558489902e-07,5.369772472983512e-05,5.881942611351625e-07
-0.09240000766597575,5.090024905683761e-05,7.786496573012656e-06,5.3972504219420324e-05,7.090641005923993e-06,5.057358640290266e-05,3.266626539349499e-07,5.3570698327914995e-05,4.0180589150532566e-07
-0.09230000766850176,5.6564155216102696e-05,7.046805127140358e-06,5.256394111174043e-05,1.2002711821806139e-05,5.630573456441031e-05,2.584206516923822e-07,5.17863138283066e-05,7.776272834338521e-07
-0.09220000767102775,5.6481723598301134e-05,1.0660911052767979e-05,6.013374956669198e-05,7.860851935568414e-06,5.588616869901893e-05,5.955548992821736e-07,5.964881238273942e-05,4.849371839525172e-07
-0.09210000767355375,6.13273374964545e-05,9.498419200543538e-06,5.164091555384964e-05,7.822865096625714e-06,6.094485997668534e-05,3.824775197691595e-07,5.12125860629218e-05,4.283294909278396e-07
-0.09200000767607976,4.8791106495746006e-05,6.495349499797986e-06,5.454539637313539e-05,1.0277292706600648e-05,4.8453406595863645e-05,3.3769989988236197e-07,5.3782235554269416e-05,7.631608188659969e-07
-0.09190000767860575,5.6314752116228384e-05,1.3596578936055281e-05,5.271593219810908e-05,7.614190844214651e-06,5.5414187290144014e-05,9.005648260843702e-07,5.214788494382439e-05,5.680472542847025e-07
-0.09180000768113175,5.606535037602304e-05,1.0438080288103952e-05,5.2172464208319436e-05,8.758526450658498e-06,5.5475629397247374e-05,5.897209787756592e-07,5.16964704915966e-05,4.75993716722819e-07
-0.09170000768365776,5.8117642477265467e-05,7.96918706235993e-06,5.829696381886662e-05,1.01356190053938e-05,5.7664511964697154e-05,4.531305125683277e-07,5.7692220297399886e-05,6.047435214667197e-07
-0.09160000768618375,5.015289421967295e-05,7.408429627341345e-06,4.590057107390788e-05,8.079268320994072e-06,4.971916633983508e-05,4.3372787983786804e-07,4.529491516296808e-05,6.056559109397816e-07
-0.09150000768870975,5.282364812089553e-05,7.612778813826903e-06,4.998211523835607e-05,7.187546687157118e-06,5.2331248110196726e-05,4.924000106987983e-07,4.963345103805854e-05,3.4866420029751004e-07
-0.09140000769123575,5.268853914744673e-05,1.0862129943609518e-05,5.451028412773738e-05,5.6089581581707915e-06,5.195307199843188e-05,7.354671490148423e-07,5.4201895737461964e-05,3.0838839027540705e-07
-0.09130000769376174,5.637968828840023e-05,9.35980094874831e-06,5.3299857280876136e-05,8.24537853015942e-06,5.5867431305102336e-05,5.122569832979185e-07,5.255725365079068e-05,7.426036300854542e-07
-0.09120000769628775,6.007171418005964e-05,9.808108600696652e-06,5.2435161306521344e-05,1.1144639115709586e-05,5.955281007842633e-05,5.189041016333398e-07,5.176271022135075e-05,6.724510851705823e-07
-0.09110000769881375,5.779291822899372e-05,1.0395094476680905e-05,5.665883520726781e-05,1.1318605373988462e-05,5.7216435700218914e-05,5.764825287748235e-07,5.596203852768997e-05,6.96796679577841e-07
-0.09100000770133974,5.900013302735759e-05,7.339479822668085e-06,5.523106387950137e-05,9.151127879221626e-06,5.862665099088075e-05,3.7348203647685033e-07,5.468589175642125e-05,5.451721230801355e-07
-0.09090000770386575,5.730499464915317e-05,7.70554968373426e-06,4.933316548593415e-05,6.083896120024724e-06,5.6829455392586746e-05,4.755392565664159e-07,4.89022360198272e-05,4.309294661069566e-07
-0.09080000770639175,5.7079911507176934e-05,7.847752959576497e-06,5.610728128133555e-05,8.149118931219381e-06,5.677594188574302e-05,3.039696214339085e-07,5.557098570572509e-05,5.362955756104611e-07
-0.09070000770891776,5.820289430459567e-05,8.9647622906861e-06,5.6988978426577806e-05,9.222503253917555e-06,5.766613290339065e-05,5.367614012050025e-07,5.651607723542958e-05,4.7290119114823266e-07
-0.09060000771144375,5.516173464357474e-05,4.2683612647611105e-06,5.720584618709399e-05,7.760358197929929e-06,5.495501219664156e-05,2.0672244693318723e-07,5.65783313332887e-05,6.275148538052895e-07
-0.09050000771396975,5.271634856782245e-05,5.675430751569714e-06,5.8486426636260705e-05,6.768091143011468e-06,5.2326744255422286e-05,3.896043124001594e-07,5.803805797806118e-05,4.483686581995368e-07
-0.09040000771649576,5.8104887154567214e-05,7.905829350723644e-06,4.725015307322305e-05,9.880430742531833e-06,5.766325002117373e-05,4.4163713339346296e-07,4.660052543548662e-05,6.496276377364408e-07
-0.09030000771902175,6.175108723229822e-05,1.2851158108395831e-05,5.6323133442201824e-05,1.0899481990165882e-05,6.094485857494713e-05,8.062286573510537e-07,5.566366145785055e-05,6.594719843512938e-07
-0.09020000772154775,5.6012956184683385e-05,1.0344145751639613e-05,5.568912069200934e-05,7.179937915878343e-06,5.54545483171112e-05,5.584078675721725e-07,5.52639580275039e-05,4.251626645054467e-07
-0.09010000772407376,6.156934612161431e-05,1.0635155215456498e-05,4.648195768687543e-05,5.71377349856495e-06,6.0912426846018874e-05,6.569192755954363e-07,4.593879457163559e-05,5.431631152398298e-07
-0.09000000772659975,5.03265764081107e-05,8.870468717335347e-06,5.4580437696832374e-05,9.156020798534944e-06,4.97213278684018e-05,6.052485397088945e-07,5.400926191104538e-05,5.711757857869962e-07
-0.08990000772912575,6.242926591993957e-05,1.0703861820304918e-05,5.4771855376319025e-05,9.373896485998598e-06,6.185836894436044e-05,5.708969755791227e-07,5.400926256599547e-05,7.625928103235601e-07
-0.08980000773165175,5.8992925871271544e-05,7.30090411454181e-06,5.3543133626412844e-05,8.783656881915526e-06,5.8581245586448374e-05,4.116802848231563e-07,5.3133949488157614e-05,4.0918413825523844e-07
-0.08970000773417774,5.9548606457567846e-05,8.656433836611722e-06,5.93976466905926e-05,9.037585537283182e-06,5.9064497521864285e-05,4.841089357035212e-07,5.892899604610676e-05,4.6865064448585917e-07
-0.08960000773670375,5.8666969188169915e-05,1.0507131161999452e-05,5.2047589243482144e-05,7.643172140292974e-06,5.812034949651347e-05,5.466196916564565e-07,5.1628657448522985e-05,4.189317949591372e-07
-0.08950000773922975,5.970908266544495e-05,4.482926637441787e-06,5.214458343831496e-05,7.085910670490637e-06,5.9532630591898724e-05,1.764520735462098e-07,5.166818028891278e-05,4.764031494021971e-07
-0.08940000774175574,5.367889772651202e-05,1.2997227777930202e-05,5.8616875922004975e-05,1.1307170190170052e-05,5.274637341163631e-05,9.325243148757246e-07,5.7724111525789375e-05,8.927643962155898e-07
-0.08930000774428175,5.913735391941206e-05,7.589860831735388e-06,5.491781793727032e-05,1.0039593095502108e-05,5.862665099094964e-05,5.107029284624208e-07,5.440135384430779e-05,5.164640929625286e-07
-0.08920000774680775,5.878683721537994e-05,9.469631461907473e-06,5.1347547881135386e-05,1.0977349665833025e-05,5.816629475569908e-05,6.205424596808405e-07,5.072970131324467e-05,6.17846567890719e-07
-0.08910000774933376,5.5028568603476324e-05,8.854716928428277e-06,5.932072131001881e-05,9.78313001382491e-06,5.452864209872824e-05,4.999265047480851e-07,5.856991665195869e-05,7.508046580601449e-07
-0.08900000775185975,5.618381448668343e-05,6.423526914463926e-06,5.507959745739419e-05,1.1763271300912709e-05,5.585013266561111e-05,3.3368182107231623e-07,5.4377749588801245e-05,7.01847868592936e-07
-0.08890000775438575,5.376630738490839e-05,9.012420515375547e-06,5.013478847341443e-05,1.18122548565424e-05,5.3178991687331996e-05,5.873156975763945e-07,4.9397595189923424e-05,7.371932834909905e-07
-0.08880000775691176,5.711552310093424e-05,7.2134755861266854e-06,5.427275552410061e-05,9.845984841861392e-06,5.677594323952872e-05,3.3957986140553005e-07,5.368223490061442e-05,5.905206234861784e-07
-0.08870000775943775,5.417727744798041e-05,9.744289046227344e-06,5.938840869384068e-05,1.4785473644459086e-05,5.363829082859804e-05,5.389866193823659e-07,5.830112035219496e-05,1.0872883416457242e-06
-0.08860000776196375,5.693190883155777e-05,1.1410424287490539e-05,5.559853481122012e-05,1.1860121519495919e-05,5.6384112937866945e-05,5.477958936908121e-07,5.494156877572864e-05,6.569660354914701e-07
-0.08850000776448975,6.216933515501626e-05,5.941624450954732e-06,5.753928313783756e-05,1.2900531491809551e-05,6.18545837483813e-05,3.1475140663494125e-07,5.660688938409076e-05,9.323937537468157e-07
-0.08840000776701575,5.248009734243528e-05,1.1053666493583379e-05,5.629994795195008e-05,7.4816770143213115e-06,5.187235063167417e-05,6.077467107611147e-07,5.5575731569567426e-05,7.242163823826506e-07
-0.08830000776954175,5.387675769010175e-05,7.33312003785343e-06,6.297905324642814e-05,7.559863519239553e-06,5.3625317198625705e-05,2.514404914760195e-07,6.239890732378766e-05,5.801459226404465e-07
-0.08820000777206775,5.4780799459826147e-05,1.284342017137513e-05,5.355265073903663e-05,6.048639456183635e-06,5.4059405313663456e-05,7.213941461627067e-07,5.316766717677719e-05,3.8498356225945445e-07
-0.08810000777459374,5.3832122101803375e-05,7.852143295956076e-06,5.480155334247849e-05,1.0811194972339906e-05,5.3271424118420734e-05,5.606979833826328e-07,5.4085138295974466e-05,7.164150465040122e-07
-0.08800000777711975,5.557898724474972e-05,1.0840012204261886e-05,5.1712336207370445e-05,1.0446192869503237e-05,5.495140726167714e-05,6.275799830725906e-07,5.100457608744262e-05,7.077601199278362e-07
-0.08790000777964575,6.023038636391117e-05,6.185520972800264e-06,5.303292306940817e-05,8.092773885262818e-06,5.997897328420176e-05,2.514130797093667e-07,5.251451338760116e-05,5.184096818069965e-07
-0.08780000778217176,5.291724311447107e-05,1.000980436466445e-05,5.292257150995071e-05,6.560692728151362e-06,5.2307283498245644e-05,6.099596162254292e-07,5.241941646944594e-05,5.031550405047872e-07
-0.08770000778469775,5.149637993655836e-05,7.816731293020349e-06,5.4139167040707016e-05,1.2318193037400373e-05,5.103190073125317e-05,4.644792053051878e-07,5.3282591574635045e-05,8.565754660719509e-07
-0.08760000778722375,5.7907640222769154e-05,5.4562180208624075e-06,5.430824021380747e-05,9.007797705278986e-06,5.7696945078025886e-05,2.1069514474327545e-07,5.387666852861574e-05,4.3157168519176457e-07
-0.08750000778974976,5.2999556690405455e-05,9.719804328242823e-06,5.3608806965651675e-05,7.794418688535341e-06,5.2388002916930885e-05,6.1155377347457e-07,5.310962580524628e-05,4.991811604053762e-07
-0.08740000779227575,5.691161760281646e-05,6.106901426528124e-06,5.256970226552331e-05,7.349765788177783e-06,5.629762510936597e-05,6.139924934504834e-07,5.217076783820292e-05,3.9893442732038783e-07
-0.08730000779480175,5.848603367543342e-05,5.865343851797972e-06,5.234281726570305e-05,7.264609887883643e-06,5.819224001719169e-05,2.9379365824172173e-07,5.188320029210853e-05,4.5961697359452683e-07
-0.08720000779732776,6.004786464735817e-05,9.141416877968394e-06,5.1559354437043977e-05,1.1647691110148944e-05,5.9511188459015334e-05,5.366761883428361e-07,5.079294644533535e-05,7.66407991708621e-07
-0.08710000779985375,5.638343254114066e-05,8.574189047470191e-06,4.8115521946324116e-05,3.5955627894943186e-06,5.58472497831292e-05,5.361827580114734e-07,4.782867613955499e-05,2.86845806769127e-07
-0.08700000780237975,5.8719460109997206e-05,8.042648038247987e-06,5.5721413226477366e-05,7.179594936343895e-06,5.817224001673715e-05,5.472200932600567e-07,5.536053660153317e-05,3.6087662494419834e-07
-0.08690000780490575,5.1451901433244244e-05,8.862040659415402e-06,5.5824691349836774e-05,1.1231085564630781e-05,5.102739494253372e-05,4.245064907105225e-07,5.510856035118867e-05,7.161309986481075e-07
-0.08680000780743174,5.665979124500626e-05,7.16577628272454e-06,5.319979796820736e-05,7.128880586935135e-06,5.630843591891496e-05,3.513553260912969e-07,5.286584202479146e-05,3.339559434158984e-07
-0.08670000780995775,5.79753268794649e-05,1.1311413528471959e-05,5.45132217610884e-05,8.05015402719201e-06,5.7256976918199034e-05,7.18349961265872e-07,5.4141895724869394e-05,3.7132603621901185e-07
-0.08660000781248375,5.491086707933658e-05,8.152213150442025e-06,5.088527753097505e-05,9.044258503612613e-06,5.4061567475977406e-05,8.49299603359175e-07,5.03245717219792e-05,5.607058089958604e-07
-0.08650000781500974,5.5009982685397784e-05,7.742680046027377e-06,5.7430180574391144e-05,1.1986175716443092e-05,5.452864210027225e-05,4.813405851255259e-07,5.660688870880752e-05,8.232918655836204e-07
-0.08640000781753575,6.061506966997381e-05,1.1414465032818908e-05,4.830835877903283e-05,8.189843400188004e-06,5.997537315775023e-05,6.396965122235982e-07,4.7871919385024766e-05,4.364393940080713e-07
-0.08630000782006175,6.327048450495716e-05,1.2881325226335128e-05,4.941438911769581e-05,6.393195224789521e-06,6.23294694024991e-05,9.410151024580338e-07,4.912223663291838e-05,2.921524847774166e-07
-0.08620000782258776,6.494651131605913e-05,1.2813366409134957e-05,5.7023623529706924e-05,1.0396540504819918e-05,6.425797575921207e-05,6.88535556847046e-07,5.640968204758975e-05,6.139414821171687e-07
-0.08610000782511375,5.5905229212401054e-05,7.277194151962693e-06,5.703985612578251e-05,9.687905447969808e-06,5.5404998100482756e-05,5.002311119182989e-07,5.656076326449277e-05,4.790928612897196e-07
-0.08600000782763975,5.518766842111828e-05,6.458894089063621e-06,5.3227421857899325e-05,1.1218547841075883e-05,5.495140726139671e-05,2.3626115972159234e-07,5.258100184825231e-05,6.464200096469948e-07
-0.08590000783016576,5.7024226700437605e-05,1.1392374290172788e-05,6.0016508366018074e-05,7.562012730637075e-06,5.629852735733081e-05,7.256993431068314e-07,5.9713147530542954e-05,3.033608354751189e-07
-0.08580000783269175,5.4805174105916826e-05,1.130754171408304e-05,5.560899021417586e-05,5.685243410768958e-06,5.416246969272832e-05,6.427044131885257e-07,5.526395870791674e-05,3.4503150625912154e-07
-0.08570000783521775,5.147560810585776e-05,9.250866518287241e-06,5.2795876461056535e-05,1.4590877248150857e-05,5.1001628537418356e-05,4.7397956843939647e-07,5.166818093810389e-05,1.1276955229526422e-06
-0.08560000783774376,5.5843542104669525e-05,6.650265238806877e-06,5.197704399390492e-05,8.884234967291646e-06,5.54179710730766e-05,4.25571031592894e-07,5.126880163503942e-05,7.082423588654953e-07
-0.08550000784026975,5.513307456187729e-05,8.79164289159125e-06,5.424613670443775e-05,1.0539866348693363e-05,5.4505580363176714e-05,6.274941987005931e-07,5.340799433470168e-05,8.381423697360688e-07
-0.08540000784279575,6.049522684863831e-05,1.4537380637273575e-05,5.426567514926575e-05,9.82543385711581e-06,5.950686552010242e-05,9.88361328535909e-07,5.3671600512815996e-05,5.940746364497196e-07
-0.08530000784532175,5.846388962180884e-05,8.755189538699997e-06,5.912290578660426e-05,7.874795485988468e-06,5.8120349496399404e-05,3.4354012540944725e-07,5.859568309363112e-05,5.272226929731221e-07
-0.08520000784784774,6.273431167699636e-05,8.278377699023717e-06,5.837000301025664e-05,8.235448367347678e-06,6.232946940263055e-05,4.048422743657889e-07,5.7903150406309956e-05,4.6685260394668504e-07
-0.08510000785037375,5.417187208692191e-05,9.658250972996535e-06,5.577285618669315e-05,8.79982004904614e-06,5.361720974836423e-05,5.54662338557689e-07,5.512990465998128e-05,6.429515267118869e-07
-0.08500000785289975,5.502397185472483e-05,6.933325250848237e-06,4.880453856561657e-05,6.899255253861137e-06,5.45026968176875e-05,5.212750370373269e-07,4.840129122123876e-05,4.032473443778183e-07
-0.08490000785542574,5.183802880895428e-05,6.885963240216565e-06,5.515745822505517e-05,9.785024553257746e-06,5.143274986180223e-05,4.052789471520708e-07,5.4474327480192744e-05,6.83130744862419e-07
-0.08480000785795175,5.537202077067734e-05,7.379467593160647e-06,5.3207867604792596e-05,1.1459933306462433e-05,5.4951407926840496e-05,4.206128438368247e-07,5.239292935510005e-05,8.149382496925513e-07
-0.08470000786047775,5.38944931911318e-05,6.462687121121414e-06,5.5835903992726856e-05,9.024173100908858e-06,5.362099418966359e-05,2.73499001468205e-07,5.51269754435808e-05,7.089285491460395e-07
-0.08460000786300376,5.929889334759178e-05,1.2755135382689131e-05,5.586416368767908e-05,8.158886550378007e-06,5.8587010664620134e-05,7.1188268297164e-07,5.518319037830288e-05,6.809733093761856e-07
-0.08450000786552975,5.2250089955497786e-05,6.471421571316881e-06,5.39547541433202e-05,6.9717913564753975e-06,5.189181138364034e-05,3.582785718574304e-07,5.354205947817401e-05,4.126946651461551e-07
-0.08440000786805575,5.5797406519411674e-05,8.178579950242102e-06,5.512972118045785e-05,8.699929089995044e-06,5.540499943818984e-05,3.924070812218262e-07,5.4550543678277716e-05,5.791775021801356e-07
-0.08430000787058176,5.66114280102149e-05,7.845519015841852e-06,5.587540859919559e-05,1.0378218336154965e-05,5.630573456399261e-05,3.056934462222618e-07,5.4977909823736294e-05,8.974987754592962e-07
-0.08420000787310775,5.4555273124037826e-05,1.1751699969698946e-05,5.240173561175336e-05,9.971122778472527e-06,5.3616488370273885e-05,9.387847537639569e-07,5.171658475565179e-05,6.851508561015515e-07
-0.08410000787563375,5.773511854125288e-05,1.0102034365714858e-05,5.262091610053369e-05,1.1676870673256716e-05,5.7216435699693794e-05,5.186828415591035e-07,5.1506019437224275e-05,1.1148966633094325e-06
-0.08400000787815975,6.1859979632469e-05,7.440376310679641e-06,5.1954037474433995e-05,7.958420050715391e-06,6.14026001122607e-05,4.5737952020827914e-07,5.147009890215757e-05,4.839385722764225e-07
-0.08390000788068575,5.6173456968610446e-05,1.0480107552181018e-05,5.003853909396981e-05,8.3383729915297e-06,5.559238480979052e-05,5.810721588199098e-07,4.965705465841313e-05,3.8148443555666766e-07
-0.08380000788321175,5.689478011718527e-05,1.1609108945712744e-05,5.140795854151432e-05,9.438474007935713e-06,5.6301409566527335e-05,5.933705506579324e-07,5.0650423287586986e-05,7.575352539273554e-07
-0.08370000788573775,5.414636275674413e-05,8.960011357791454e-06,5.18953147785605e-05,1.1177227779135009e-05,5.361648902783711e-05,5.298737289070273e-07,5.1178092153694943e-05,7.172226248655512e-07
-0.08360000788826374,5.2591880944554404e-05,5.452795362277856e-06,5.9749965825591975e-05,8.15672281137959e-06,5.234133755129432e-05,2.505433932600701e-07,5.931854215054921e-05,4.3142367504278736e-07
-0.08350000789078975,5.002281052170199e-05,1.1958380438332007e-05,5.614089441693659e-05,1.226580514369008e-05,4.929603228466507e-05,7.26778237036925e-07,5.528756296900415e-05,8.5333144793245e-07
-0.08340000789331575,5.537749631918769e-05,1.2446434395036852e-05,5.38513575357239e-05,6.146736717758749e-06,5.4509182641401734e-05,8.683136777859383e-07,5.345268032103264e-05,3.986772146912705e-07
-0.08330000789584174,6.190639760804488e-05,6.504559565404145e-06,5.318759412566291e-05,8.291137049362973e-06,6.138241711930404e-05,5.239804887408486e-07,5.2699017903420775e-05,4.885762222421318e-07
-0.08320000789836775,5.500045038598978e-05,9.266224443465702e-06,5.9842027245833994e-05,1.074693128409973e-05,5.452864276249554e-05,4.718076234942531e-07,5.902845687928171e-05,8.13570366552282e-07
-0.08310000790089375,5.6293299148627776e-05,5.118622478516513e-06,5.168709572072853e-05,9.930178344382881e-06,5.584851171545165e-05,4.4478743317612224e-07,5.092916201847116e-05,7.579337022573702e-07
-0.08300000790341976,6.424109463347017e-05,8.739584390199791e-06,5.105296031195344e-05,6.402357140391695e-06,6.376447688131179e-05,4.7661775215837106e-07,5.072970322089785e-05,3.2325709105557926e-07
-0.08290000790594575,5.4802377732928095e-05,9.882211542765511e-06,5.400045458004376e-05,1.405399902942658e-05,5.406751408125282e-05,7.348636516752703e-07,5.313395075048528e-05,8.665038295584632e-07
-0.08280000790847175,5.804156618865753e-05,1.0705014720871964e-05,5.498754892729447e-05,1.071933642520655e-05,5.720778637329052e-05,8.337798153670104e-07,5.4300615191313776e-05,6.869337359806854e-07
-0.08270000791099776,5.6384001841029026e-05,1.047318076262758e-05,5.395115061481269e-05,6.976124654267288e-06,5.586022409683707e-05,5.237777441919526e-07,5.360260003218321e-05,3.4855058262949734e-07
-0.08260000791352375,5.317501523189812e-05,8.351883346886e-06,5.062063557608009e-05,5.2494654511539605e-06,5.2752139176038945e-05,4.2287605585916174e-07,5.036269763242453e-05,2.579379436555726e-07
-0.08250000791604975,5.512368282649719e-05,1.0998010518524959e-05,5.509246579080908e-05,9.581885651127838e-06,5.45034175383808e-05,6.202652881163953e-07,5.447381836973794e-05,6.186474210711585e-07
-0.08240000791857575,5.971081251888768e-05,1.208136918685502e-05,5.6466823433114416e-05,5.861790525575996e-06,5.904918220790567e-05,6.616303109820125e-07,5.615743049590257e-05,3.093929372118319e-07
-0.08230000792110174,5.529584733280069e-05,1.1911155846777405e-05,5.660994575455271e-05,1.3305661786296674e-05,5.452449795633599e-05,7.713493764646944e-07,5.570978560148384e-05,9.001601530688804e-07
-0.08220000792362775,5.084714614627573e-05,6.171365880853793e-06,5.6814996400281594e-05,7.881822013397805e-06,5.0574848941330706e-05,2.722972049450026e-07,5.649238475080625e-05,3.226116494753396e-07
-0.08210000792615375,5.943438164693462e-05,7.228220589865148e-06,5.729156947430808e-05,1.2964090235161208e-05,5.904557722469386e-05,3.888044222407941e-07,5.635635008851262e-05,9.352193857954525e-07
-0.08200000792867974,5.718349362893191e-05,1.2234291118718277e-05,6.048849263288054e-05,1.3262952669878575e-05,5.629852600975667e-05,8.849676191752501e-07,5.967854757499959e-05,8.09945057880933e-07
-0.08190000793120575,5.475832734566459e-05,1.1304801883803281e-05,5.204273396716061e-05,8.016027083310142e-06,5.4065172400143896e-05,6.931549455206876e-07,5.1532145567083405e-05,5.105884000771962e-07
-0.08180000793373175,5.947335895687937e-05,9.64819431717373e-06,5.963247981028898e-05,1.3170804871281514e-05,5.904720229580648e-05,4.2615666107290043e-07,5.87861355389055e-05,8.463442713834889e-07
-0.08170000793625776,5.3775316386741797e-05,9.44835989249025e-06,5.4402939597019925e-05,1.2182497047947954e-05,5.318061330888703e-05,5.947030778547842e-07,5.345268097749685e-05,9.502586195230835e-07
-0.08160000793878375,5.340320547516492e-05,1.2574112064107258e-05,4.92436530504885e-05,9.475041283284293e-06,5.2380256468376237e-05,1.0229490067886754e-06,4.868471341491468e-05,5.589396355738099e-07
-0.08150000794130975,5.321631472334442e-05,8.069232967236783e-06,6.0867924468495e-05,6.034356883029372e-06,5.273826530327061e-05,4.780494200737877e-07,6.0315512742611364e-05,5.524117258836666e-07
-0.08140000794383576,5.5529772055213106e-05,9.70530958384805e-06,5.817678346871029e-05,6.93442331500367e-06,5.495735453848237e-05,5.724175167307311e-07,5.771017673516521e-05,4.6660673354505964e-07
-0.08130000794636175,5.465339678020752e-05,1.084812497648016e-05,5.3963663253200345e-05,1.0178155262760566e-05,5.4094001227300265e-05,5.59395552907272e-07,5.3209084639443523e-05,7.545786137568051e-07
-0.08120000794888775,5.9242044476257177e-05,1.09052540533421e-05,5.246489598067368e-05,6.168445069831049e-06,5.8610975314078147e-05,6.31069162179012e-07,5.206973722884934e-05,3.9515875182434694e-07
-0.08110000795141376,5.106767591822785e-05,7.541430995663804e-06,5.304250088731204e-05,9.55768912145584e-06,5.063034443558875e-05,4.3733148263910186e-07,5.249307260616551e-05,5.49428281146541e-07
-0.08100000795393975,5.5095520680204044e-05,9.344905928674146e-06,5.415614600884492e-05,6.920639495320684e-06,5.450720198598647e-05,5.883186942175871e-07,5.372421184249766e-05,4.319341663472582e-07
-0.08090000795646575,5.6594500492529616e-05,6.088092378307432e-06,5.3284527261131864e-05,1.0745192772290614e-05,5.631492240629096e-05,2.7957808623866356e-07,5.268205890620236e-05,6.024683549294983e-07
-0.08080000795899175,5.949441186820013e-05,8.53642294000376e-06,5.713813101893369e-05,1.2246754754774446e-05,5.9051525930227646e-05,4.4288593797247063e-07,5.627905142454726e-05,8.5907959438644e-07
-0.08070000796151774,5.2793867988547825e-05,9.384752453848944e-06,5.641976130046593e-05,1.1694451346315994e-05,5.230079636308961e-05,4.930716254582375e-07,5.5597171650961596e-05,8.225896495043242e-07
-0.08060000796404375,5.393773635124733e-05,6.540570209892568e-06,5.5726800104311596e-05,7.7044043329657e-06,5.363108427931057e-05,3.066520719367517e-07,5.529994644226427e-05,4.2685366204731996e-07
-0.08050000796656975,5.4902586545251995e-05,9.316420436532322e-06,5.1610612430357115e-05,1.1351223612354699e-05,5.45055810264115e-05,3.970055188404993e-07,5.0953125981195756e-05,6.574864491613655e-07
-0.08040000796909574,5.2994863329534924e-05,1.0694963188248245e-05,5.5886101518153455e-05,8.999124904814874e-06,5.2315392256577415e-05,6.794710729575266e-07,5.534654236305779e-05,5.395591550956772e-07
-0.08030000797162175,5.308990457126603e-05,7.728935009169457e-06,5.582261459895778e-05,7.855934085733341e-06,5.2763490526709186e-05,3.2641404455685473e-07,5.532978761375005e-05,4.928269852077189e-07
-0.08020000797414775,5.4434624940005616e-05,5.806088406516837e-06,5.70879548217009e-05,9.229127653006925e-06,5.406517239973103e-05,3.694525402745865e-07,5.659978793438334e-05,4.881668873175676e-07
-0.08010000797667376,5.174073219255515e-05,6.906329343230145e-06,5.467591746701271e-05,8.611137820803446e-06,5.1435633388579776e-05,3.050988039753772e-07,5.413286110451547e-05,5.430563624972329e-07
-0.08000000797919975,6.069709912978e-05,9.691619045636818e-06,5.342326478068015e-05,1.0203158191217797e-05,6.0030867261355795e-05,6.662318684241864e-07,5.2928003546247665e-05,4.952612344324912e-07
-0.07990000798172575,5.8438832980524324e-05,1.195166263260497e-05,5.442868792808153e-05,1.0628424802979364e-05,5.766325070312973e-05,7.755822773945847e-07,5.3778265878432544e-05,6.5042204964898e-07
-0.07980000798425176,5.7885378744896786e-05,1.1432900122378136e-05,5.295714954129915e-05,1.0855994348795096e-05,5.7256976917041804e-05,6.284018278549856e-07,5.237199088858571e-05,5.851586527134336e-07
-0.07970000798677775,4.777554999039624e-05,5.3526009002517345e-06,6.258940805261368e-05,7.288833360129616e-06,4.722741552221094e-05,5.481344681852783e-07,6.227332977093543e-05,3.1607828167823307e-07
-0.07960000798930375,5.371196996388404e-05,8.792693043623636e-06,4.9517676383464564e-05,8.02947797313971e-06,5.317683017983552e-05,5.351397840485285e-07,4.906840602492199e-05,4.4927035854259133e-07
-0.07950000799182975,5.685120894253173e-05,8.084878584028629e-06,5.17452953656584e-05,8.079382276548636e-06,5.631492308078338e-05,5.36285861748352e-07,5.117809215756893e-05,5.672032080894579e-07
-0.07940000799435575,5.6646186122367165e-05,5.00157246200187e-06,5.352262157548262e-05,8.217555186580873e-06,5.6301410239629026e-05,3.4477588273811874e-07,5.308637404224656e-05,4.3624753323604876e-07
-0.07930000799688175,5.71518436810922e-05,7.75943447997584e-06,5.4789606710558834e-05,9.417937888447308e-06,5.676152950093146e-05,3.903141801607317e-07,5.4161534713428536e-05,6.280719971302876e-07
-0.07920000799940775,5.861775261714754e-05,9.99406250706886e-06,5.553668570877254e-05,1.1113943660551197e-05,5.812089003696101e-05,4.96862580186531e-07,5.468477529051256e-05,8.519104182599664e-07
-0.07910000800193374,4.8416884430133465e-05,6.930117967274847e-06,5.718774672417751e-05,1.0684281075095647e-05,4.803968511653946e-05,3.771993135940071e-07,5.651607926113924e-05,6.716674630382466e-07
-0.07900000800445975,5.5103721634397004e-05,1.0794458185213837e-05,4.927508126051231e-05,4.696487533732468e-06,5.4504319102236454e-05,5.99402532160524e-07,4.9016829979272585e-05,2.582512812397294e-07
-0.07890000800698575,5.796963752116339e-05,1.0798194023449163e-05,5.550949329475548e-05,8.429696074490938e-06,5.729211204877493e-05,6.775254723884443e-07,5.499274056675467e-05,5.167527280008175e-07
-0.07880000800951174,5.916689340168446e-05,9.216049570513152e-06,5.913001431952368e-05,1.04996821695824e-05,5.8583408436377985e-05,5.834849653064732e-07,5.847045717414062e-05,6.595571453830262e-07
-0.07870000801203775,6.073674022953233e-05,1.0203850108167804e-05,5.807920291841231e-05,7.252499493845256e-06,6.011375153023e-05,6.229886993023558e-07,5.7607835098092036e-05,4.713678203202513e-07
-0.07860000801456375,4.8855972659959566e-05,6.304050424563286e-06,5.011258097838322e-05,1.0404970557914999e-05,4.8466380818653196e-05,3.895918413063485e-07,4.9360073226979956e-05,7.525077514032388e-07
-0.07850000801708976,5.7288211940644916e-05,6.268291364256795e-06,5.3221955242481426e-05,7.248751550730658e-06,5.6796123418051654e-05,4.920885225932608e-07,5.276536301263532e-05,4.5659222984608424e-07
-0.07840000801961575,6.019745825094096e-05,1.1540621595233688e-05,5.719187277508889e-05,8.905863489679616e-06,5.954722449310779e-05,6.50233757833175e-07,5.663049230231693e-05,5.613804727719336e-07
-0.07830000802214175,5.413536603095906e-05,5.248727162517954e-06,5.5268805800743615e-05,1.2382605676474926e-05,5.3616669208078956e-05,5.186968228800995e-07,5.436156944048861e-05,9.072363602550187e-07
-0.07820000802466776,5.402348515621215e-05,1.3504097488631344e-05,5.45624025673266e-05,7.967985789189192e-06,5.3177730425867904e-05,8.457547303442519e-07,5.403934632631185e-05,5.230562410147298e-07
-0.07810000802719375,5.841346510803153e-05,1.1660787628128566e-05,5.367454027973663e-05,9.33730839874733e-06,5.7702168938156776e-05,7.112961698747322e-07,5.318799500641031e-05,4.86545273326312e-07
-0.07800000802971975,5.330602408914525e-05,1.0787159778532393e-05,5.4987564101139546e-05,1.1796397716987211e-05,5.273916750858973e-05,5.668565805555075e-07,5.435450699997e-05,6.330571011695494e-07
-0.07790000803224575,6.330151291924294e-05,1.0451848019402711e-05,5.0639238702239345e-05,7.234736191602123e-06,6.280995200641907e-05,4.915609128238482e-07,5.013358074215647e-05,5.056579600828636e-07
-0.07780000803477174,5.816643240765348e-05,8.499148702869379e-06,5.5927935887727594e-05,8.993570395459177e-06,5.76632500210097e-05,5.031823866437562e-07,5.539129777744306e-05,5.366381102845121e-07
-0.07770000803729775,6.078125843144781e-05,1.1964720776007326e-05,5.265232739493482e-05,9.870193957890542e-06,5.997320821427648e-05,8.080502171713059e-07,5.198811564106489e-05,6.642117538699483e-07
-0.07760000803982375,5.494151500811391e-05,7.184620845987668e-06,5.569637111358274e-05,1.0134504955490194e-05,5.4503417538398404e-05,4.380974697155314e-07,5.50677411857945e-05,6.286299277882181e-07
-0.07750000804234974,5.012738426370003e-05,7.029558462582743e-06,5.293802307006881e-05,1.2166768149028958e-05,4.9753760298657456e-05,3.7362396504254934e-07,5.21031996341046e-05,8.348234359642079e-07
-0.07740000804487575,5.548596090159439e-05,8.748256259949889e-06,5.392151199251357e-05,9.28760960871532e-06,5.496312030336587e-05,5.228405982285153e-07,5.339701254596959e-05,5.244994465439593e-07
-0.07730000804740175,5.5437879467151134e-05,9.689674094566856e-06,5.337542466573064e-05,9.57309270912903e-06,5.497447098990993e-05,4.6340847724120695e-07,5.2845842014706575e-05,5.295826510240486e-07
-0.07720000804992774,5.716791649051949e-05,7.260838127408557e-06,5.7957149037578476e-05,1.024183470783759e-05,5.675017679762208e-05,4.1773969289739364e-07,5.720044635781453e-05,7.567026797639468e-07
-0.07710000805245375,5.3783731407775304e-05,4.286929239021749e-06,5.2772880691207416e-05,6.660776031896139e-06,5.361937256809156e-05,1.6435883968376512e-07,5.219401173739986e-05,5.78868953807561e-07
-0.07700000805497975,6.273914907443819e-05,6.993982753391176e-06,5.841262361136616e-05,1.2509781503189646e-05,6.239379372408038e-05,3.453553503578187e-07,5.758314973793597e-05,8.294738734301992e-07
-0.07690000805750576,5.5546938264467544e-05,7.898926536839515e-06,5.362710897310332e-05,8.117505347297483e-06,5.4953030213664355e-05,5.939080508031972e-07,5.310962580975038e-05,5.17483163352931e-07
-0.07680000806003175,5.696448180018389e-05,1.1215212227477847e-05,5.102008479453527e-05,4.597343951826608e-06,5.6303390873776494e-05,6.61090926407412e-07,5.0705112236695954e-05,3.149725578393074e-07
-0.07670000806255775,5.817932811424685e-05,8.66725638126957e-06,5.998545177057163e-05,6.831381364598901e-06,5.7664510600569145e-05,5.148175136776903e-07,5.9607742114158943e-05,3.7770965641268904e-07
-0.07660000806508376,5.803931234014347e-05,5.907717790938881e-06,5.041098724640053e-05,1.0267051541823501e-05,5.771370046694862e-05,3.256118731948137e-07,4.9705342280491886e-05,7.05644965908661e-07
-0.07650000806760975,5.944367881930393e-05,8.174461999745696e-06,5.482819854643902e-05,1.3090904968359327e-05,5.9042878662010136e-05,4.0080015729380114e-07,5.391937256027508e-05,9.088259861639291e-07
-0.07640000807013575,5.444391654131006e-05,6.5788739586907465e-06,5.901263987073414e-05,1.2858314516743629e-05,5.4058864773099866e-05,3.85051768210206e-07,5.8087787012755104e-05,9.248528579790281e-07
-0.07630000807266175,4.9297145874187633e-05,6.8493262651231905e-06,5.70197538820977e-05,9.447852521627651e-06,4.8873810808975384e-05,4.233350652122652e-07,5.6494278111155624e-05,5.254757709420848e-07
-0.07620000807518774,6.222590232200552e-05,8.061243408211906e-06,5.719672268317335e-05,1.0858333107245875e-05,6.185836894467394e-05,3.675333773315614e-07,5.654059769832108e-05,6.561249848522555e-07
-0.07610000807771375,5.7322346791316154e-05,9.932993890348785e-06,5.097963778518339e-05,7.019459516236336e-06,5.67564824271215e-05,5.658643641946491e-07,5.057628401933563e-05,4.0335376584775104e-07
-0.07600000808023975,5.686823305947118e-05,5.8336790995922965e-06,6.275867930103938e-05,1.0914507563668001e-05,5.648140956067069e-05,3.868234988005055e-07,6.224215859547489e-05,5.165207055644829e-07
-0.07590000808276574,5.523769491574106e-05,5.203419561260786e-06,5.563616796376869e-05,9.507257812444291e-06,5.499465249873369e-05,2.4304241700736105e-07,5.468477656942845e-05,9.513913943402097e-07
-0.07580000808529175,5.3859690374323566e-05,5.131723123401181e-06,5.2042451227465305e-05,7.721133922530634e-06,5.3622975513957715e-05,2.3671486036584677e-07,5.153214680994811e-05,5.103044175171835e-07
-0.07570000808781775,5.596776775599828e-05,1.0115402303652897e-05,5.892707667367608e-05,8.40520411751375e-06,5.541076319910994e-05,5.57004556888357e-07,5.837676349421519e-05,5.503131794609021e-07
-0.07560000809034376,5.351076362530043e-05,1.1534472391229945e-05,5.2879911890733944e-05,8.494053549595056e-06,5.275556390486584e-05,7.551997204345744e-07,5.2334513409590114e-05,5.453984811438285e-07
-0.07550000809286975,5.573875295888024e-05,5.965897565202726e-06,5.6274058198696313e-05,1.004218886417959e-05,5.541076319910163e-05,3.2798975977864106e-07,5.573339054426264e-05,5.406676544336611e-07
-0.07540000809539575,5.8808006835262354e-05,3.984746461853205e-06,4.9883566187319674e-05,7.719880200258632e-06,5.858124627379832e-05,2.2676056146402937e-07,4.936007318886257e-05,5.234929984571127e-07
-0.07530000809792176,5.842579446998002e-05,1.113830743224256e-05,4.9893063677348474e-05,1.1509543457517602e-05,5.768757502701892e-05,7.382194429611073e-07,4.922101925923118e-05,6.720444181172735e-07
-0.07520000810044775,5.4485358631662986e-05,6.69278240974068e-06,5.361466643711591e-05,1.1328674947153783e-05,5.407670326844247e-05,4.0865536322052214e-07,5.2962082247660084e-05,6.525841894558219e-07
-0.07510000810297375,5.751829123573143e-05,4.894724991448676e-06,5.3164882078553375e-05,9.2866746281916e-06,5.722670665004109e-05,2.915845856903528e-07,5.258100117599392e-05,5.838809025594365e-07
-0.07500000810549975,5.014981516589908e-05,4.765527898322967e-06,5.411778618258929e-05,9.220641370831805e-06,4.9770518322055415e-05,3.7929684384365106e-07,5.357070032098408e-05,5.470858616051983e-07
-0.07490000810802575,5.336908798149609e-05,1.0700951118037303e-05,6.469613791903775e-05,1.3416083523102976e-05,5.27634924823234e-05,6.055954991726948e-07,6.382082282031101e-05,8.753150987267589e-07
-0.07480000811055175,5.519632361141311e-05,1.1367473804455927e-05,5.248129939695679e-05,9.629658208911429e-06,5.450558036374861e-05,6.907432476645033e-07,5.201496373425408e-05,4.663356627026985e-07
-0.07470000811307775,5.848264271554203e-05,1.1972499736859473e-05,5.5666800834366254e-05,9.198132081893373e-06,5.766324933882293e-05,8.193933767190704e-07,5.488784162613545e-05,7.789592082308147e-07
-0.07460000811560374,5.592504773711524e-05,7.351570564749951e-06,4.9367541656591226e-05,6.257848222147034e-06,5.542211388013736e-05,5.029338569778698e-07,4.892043422041915e-05,4.4710743617206527e-07
-0.07450000811812975,5.667840393031203e-05,1.1609292754811465e-05,4.8450958846895205e-05,6.064429134706227e-06,5.5949411937227035e-05,7.289919930849731e-07,4.810363297239304e-05,3.473258745021698e-07
-0.07440000812065575,5.5226626946662984e-05,8.266169144890612e-06,5.1573554917175974e-05,6.854430934500852e-06,5.468720263553258e-05,5.394243111304073e-07,5.1040613409059155e-05,5.329415081168071e-07
-0.07430000812318174,5.4974797798706844e-05,9.25059784967697e-06,5.5678096841792606e-05,1.243290285463382e-05,5.4514227022187657e-05,4.605707765191856e-07,5.489183768152799e-05,7.862591602646327e-07
-0.07420000812570775,5.4059451028391534e-05,8.181284274319686e-06,6.122237260082967e-05,8.973451059686408e-06,5.362802121644524e-05,4.31429811946291e-07,6.049789358530428e-05,7.244790155253858e-07
-0.07410000812823375,5.585463616656725e-05,7.259549516344692e-06,5.5758823706146914e-05,5.619296943644375e-06,5.550878121211184e-05,3.458549544554153e-07,5.5287562301683054e-05,4.7126140446384023e-07
-0.07400000813075976,6.189326250752651e-05,9.617365716011609e-06,5.632659430197089e-05,9.944225607989225e-06,6.139539149822765e-05,4.978710092988641e-07,5.566366079208863e-05,6.629335098822591e-07
-0.07390000813328575,5.859001639647164e-05,8.53145424831834e-06,5.198395890277376e-05,6.407767263949971e-06,5.8150620450870556e-05,4.393959456010981e-07,5.156649593482104e-05,4.174629679527405e-07
-0.07380000813581175,5.807065297268421e-05,7.769992363898063e-06,5.671172026718169e-05,8.806634149339655e-06,5.768757434260905e-05,3.830786300751576e-07,5.6121568668331175e-05,5.901515988505398e-07
-0.07370000813833776,5.741004178161077e-05,4.550908905274171e-06,5.297899389568031e-05,7.961972354716698e-06,5.7213734356105963e-05,1.9630742550475913e-07,5.261491066124588e-05,3.640832344344327e-07
-0.07360000814086375,5.3342725529614745e-05,8.390528934998329e-06,5.356712570194913e-05,9.878403795581815e-06,5.274403172110471e-05,5.986938085100326e-07,5.297124744123716e-05,5.958782607119886e-07
-0.07350000814338975,5.617317452890762e-05,9.628225555355346e-06,4.935637572772313e-05,1.068665783385842e-05,5.540499876980303e-05,7.681757591046007e-07,4.855860275707284e-05,7.97772970650292e-07
-0.07340000814591575,5.864586935906738e-05,8.369873633883495e-06,5.510269421688368e-05,8.479700614166457e-06,5.812305014512999e-05,5.228192139373743e-07,5.4576669822632114e-05,5.260243942515661e-07
-0.07330000814844174,5.473013687415791e-05,6.3517453861608945e-06,5.178216409696684e-05,9.081023854072387e-06,5.45028776608356e-05,2.2725921332231567e-07,5.0905557144253667e-05,8.766069527131846e-07
-0.07320000815096775,5.8197587583901706e-05,5.276129741204078e-06,5.1760118420083255e-05,8.057020647459043e-06,5.777424168891808e-05,4.233458949836225e-07,5.090555903903072e-05,8.545593810525478e-07
-0.07310000815349375,5.509566124088426e-05,9.500358897893542e-06,5.7277748168098696e-05,1.4795208751208309e-05,5.45677411943308e-05,5.279200465534553e-07,5.613068647703307e-05,1.147061691065624e-06
-0.07300000815601974,5.18459459730818e-05,8.683395283708251e-06,6.392145819211455e-05,1.139371176408561e-05,5.143563274453359e-05,4.1031322854818764e-07,6.316190107510445e-05,7.595571170101007e-07
-0.07290000815854575,5.392540842024387e-05,6.988537855413573e-06,5.135705548341173e-05,6.002856565551329e-06,5.3622976829138894e-05,3.024315911049686e-07,5.100457800992129e-05,3.524774734904567e-07
-0.07280000816107175,5.6157216170409316e-05,7.347651768810068e-06,5.6343750299006165e-05,5.235857618448603e-06,5.584563084570683e-05,3.115853247024997e-07,5.610580967460154e-05,2.37940624404645e-07
-0.07270000816359774,5.716488300352901e-05,8.679914327398127e-06,5.173410319180878e-05,1.045535486687959e-05,5.6771800448552244e-05,3.9308255497672864e-07,5.115737206878467e-05,5.767311230240856e-07
-0.07260000816612375,5.529772164764906e-05,6.494820661583753e-06,5.766102501008568e-05,6.291491030672297e-06,5.495735453848239e-05,3.403671091666882e-07,5.733762503202138e-05,3.233999780642875e-07
-0.07250000816864975,5.407746775140266e-05,8.306276365421186e-06,5.5938213141045183e-05,8.52852593155463e-06,5.362801990182744e-05,4.494478495752042e-07,5.555465180909428e-05,3.8356133195091835e-07
-0.07240000817117576,5.6043585968365517e-05,1.0500880970145801e-05,5.151521477570714e-05,8.72909234458781e-06,5.540067377723661e-05,6.429121911288845e-07,5.095312599011538e-05,5.620887855917596e-07
-0.07230000817370175,5.139367579947928e-05,7.978964766976219e-06,5.369688206340484e-05,1.248579244921112e-05,5.1019467015779415e-05,3.742087836998597e-07,5.272370257774395e-05,9.731794856608888e-07
-0.07220000817622775,6.096582338184442e-05,6.735995379849838e-06,5.3579421219809266e-05,8.506789439357538e-06,6.04547023205984e-05,5.11121061245992e-07,5.2704101150881124e-05,8.753200689281305e-07
-0.07210000817875376,5.819416932761963e-05,9.308749118483608e-06,5.063699439992685e-05,5.683258917130111e-06,5.7748835604216324e-05,4.4533372340329704e-07,5.0228464035399143e-05,4.0853036452770165e-07
-0.07200000818127975,5.807093752512866e-05,8.175088784228801e-06,5.643694676360973e-05,1.0708088525688566e-05,5.766162908136042e-05,4.093084437682309e-07,5.579418726056144e-05,6.427595030483058e-07
-0.07190000818380575,5.611160111913291e-05,5.9256557483968526e-06,5.539004755681023e-05,1.0205205168168953e-05,5.585445766084856e-05,2.5714345828437933e-07,5.4773819027462535e-05,6.162285293477053e-07
-0.07180000818633175,5.5484727120413385e-05,9.395281645707311e-06,5.8509184902315686e-05,9.292409811199375e-06,5.494924643047519e-05,5.354806899381729e-07,5.8038058643517955e-05,4.711262587977316e-07
-0.07170000818885774,5.4643109994649855e-05,8.900649071013221e-06,5.536947535042861e-05,5.169247454454602e-06,5.406751474197594e-05,5.755952526739341e-07,5.507219869626645e-05,2.9727665416216087e-07
-0.07160000819138375,5.351955789052016e-05,6.083465552590651e-06,5.1043126876963504e-05,8.644186069480775e-06,5.317682886992329e-05,3.4272902059686165e-07,5.036709487207154e-05,6.760320048919734e-07
-0.07150000819390975,5.2586830215609524e-05,1.1942946477358109e-05,5.5029228407332894e-05,9.012084743979086e-06,5.187036929609236e-05,7.164609195171647e-07,5.4477910559299904e-05,5.513178480329992e-07
-0.07140000819643574,5.670815810582126e-05,6.662276277154288e-06,5.285665793476087e-05,1.158200030746729e-05,5.6305735237768885e-05,4.024228680523634e-07,5.22176140297648e-05,6.39043904996102e-07
-0.07130000819896175,5.944476996017715e-05,6.2978673841666755e-06,5.3135101983141765e-05,1.0590902452907007e-05,5.910107616640556e-05,3.436937937715857e-07,5.2471990899015516e-05,6.631110841262578e-07
-0.07120000820148775,5.689212578769021e-05,9.997161387556306e-06,5.5123250095825974e-05,1.2245832094829424e-05,5.633221970219772e-05,5.599060854925017e-07,5.416277542176696e-05,9.604746740590087e-07
-0.07110000820401374,5.7534792800681625e-05,6.121652123500245e-06,5.758122338839378e-05,8.809092655103985e-06,5.721139269265884e-05,3.2340010802277356e-07,5.7105734519710134e-05,4.7548886868365914e-07
-0.07100000820653975,5.402673312481948e-05,8.195393765808327e-06,5.41023766544003e-05,7.227489995152314e-06,5.3642434313372876e-05,3.842988114466032e-07,5.347556386785677e-05,6.268127865435353e-07
-0.07090000820906575,6.224989445370099e-05,9.04845949781949e-06,5.574345861084119e-05,8.214055345400561e-06,6.187188316321757e-05,3.780112904834146e-07,5.5410985041550484e-05,3.324735692906976e-07
-0.07080000821159176,5.357721689262442e-05,5.8990056243366455e-06,5.222874549399044e-05,8.732595573619068e-06,5.321142477287582e-05,3.657921197485978e-07,5.161268608911777e-05,6.160594048726537e-07
-0.07070000821411775,5.993420999449438e-05,8.756832571778422e-06,5.835232871801285e-05,1.1619649969741708e-05,5.954199995987523e-05,3.9221003461918035e-07,5.769211135460909e-05,6.602173634037741e-07
-0.07060000821664375,5.735312020766248e-05,9.928651608978044e-06,5.544784875190919e-05,9.846427024995871e-06,5.6750176797647015e-05,6.029434100154729e-07,5.4819946467403886e-05,6.279022845052865e-07
-0.07050000821916975,5.959227770814076e-05,9.570603809195099e-06,5.689083142484772e-05,8.047784514489998e-06,5.90572923852217e-05,5.349853229190609e-07,5.65160792528279e-05,3.7475217201983204e-07
-0.07040000822169575,5.545921783291808e-05,9.125340607089472e-06,4.9207322777860285e-05,6.195039718125351e-06,5.496005724050365e-05,4.991605924144351e-07,4.883304621872931e-05,3.742765591309883e-07
-0.07030000822422175,5.6173073595085517e-05,1.2753050854631546e-05,4.95150500592979e-05,9.309430752376119e-06,5.5396887988442254e-05,7.761856066432284e-07,4.8938993403130574e-05,5.760566561673501e-07
-0.07020000822674775,5.715558928680706e-05,7.941548134184237e-06,5.8537888184451366e-05,9.06464092878806e-06,5.674999797046111e-05,4.055913163459343e-07,5.8094241664838683e-05,4.436465196126521e-07
-0.07010000822927374,6.088336862494739e-05,7.94363757434953e-06,6.027054588587706e-05,7.549858533765352e-06,6.046191162258685e-05,4.2145700236057313e-07,5.988232729098546e-05,3.882185948915575e-07
-0.07000000823179975,5.3706847124336055e-05,9.183260446578682e-06,5.459665468387012e-05,8.41670371816343e-06,5.3241153192826447e-05,4.656939315096008e-07,5.4136289557203774e-05,4.603651266663445e-07
-0.06990000823432575,5.5316191657527926e-05,1.082009450703458e-05,5.169569678499586e-05,9.973128139242734e-06,5.453314726678502e-05,7.830443907429077e-07,5.11370110708557e-05,5.586857141401531e-07
-0.06980000823685174,5.534407069970181e-05,1.1448806117986625e-05,5.380578856788328e-05,8.99850335467644e-06,5.454882294179345e-05,7.952477579083824e-07,5.328259025556386e-05,5.231983123194292e-07
-0.06970000823937775,5.436551662419658e-05,1.0908602445372105e-05,5.575509530937257e-05,6.025304061602924e-06,5.3620993532135664e-05,7.445230920609202e-07,5.53811382999947e-05,3.739570093778724e-07
-0.06960000824190375,5.356329981425895e-05,1.2463767954445179e-05,5.227643383806708e-05,8.531887680145296e-06,5.274637471455113e-05,8.169250997078347e-07,5.1865361804404225e-05,4.1107203366286877e-07
-0.06950000824442976,5.2972247692913374e-05,9.842995434437508e-06,5.065875793637835e-05,6.168234597346588e-06,5.230097784206377e-05,6.712698508495954e-07,5.012756314868525e-05,5.311947876930976e-07
-0.06940000824695575,5.661460701733632e-05,6.929464330751109e-06,5.461590653958882e-05,7.93806698914054e-06,5.63619521257815e-05,2.526548915548127e-07,5.427232560543194e-05,3.43580934156877e-07
-0.06930000824948175,5.534113291223249e-05,1.0389988383507375e-05,5.026014417953221e-05,8.028934251738515e-06,5.451729141162307e-05,8.238415006094248e-07,4.949250690405178e-05,7.676372754804098e-07
-0.06920000825200776,5.7699464510353844e-05,7.39660761619372e-06,5.6351774879879774e-05,6.496361192809852e-06,5.72194987637822e-05,4.79965746571636e-07,5.604474121680624e-05,3.0703366307352226e-07
-0.06910000825453375,5.9424595106543416e-05,1.276696598143935e-05,5.741098410187676e-05,7.320885946304589e-06,5.862665167716691e-05,7.979434293765298e-07,5.677968283994334e-05,6.313012619334005e-07
-0.06900000825705975,5.81471810949508e-05,9.201153234014289e-06,5.347948673646493e-05,6.759889389981116e-06,5.768757502538525e-05,4.5960606956554215e-07,5.296208160084723e-05,5.174051356176859e-07
-0.06890000825958575,5.795462765451591e-05,5.9543374200183574e-06,5.454217463459894e-05,8.530478293921926e-06,5.76645112819301e-05,2.901163725857687e-07,5.3937370677629727e-05,6.048039569692242e-07
-0.06880000826211174,5.403213853668956e-05,8.189940688662625e-06,5.2567943880956684e-05,1.057817875831475e-05,5.362531719864554e-05,4.068213380440445e-07,5.191995641022046e-05,6.479874707362201e-07
-0.06870000826463775,5.524150987521305e-05,1.1671367900233214e-05,5.11049994657173e-05,1.169521164012873e-05,5.451729141158246e-05,7.2421846363058e-07,5.03888960478051e-05,7.161034179122028e-07
-0.06860000826716375,5.55312892921335e-05,9.166465235170843e-06,4.900723496579876e-05,1.0860221614720584e-05,5.4949245765019553e-05,5.820435271139561e-07,4.833156028596336e-05,6.756746798354075e-07
-0.06850000826968974,5.965410767597549e-05,1.0662396268045012e-05,5.6904990689979646e-05,1.0534925372511798e-05,5.904287866221598e-05,6.112290137595049e-07,5.630445883834415e-05,6.005318516355138e-07
-0.06840000827221575,5.44210892319501e-05,1.1190973418868063e-05,5.1716607815958525e-05,8.157665362878048e-06,5.3619372567550625e-05,8.017166643994633e-07,5.130998339209899e-05,4.066244238595538e-07
-0.06830000827474175,5.554086619689924e-05,9.89826712074882e-06,5.782916264191188e-05,7.154516511765284e-06,5.497032684593574e-05,5.705393509634876e-07,5.736519462451452e-05,4.6396801739734437e-07
-0.06820000827726774,6.279030715126685e-05,8.807393525947596e-06,5.2280616484396295e-05,1.1456243972280956e-05,6.233036817654057e-05,4.5993897472626554e-07,5.1454848897341146e-05,8.257675870551359e-07
-0.06810000827979375,5.803642003892588e-05,7.70958245737885e-06,5.621490892599026e-05,1.2307462076301808e-05,5.766613426692847e-05,3.702857719973968e-07,5.546287694020547e-05,7.520319857847976e-07
-0.06800000828231975,5.8317259030508615e-05,1.0362057667877962e-05,5.8261796861421205e-05,1.1379368014850384e-05,5.769694302936561e-05,6.203160011429919e-07,5.7511258508140145e-05,7.505383532810724e-07
-0.06790000828484576,5.8308535526219444e-05,1.0545643034357632e-05,5.6867008761684225e-05,1.0132566615026092e-05,5.766180926164566e-05,6.467262645737995e-07,5.618103342992285e-05,6.85975331761381e-07
-0.06780000828737175,5.775991787010684e-05,9.538767370415897e-06,5.548163987625996e-05,9.771867396529255e-06,5.720562488992078e-05,5.542929801860543e-07,5.479865114255192e-05,6.829887337080852e-07
-0.06770000828989775,5.3750376581083156e-05,9.547120137327922e-06,5.516276567375106e-05,1.228695060798328e-05,5.3180614617997104e-05,5.697619630860724e-07,5.43777509039396e-05,7.850147698114535e-07
-0.06760000829242375,5.899726618629972e-05,1.1397315604661216e-05,5.673048052233032e-05,1.034316283611767e-05,5.8192240703194506e-05,8.050254831052082e-07,5.601681257790224e-05,7.136679444280704e-07
-0.06750000829494975,5.6844711583302346e-05,9.307271331388868e-06,5.614850008259175e-05,1.0580321494169145e-05,5.635528343799595e-05,4.894281453063602e-07,5.547393109186742e-05,6.745689907243091e-07
-0.06740000829747575,5.4971195791827276e-05,9.279518984090035e-06,5.884098172924229e-05,1.0113898231777926e-05,5.4574768885247886e-05,3.964269065794323e-07,5.824206792794623e-05,5.989138012960529e-07
-0.06730000830000175,5.5395657791848755e-05,1.3004678443162552e-05,5.76606432434015e-05,8.98566493281152e-06,5.453801279356904e-05,8.576449982797498e-07,5.715474220176008e-05,5.059010416414198e-07
-0.06720000830252774,5.663587214872373e-05,1.2107673154969733e-05,5.897026676326292e-05,1.4221502506647074e-05,5.5848512386583986e-05,7.873597621397581e-07,5.813027770223925e-05,8.399890610236607e-07
-0.06710000830505375,5.2617532147023774e-05,6.520606059591798e-06,5.766372208491646e-05,1.0860651169161614e-05,5.2300977192687334e-05,3.16554954336449e-07,5.6903029809795685e-05,7.606922751207511e-07
-0.06700000830757975,5.712692922884152e-05,1.1071649944104608e-05,5.311786573632407e-05,5.122628046755148e-06,5.640068951517328e-05,7.262397136682257e-07,5.284584267525281e-05,2.7202306107123866e-07
-0.06690000831010574,6.100550762639075e-05,1.0860063921811425e-05,5.463171263655137e-05,7.324467793554864e-06,6.044010842541255e-05,5.653992009782292e-07,5.422261444986171e-05,4.09098186689667e-07
-0.06680000831263175,5.708849520917634e-05,6.984966383127136e-06,5.591823549320411e-05,8.014175451690858e-06,5.677179841753e-05,3.1669679164633524e-07,5.548936540931559e-05,4.288700838885283e-07
-0.06670000831515775,5.685538038794984e-05,9.395250635386154e-06,5.2489047075706436e-05,8.26175269805962e-06,5.6299787944690334e-05,5.555924432594956e-07,5.201815524102358e-05,4.7089183468287694e-07
-0.06660000831768374,5.685566514690029e-05,9.200232458013554e-06,5.8114272613085615e-05,8.042171151957065e-06,5.6299788618800014e-05,5.558765281002763e-07,5.742141016381118e-05,6.928624492744385e-07
-0.06650000832020975,5.9946423279109325e-05,1.1493532596145914e-05,5.7798228832296046e-05,6.699925906057947e-06,5.904287659208435e-05,9.035466870249624e-07,5.7540943407345525e-05,2.572854249505149e-07
-0.06640000832273575,5.635946867850804e-05,1.0552284672680732e-05,5.778055589243253e-05,1.0723221142367892e-05,5.54833758094072e-05,8.760928691008418e-07,5.720519262657257e-05,5.753632658599535e-07
-0.06630000832526176,5.39504917198632e-05,7.090531298071602e-06,5.6064366799220064e-05,1.1122276824692122e-05,5.364243628689758e-05,3.0805543296560413e-07,5.543675215592062e-05,6.276146432994309e-07
-0.06620000832778775,5.645052509193289e-05,1.0066233148311934e-05,5.57867286722469e-05,1.1470729985698424e-05,5.5857159691246355e-05,5.933654006865405e-07,5.5183189084328303e-05,6.03539587918598e-07
-0.06610000833031375,5.880997819726723e-05,8.985493245247448e-06,5.048535906983107e-05,5.589761580586547e-06,5.812035018093377e-05,6.896280163334363e-07,5.017729286681747e-05,3.080662030136062e-07
-0.06600000833283975,5.387991958045595e-05,5.851096527561183e-06,5.344928063236866e-05,8.469814108753487e-06,5.323448783493323e-05,6.454317455227242e-07,5.277415237872385e-05,6.751282536447911e-07
-0.06590000833536575,6.004691691113373e-05,1.0667688052430431e-05,5.792277554308704e-05,1.0375330521189633e-05,5.9509568915336684e-05,5.37347995797046e-07,5.733540401476321e-05,5.873715283238187e-07
-0.06580000833789175,5.3930460003643365e-05,1.1948134032931489e-05,5.763614017119127e-05,1.2443977631073127e-05,5.317683214436661e-05,7.53627859276748e-07,5.6492386787442326e-05,1.1437533837489367e-06
-0.06570000834041775,5.444363324034018e-05,5.917637204860139e-06,5.540511279257976e-05,8.330726747456751e-06,5.406030687461744e-05,3.833263657227362e-07,5.4857750885548516e-05,5.47361907031229e-07
-0.06560000834294374,5.6496661938106564e-05,8.387707252425332e-06,5.567571112144604e-05,1.1513709468537443e-05,5.5857159693960886e-05,6.395022441456433e-07,5.501180493831321e-05,6.639061831328401e-07
-0.06550000834546975,5.3797649239907685e-05,1.0407717628616857e-05,5.2948523852593935e-05,8.623143849266309e-06,5.320656056136114e-05,5.910886785465249e-07,5.2334514720264726e-05,6.140091323292189e-07
-0.06540000834799575,5.2935970199317614e-05,1.241891895241424e-05,5.048139915766975e-05,1.0540864300639492e-05,5.231881438026007e-05,6.171558190575482e-07,4.958732367134714e-05,8.940754863225907e-07
-0.06530000835052174,5.4943103510150706e-05,1.2528488506416482e-05,5.6183782110013554e-05,5.88159548732618e-06,5.4061567476306136e-05,8.81536033844556e-07,5.590870584238525e-05,2.750762676282913e-07
-0.06520000835304775,5.7311821389304264e-05,1.080665854775138e-05,4.8297407174112374e-05,8.00480132307989e-06,5.677594323788006e-05,5.358781514241995e-07,4.767011882279008e-05,6.272883513222877e-07
-0.06510000835557375,6.340990345749847e-05,1.1555870821049688e-05,5.224788204351718e-05,9.937340060925069e-06,6.281427490717387e-05,5.956285503245787e-07,5.1326459267728106e-05,9.214227757890704e-07
-0.06500000835809974,5.7798964213927564e-05,3.571001933730463e-06,5.269234896654108e-05,7.032541559939563e-06,5.766811624951131e-05,1.3084796441627057e-07,5.236523269803226e-05,3.27116268508816e-07
-0.06490000836062575,5.221917608409247e-05,5.736289545389788e-06,5.4122382262557635e-05,1.0980856586576184e-05,5.196118139824074e-05,2.5799468585173144e-07,5.3430158447877535e-05,6.922238146800925e-07
-0.06480000836315175,6.0092839908315796e-05,1.483569013870516e-05,5.447136463769789e-05,1.0183064852412261e-05,5.906449890340096e-05,1.0283410049148172e-06,5.3949077994510916e-05,5.222866431869781e-07
-0.06470000836567776,5.1717476284204445e-05,1.016718263645968e-05,5.7066200155315775e-05,1.1152234577826457e-05,5.105352106487898e-05,6.639552193254614e-07,5.638283453390601e-05,6.833656214097697e-07
-0.06460000836820375,5.946020422346273e-05,1.195515710735922e-05,5.406759021227944e-05,6.575640133061494e-06,5.8638903243930635e-05,8.213009795320673e-07,5.382475741982918e-05,2.4283279245026967e-07
-0.06450000837072975,5.582139519067961e-05,9.57964539618316e-06,5.3565466466932924e-05,1.0501331350911292e-05,5.5422113880919125e-05,3.992813097605046e-07,5.2906923745451474e-05,6.585427214814257e-07
-0.06440000837325575,5.865976190012385e-05,1.0770100666093491e-05,5.5907866478936824e-05,9.330664158753863e-06,5.812034949637652e-05,5.394124037473188e-07,5.5281678856942856e-05,6.261876219939666e-07
-0.06430000837578174,5.754242526337314e-05,7.106811962213628e-06,5.1704678361227236e-05,6.5338031534576645e-06,5.7222923544164947e-05,3.195017192081959e-07,5.1434062239736764e-05,2.706161214904676e-07
-0.06420000837830775,5.339526102634383e-05,9.060453741746393e-06,5.856726632846945e-05,1.0137813916509006e-05,5.273916620428678e-05,6.560948220570503e-07,5.798976831536041e-05,5.774980131090287e-07
-0.06410000838083375,5.782923964809221e-05,1.0971632261203332e-05,4.758416034339031e-05,7.923969261107641e-06,5.7207788410423484e-05,6.214512376687155e-07,4.713715879253646e-05,4.470015508538146e-07
-0.06400000838335974,5.445667183212651e-05,6.896105073526809e-06,5.540899087330424e-05,5.207491759526827e-06,5.411706362778793e-05,3.396082043385744e-07,5.502810352921024e-05,3.8088734409400093e-07
-0.06390000838588575,5.7506954968362405e-05,8.063287114374633e-06,5.500999379839667e-05,1.0608500055429762e-05,5.720562421068386e-05,3.013307576785284e-07,5.428693944433638e-05,7.230543540602947e-07
-0.06380000838841175,5.4197337827724064e-05,6.968064472766638e-06,5.46633632133253e-05,1.1259509634413733e-05,5.3657030227080094e-05,5.403076006439775e-07,5.393736871746142e-05,7.259944958638745e-07
-0.06370000839093774,5.031078737310894e-05,9.277898425971947e-06,5.464171619822034e-05,9.554856996613294e-06,4.983105885994581e-05,4.797285131631319e-07,5.41615340226064e-05,4.801821756139283e-07
-0.06360000839346375,5.607393269531327e-05,9.651194066685415e-06,4.913029873962191e-05,9.622574790674017e-06,5.5402655758759586e-05,6.712769365537023e-07,4.857824241044802e-05,5.520563291738932e-07
-0.06350000839598975,5.56732048611725e-05,8.147854045085056e-06,5.0495344133759314e-05,7.414244476599063e-06,5.4950146000648157e-05,7.230588605243237e-07,5.008372065377169e-05,4.1162347998763263e-07
-0.06340000839851576,5.449536008868688e-05,8.690035971220216e-06,5.159065053735662e-05,1.1409331869452042e-05,5.406030555424956e-05,4.350545344373309e-07,5.079294581762643e-05,7.977047197301705e-07
-0.06330000840104175,5.6228434978167076e-05,4.882055206354086e-06,5.55845711354826e-05,1.3338904089892459e-05,5.591770157104302e-05,3.107334071240685e-07,5.4499370541915545e-05,1.0852005935670472e-06
-0.06320000840356775,5.938092580835322e-05,1.1493279818439927e-05,5.680394577124391e-05,1.0231692336695926e-05,5.8615840866825984e-05,7.650849415272323e-07,5.620499738829094e-05,5.989483829529692e-07
-0.06310000840609375,5.759358556061689e-05,8.545100900417994e-06,5.6332824895376156e-05,8.756085376926487e-06,5.7205626248499556e-05,3.8795931211731844e-07,5.5777431167070144e-05,5.553937283060007e-07
-0.06300000840861975,5.184983222806988e-05,8.832823797600449e-06,6.232181758873954e-05,1.2508251948035315e-05,5.1450766590941534e-05,3.990656371283377e-07,6.14808298028964e-05,8.409877858431556e-07
-0.06290000841114575,5.196595546868295e-05,7.019397208967602e-06,5.4609524480811854e-05,6.2825695120362735e-06,5.144734316881935e-05,5.186122998635926e-07,5.4141895060009815e-05,4.6762942080203816e-07
-0.06280000841367175,5.915679102845885e-05,1.0875864761691778e-05,5.431183686984685e-05,1.086904724472527e-05,5.8592055709925894e-05,5.647353185329301e-07,5.351232780752937e-05,7.995090623174735e-07
-0.06270000841619774,5.639965004073699e-05,9.251688037467825e-06,6.205441573019582e-05,7.392324450645182e-06,5.5857161032932144e-05,5.424890078048348e-07,6.169441160511431e-05,3.6000412508149513e-07
-0.06260000841872375,5.7515822786457606e-05,8.040610667512486e-06,5.741529767593798e-05,9.081407363951328e-06,5.72094086734881e-05,3.0641411296951284e-07,5.69418450048871e-05,4.734526710509062e-07
-0.06250000842124975,5.586184336270671e-05,6.965343821565399e-06,5.6022826487334314e-05,1.387911350842546e-05,5.5397790226127655e-05,4.640531365790552e-07,5.510882356803266e-05,9.14002919301654e-07
-0.06240000842377575,5.365625618458581e-05,8.692336249234078e-06,5.5607640307940877e-05,9.925014994950769e-06,5.321664999788852e-05,4.396061866972863e-07,5.5045351195704875e-05,5.622891122359984e-07
-0.06230000842630175,5.7754158075670497e-05,1.4549568658758975e-05,5.3006350236835146e-05,1.121962497292326e-05,5.680837499202795e-05,9.457830836425315e-07,5.219401108468929e-05,8.123391521458453e-07
-0.06220000842882775,5.920657629181537e-05,1.2578193482654024e-05,5.393521849290122e-05,7.347661795073888e-06,5.860232666655942e-05,6.042496252559388e-07,5.351232979979951e-05,4.228886931017106e-07
-0.06210000843135375,5.351489058929965e-05,1.0186762135734992e-05,5.200117792072443e-05,1.0228716126273395e-05,5.274204973883548e-05,7.72840850464188e-07,5.1185018496779336e-05,8.161594239451079e-07
-0.06200000843387975,6.187626504074022e-05,1.4414966391409451e-05,5.650257556109983e-05,5.3904374173427415e-06,6.091116628564598e-05,9.650987550942169e-07,5.620499804759867e-05,2.975775135011562e-07
-0.06190000843640575,5.799946010339327e-05,1.2243890544287437e-05,5.2831263416109234e-05,8.093980744390341e-06,5.726328322416764e-05,7.361768792256406e-07,5.239127017055052e-05,4.3999324555870016e-07
-0.06180000843893175,5.6768752606690845e-05,8.906576586781977e-06,5.779466023867095e-05,6.608400372442872e-06,5.629978861904744e-05,4.6896398764339193e-07,5.74204477145048e-05,3.742125241661389e-07
-0.061700008441457746,5.377877873332121e-05,9.01750494144211e-06,5.4329304915859815e-05,1.0766735379070404e-05,5.318061396375278e-05,5.98164769568437e-07,5.3498806457673755e-05,8.304984581860504e-07
-0.06160000844398375,5.3572805316611914e-05,7.968101408359826e-06,5.9140399181711414e-05,1.0037389861644707e-05,5.3180613963430256e-05,3.921913531816564e-07,5.867514187271184e-05,4.6525730899958946e-07
-0.06150000844650975,5.51872705596719e-05,8.98151187833258e-06,5.736154399362275e-05,8.943760034204735e-06,5.456107585647931e-05,6.261947031925828e-07,5.6729516981782116e-05,6.320270118406337e-07
-0.06140000844903575,5.7166114690182015e-05,7.294922231136304e-06,5.242112803281015e-05,8.70705097076545e-06,5.676801463467069e-05,3.981000555113037e-07,5.1834601436656844e-05,5.865265961532803e-07
-0.06130000845156175,5.247355667331454e-05,9.752399792065776e-06,5.0833842768896695e-05,1.0015908926683274e-05,5.186748641347249e-05,6.060702598420277e-07,5.029939631292226e-05,5.344464559744305e-07
-0.06120000845408775,5.5220242854363786e-05,6.756711744307585e-06,5.6752546027428595e-05,1.1244022374724765e-05,5.49492450993384e-05,2.709977550253896e-07,5.604481788461952e-05,7.077281428090906e-07
-0.06110000845661375,5.905726663062653e-05,9.941640123150494e-06,5.79758336027052e-05,8.387754100224903e-06,5.858935369373386e-05,4.679129368926793e-07,5.7511257835888435e-05,4.6457576681674436e-07
-0.06100000845913975,5.906404869997647e-05,9.142965773171095e-06,5.720681328323194e-05,4.804290623338557e-06,5.858503005736764e-05,4.790186426088021e-07,5.680580962606583e-05,4.010036571661238e-07
-0.060900008461665746,6.226568326328757e-05,8.268507982406037e-06,5.403950017518376e-05,1.1316153966672428e-05,6.185836823873665e-05,4.0731502455089495e-07,5.338619517504395e-05,6.533050001397777e-07
-0.06080000846419175,5.223266518520279e-05,1.0331727763603841e-05,5.715834994922907e-05,9.042500111168799e-06,5.157400917709343e-05,6.586560081093613e-07,5.6560763931324036e-05,5.975860179050254e-07
-0.06070000846671775,5.812679278784486e-05,8.204799052839215e-06,5.5908373132425044e-05,5.969330787896559e-06,5.766613290339383e-05,4.6065988445103917e-07,5.5570985674628145e-05,3.373874577968979e-07
-0.06060000846924375,5.87028632202902e-05,1.066464485501701e-05,5.334005525961719e-05,6.6448820629619466e-06,5.812179093800262e-05,5.810722822875587e-07,5.294944628160585e-05,3.9060897801131506e-07
-0.06050000847176975,5.947098768484526e-05,8.300169999814715e-06,5.576384626772957e-05,9.244634976473006e-06,5.904341713235552e-05,4.2757055248975927e-07,5.51953093743872e-05,5.685368933423862e-07
-0.06040000847429575,5.8307824058270754e-05,1.0248463662534476e-05,5.5197621798520815e-05,7.78715516111473e-06,5.775694303165146e-05,5.508810266193097e-07,5.460315629299948e-05,5.944655055213476e-07
-0.06030000847682175,5.813205684021298e-05,8.317560784585134e-06,5.688294311507675e-05,1.0058250229307355e-05,5.768757502534204e-05,4.444818148709366e-07,5.635635074697459e-05,5.265923681021615e-07
-0.06020000847934775,5.478765257776475e-05,6.051193438717198e-06,5.100813784782467e-05,1.3676481657025502e-05,5.455476954932615e-05,2.328830284385965e-07,5.0025342267673936e-05,9.827955801507392e-07
-0.060100008481873746,5.381216020496792e-05,7.85815147274125e-06,5.502088661871021e-05,7.329936137899033e-06,5.317899168699408e-05,6.33168517973837e-07,5.460331725144079e-05,4.175693672693912e-07
-0.06000000848439975,5.767537730222784e-05,9.726324732392338e-06,5.430476284061012e-05,8.27000535684765e-06,5.7209410711183305e-05,4.659665910445498e-07,5.38033166264457e-05,5.014462141644165e-07
-0.05990000848692575,5.925613229664363e-05,8.094783099416575e-06,5.437793567092849e-05,9.865103762119725e-06,5.870232804022505e-05,5.538042564185701e-07,5.3728003500530437e-05,6.499321703980632e-07
-0.05980000848945175,5.922028155685592e-05,1.1649268128666315e-05,5.68732240763443e-05,9.041542891768748e-06,5.858214717444979e-05,6.38134382406149e-07,5.613418857758445e-05,7.390354987598539e-07
-0.05970000849197775,5.5488471422438183e-05,1.0101282397717583e-05,5.768476141192336e-05,1.0185086060171718e-05,5.494924509915441e-05,5.392263232837741e-07,5.708689139712644e-05,5.978700147969142e-07
-0.059600008494503746,5.695865101532986e-05,9.956164377062064e-06,5.8768404382911804e-05,1.2506069216100113e-05,5.637636451670547e-05,5.82286498624376e-07,5.787535593996715e-05,8.930484429446746e-07
-0.05950000849702975,5.492795379864673e-05,9.175009658927378e-06,5.6676400306049875e-05,8.019287016336056e-06,5.450269814363803e-05,4.252556550086717e-07,5.625400704463708e-05,4.223932614128039e-07
-0.05940000849955575,5.913199246404551e-05,1.1256210475043964e-05,5.350183488969573e-05,9.435414110919213e-06,5.859854288298052e-05,5.334495810649862e-07,5.288620236503698e-05,6.15632524658755e-07
-0.059300008502081746,5.2214124022573744e-05,1.227309140725289e-05,5.356558104146739e-05,6.7866037092803986e-06,5.143725307738109e-05,7.76870945192667e-07,5.30553830613025e-05,5.101979801648761e-07
-0.05920000850460775,5.6174168362052775e-05,1.1224372549926099e-05,5.461250464370101e-05,1.105829474693345e-05,5.539779156289615e-05,7.763767991566412e-07,5.4031623480384574e-05,5.808811633164216e-07
-0.05910000850713375,5.309488472396227e-05,6.5876860189779185e-06,5.634041408791991e-05,5.854608148683766e-06,5.2739166856008446e-05,3.5571786795380595e-07,5.606662037004019e-05,2.7379371787970206e-07
-0.05900000850965975,6.006659547545879e-05,1.0290854872065318e-05,5.729148807279433e-05,1.4616393462214494e-05,5.952848852545734e-05,5.381069500014459e-07,5.624364749434386e-05,1.047840578450475e-06
-0.05890000851218575,5.500779959517376e-05,1.048669545889211e-05,5.007348258526989e-05,9.391140941772322e-06,5.450918330389507e-05,4.986162912786858e-07,4.954263959981161e-05,5.308429854582686e-07
-0.058800008514711746,5.520943337004437e-05,6.512152289147611e-06,5.408231746552618e-05,9.977079851679308e-06,5.4949246430745376e-05,2.601869392990122e-07,5.347556450714103e-05,6.067529583851316e-07
-0.05870000851723775,5.7012464341774506e-05,1.2757036588709998e-05,5.521556796737484e-05,1.2951096244759417e-05,5.6308435918858516e-05,7.040284229159927e-07,5.430061326393504e-05,9.14954703439803e-07
-0.05860000851976375,5.532351404868161e-05,7.86094354079445e-06,5.580373555470958e-05,9.19014219213691e-06,5.495735387280599e-05,3.6616017587561686e-07,5.534693869064478e-05,4.567968640647841e-07
-0.058500008522289745,5.872808778822848e-05,1.0480928090644897e-05,5.619506214212245e-05,1.002827461383524e-05,5.8128997459555486e-05,5.990903286729869e-07,5.526636287927391e-05,9.286992628484968e-07
-0.05840000852481575,5.830478691204061e-05,1.0267374403388314e-05,5.584516817579422e-05,5.360962362948683e-06,5.7666130857974e-05,6.386560540666061e-07,5.524071546572745e-05,6.044527100667461e-07
-0.05830000852734175,6.005701711140647e-05,9.068459921671606e-06,5.295809997880489e-05,9.199694430271466e-06,5.9552811462854195e-05,5.04205648552272e-07,5.239127081355518e-05,5.668291652497042e-07
-0.05820000852986775,6.046993097518791e-05,9.958192089168802e-06,5.261432134899051e-05,6.450487248214533e-06,5.9973210300372714e-05,4.967206748152153e-07,5.2194011089099496e-05,4.203102598909992e-07
-0.05810000853239375,6.38998717042842e-05,1.0978980515219943e-05,5.238907901162172e-05,6.281648640480412e-06,6.328468589167944e-05,6.151858126047834e-07,5.212595407817064e-05,2.631249334510934e-07
-0.058000008534919746,5.608142386675244e-05,1.0381812404424463e-05,5.6184458249917677e-05,6.801592390853601e-06,5.541418729153898e-05,6.672365752134747e-07,5.5550757870048465e-05,6.337003798692297e-07
-0.05790000853744575,5.687576941000031e-05,1.0648533189907945e-05,5.358485957743268e-05,9.368088297896454e-06,5.631150100377405e-05,5.642684062262453e-07,5.297124742068089e-05,6.13612156751801e-07
-0.05780000853997175,5.666922626037336e-05,8.323303491228493e-06,5.565312937690257e-05,1.024851873967412e-05,5.62970845684637e-05,3.7214169190966335e-07,5.506774250415347e-05,5.8538687274911e-07
-0.057700008542497745,5.5531999185815014e-05,1.0455759547545326e-05,5.1476491425919536e-05,5.648178200576314e-06,5.5052308823490036e-05,4.796903623249898e-07,5.1024859788523416e-05,4.5163163739613236e-07
-0.05760000854502375,5.526694905461372e-05,6.109407272945571e-06,5.654505475579631e-05,1.1655856335171655e-05,5.494924643060974e-05,3.1770262400399337e-07,5.582878186631868e-05,7.162728894776224e-07
-0.05750000854754975,5.874985279122833e-05,1.1093639894689831e-05,5.183734642811485e-05,8.970201360582632e-06,5.816071053656714e-05,5.891422546611651e-07,5.1451900701481924e-05,3.854457266329368e-07
-0.05740000855007575,5.169684863889875e-05,1.0962301796017614e-05,5.138166828191792e-05,1.3052334015050474e-05,5.100307062004229e-05,6.937780188564512e-07,5.013358009607122e-05,1.2480881858466954e-06
-0.05730000855260175,5.2612438789606446e-05,1.0070003652519427e-05,5.1811578727566204e-05,1.0217286112306363e-05,5.186586608565037e-05,7.465727039560941e-07,5.117809087652334e-05,6.334878510428925e-07
-0.057200008555127746,5.765000942640027e-05,9.525305906591116e-06,5.347815548530088e-05,1.1537397258723679e-05,5.721373435606594e-05,4.3627507033433613e-07,5.269901919232689e-05,7.791362929740034e-07
-0.05710000855765375,5.6009776311652554e-05,1.1095608570936674e-05,5.523588543108832e-05,7.80947787798545e-06,5.541418595272364e-05,5.955903589289362e-07,5.4740994129030006e-05,4.948913020583237e-07
-0.05700000856017975,5.375397881256354e-05,9.357905205174605e-06,5.3088398497334e-05,9.958080445386514e-06,5.317628898444053e-05,5.77689828123002e-07,5.2247127326735584e-05,8.412711705984137e-07
-0.05690000856270575,5.589088504203921e-05,1.2855650897957843e-05,5.1226359247581926e-05,7.53862181581086e-06,5.4994650502768875e-05,8.962345392703355e-07,5.077150501312638e-05,4.548542344555438e-07
-0.05680000856523175,5.6231373287784714e-05,8.025018630320438e-06,5.6615593260309245e-05,1.1291222913922429e-05,5.585445900254939e-05,3.769142852353233e-07,5.590870650306972e-05,7.068867572395254e-07
-0.05670000856775775,5.521334701530631e-05,1.0482117734308599e-05,5.100791460046681e-05,7.072765753011193e-06,5.4503417538622095e-05,7.09929476684228e-07,5.070934222546392e-05,2.985723750028878e-07
-0.05660000857028375,5.919325301895613e-05,1.0912167359764842e-05,5.7947272301471586e-05,9.508804872817232e-06,5.8580524178404775e-05,6.127288405513723e-07,5.7393121213745256e-05,5.54151087726309e-07
-0.05650000857280975,5.7500556472068086e-05,5.93328534859513e-06,5.7382298059122346e-05,7.61434178781547e-06,5.7284363626585395e-05,2.1619284548269054e-07,5.68322961260683e-05,5.500019330540667e-07
-0.056400008575335746,5.3453319858579616e-05,6.610383359995582e-06,5.829908333111367e-05,1.0399528404032023e-05,5.317773239020374e-05,2.755874683758778e-07,5.7711030941276305e-05,5.880523898373608e-07
-0.05630000857786175,5.5531571854467406e-05,9.212039161808859e-06,5.917972734145055e-05,6.353940390984695e-06,5.495140659522314e-05,5.801652592442612e-07,5.862629405044081e-05,5.534332910097223e-07
-0.05620000858038775,5.470024213655458e-05,1.153768867715035e-05,6.31979991837306e-05,1.0915669589324635e-05,5.408463053772961e-05,6.156115988249697e-07,6.265428985447934e-05,5.437093292512787e-07
-0.05610000858291375,6.079522158384288e-05,8.352471098898644e-06,5.578020475855179e-05,9.464788400297657e-06,6.045812714080282e-05,3.370944430400328e-07,5.517314722992559e-05,6.070575286262254e-07
-0.05600000858543975,5.6054680794677044e-05,1.0713159388925499e-05,5.3683958015258365e-05,9.402231120680053e-06,5.540499810185893e-05,6.496826928181095e-07,5.313394945154401e-05,5.500085637143304e-07
-0.05590000858796575,5.5758174951720405e-05,8.99204551260803e-06,5.294460252452401e-05,7.536361576331141e-06,5.497447165404455e-05,7.837032976758692e-07,5.249352228050163e-05,4.510802440223754e-07
-0.05580000859049175,5.957774895568923e-05,1.2049237063279993e-05,5.929407631524439e-05,8.058507410168544e-06,5.873205776316776e-05,8.456911925214942e-07,5.890288957737824e-05,3.9118673786614923e-07
-0.05570000859301775,5.8792217333501146e-05,5.523977626462946e-06,5.505045774431602e-05,8.631647574981012e-06,5.858935506840906e-05,2.028622650920681e-07,5.456481069289288e-05,4.856470514231342e-07
-0.055600008595543746,5.9368739256604626e-05,1.17868716466586e-05,5.796320454688696e-05,8.937944816857307e-06,5.858503005642856e-05,7.837092001760777e-07,5.7479067171519496e-05,4.841373753674756e-07
-0.05550000859806975,5.580800285837617e-05,1.3070516552640131e-05,5.224939174650288e-05,7.632199448725652e-06,5.494852504437233e-05,8.594778140038415e-07,5.158685630558316e-05,6.625354409197275e-07
-0.05540000860059575,5.355668716719391e-05,3.673765491681001e-06,5.326274737774132e-05,9.167561542956585e-06,5.328872206161782e-05,2.6796510557607697e-07,5.2674694882806905e-05,5.880524949344219e-07
-0.05530000860312175,5.774213984277891e-05,6.124904792986119e-06,6.010496554913485e-05,1.0419285317461346e-05,5.721949876375538e-05,5.226410790235496e-07,5.9567191478376754e-05,5.377740707581044e-07
-0.05520000860564775,5.2619120057088625e-05,1.1897820230349375e-05,5.1213789876849805e-05,1.0471073926922538e-05,5.186604432551368e-05,7.530757315749265e-07,5.047745034312086e-05,7.363395337289618e-07
-0.055100008608173746,5.720840873735711e-05,9.361324000973133e-06,5.5184784906977486e-05,1.066130860370393e-05,5.678044774305793e-05,4.279609942991805e-07,5.460372961372536e-05,5.810552932521299e-07
-0.05500000861069975,5.3791675289100416e-05,9.491564081660438e-06,5.866026866469397e-05,8.345400717094088e-06,5.3176830179927787e-05,6.148451091726182e-07,5.8206674087273215e-05,4.5359457742074933e-07
-0.05490000861322575,5.7344963101045684e-05,1.1341980969386612e-05,5.787894509675391e-05,9.815696467704313e-06,5.675648310322106e-05,5.884799978246363e-07,5.7283571005985164e-05,5.953740907687348e-07
-0.054800008615751745,4.827817186125336e-05,9.105662601115294e-06,5.706295242258769e-05,6.056810979510247e-06,4.761660597403512e-05,6.615658872182415e-07,5.665445761607269e-05,4.084948065150104e-07
-0.05470000861827775,5.918396076014218e-05,1.0508440686113611e-05,5.681599048491333e-05,9.256695016062828e-06,5.859511945909952e-05,5.888413010426789e-07,5.633022262656102e-05,4.857678583523233e-07
-0.05460000862080375,5.690516511479037e-05,1.1538519209048912e-05,5.5725767817799385e-05,1.2072891998849125e-05,5.6298526683908755e-05,6.066384308816141e-07,5.50281015330409e-05,6.976662847584836e-07
-0.05450000862332975,5.601864483676304e-05,1.0411281018422292e-05,5.784098394415571e-05,9.608743163630115e-06,5.541076386694391e-05,6.078809698191446e-07,5.7356124057798334e-05,4.848598863574134e-07
-0.05440000862585575,5.708308986149532e-05,7.030584038219596e-06,5.2731312378103196e-05,6.692544306348574e-06,5.676801463469159e-05,3.150752268037249e-07,5.2451270159822515e-05,2.8004221828066274e-07
-0.054300008628381746,5.804168134252055e-05,7.126442940765668e-06,5.887219954907082e-05,1.1068254838432845e-05,5.766811420416427e-05,3.735671383562945e-07,5.816508634414839e-05,7.0711320492244e-07
-0.05420000863090775,5.882277312235815e-05,1.2113940793845267e-05,5.329448418792273e-05,9.120603015795852e-06,5.815061702677373e-05,6.721560955844532e-07,5.286584073336416e-05,4.2864345455855866e-07
-0.05410000863343375,5.33800663199381e-05,1.3491465018374549e-05,5.947043003072032e-05,1.1351583597875067e-05,5.232674295730601e-05,1.0533233626320983e-06,5.883530370101859e-05,6.351263297017238e-07
-0.054000008635959745,5.596236443110711e-05,9.968656446144023e-06,5.292813527266947e-05,7.882131593990596e-06,5.540265709512578e-05,5.597073359813277e-07,5.25145140343814e-05,4.1362123828806644e-07
-0.05390000863848575,5.3137772715998734e-05,1.2313589733000242e-05,5.7824323781116787e-05,8.838672077701794e-06,5.2346923134450246e-05,7.908495815484699e-07,5.7337625715898654e-05,4.86698065218147e-07
-0.05380000864101175,5.349309947250772e-05,7.180537013917289e-06,5.536413108143701e-05,9.73559502568397e-06,5.318493763268022e-05,3.0816183982750347e-07,5.4820535298664024e-05,5.435957827729694e-07
-0.05370000864353775,5.5265502602273324e-05,1.2912404321166628e-05,5.5663169110627945e-05,5.953013633153838e-06,5.4502698143660295e-05,7.628044586130176e-07,5.521183833876625e-05,4.513307718616991e-07
-0.05360000864606375,5.426362117530157e-05,9.916309595219896e-06,5.303823134333937e-05,1.0700226470811816e-05,5.365702890993076e-05,6.065922653708254e-07,5.2471991526249194e-05,5.662398170901764e-07
-0.053500008648589746,5.649433835623795e-05,1.0967861868458146e-05,5.611130946898386e-05,8.845832002476323e-06,5.584635089543437e-05,6.479874608035736e-07,5.5570984374613463e-05,5.403250943704023e-07
-0.05340000865111575,5.546794224161627e-05,8.722488814722995e-06,5.466163474119899e-05,5.744452076756901e-06,5.500059711294121e-05,4.673451286750501e-07,5.437775090818664e-05,2.838838330123308e-07
-0.05330000865364175,5.5118633407886e-05,4.789075729053293e-06,5.181243124664172e-05,1.2044104736946853e-05,5.495501219622275e-05,1.6362121166325446e-07,5.10224158436453e-05,7.900154029964347e-07
-0.053200008656167745,5.647826200052857e-05,1.1386484668389102e-05,5.2326317743862004e-05,6.865697517404588e-06,5.584580834148577e-05,6.324536590427922e-07,5.197779551906361e-05,3.485222247983684e-07
-0.05310000865869375,6.019039433855583e-05,1.21621205778457e-05,5.9640040055302755e-05,7.979620428247729e-06,5.951118984416512e-05,6.792044943907222e-07,5.92163854625022e-05,4.2365459280055047e-07
-0.05300000866121975,5.704821861766158e-05,1.2188123617278498e-05,5.645760123436321e-05,1.1915029672532623e-05,5.629690640980454e-05,7.513122078570487e-07,5.580636283924359e-05,6.512383951196202e-07
-0.05290000866374575,5.6351002216104724e-05,9.28875502153763e-06,5.568110692881935e-05,9.650847834071447e-06,5.586743197540197e-05,4.835702407027661e-07,5.5195310733595534e-05,4.85796195223807e-07
-0.05280000866627175,5.4275285154846755e-05,1.1068988411725242e-05,5.8746498163090636e-05,1.0587079108207144e-05,5.3695949139836584e-05,5.793360150101718e-07,5.8062742634062576e-05,6.837555290280394e-07
-0.052700008668797746,5.5610284574285744e-05,8.056587715743516e-06,5.696138699903895e-05,9.052921948728624e-06,5.495140792714996e-05,6.588766471357695e-07,5.63328373495076e-05,6.28549649531351e-07
-0.05260000867132375,5.873295060530145e-05,1.2008626811455585e-05,5.252423064812004e-05,6.672567997377457e-06,5.767315856559499e-05,1.0597920397064892e-06,5.219401043190422e-05,3.3022021621580556e-07
-0.05250000867384975,5.892979146145649e-05,1.3954984195593354e-05,5.618725962253572e-05,5.3822252576054426e-06,5.812305151408671e-05,8.067399473697534e-07,5.588337578303834e-05,3.0388383949738907e-07
-0.052400008676375745,5.7400676121352617e-05,1.1021318555843562e-05,4.9686929359099225e-05,1.0198868054962219e-05,5.6780446390917816e-05,6.202297304348005e-07,4.8957910445986274e-05,7.290189131129644e-07
-0.05230000867890175,5.596525602403783e-05,8.81995534761087e-06,5.432344739971974e-05,6.266462283756434e-06,5.541418662108787e-05,5.510694029499528e-07,5.405899294801494e-05,2.6445445170480904e-07
-0.05220000868142775,5.4487586327280905e-05,7.539621905213738e-06,5.6397245208014594e-05,8.401336223336539e-06,5.4067514081704393e-05,4.2007224557649234e-07,5.575735315327401e-05,6.398920547405973e-07
-0.05210000868395375,5.6641943437549467e-05,1.0734395697443435e-05,5.4305331501164595e-05,9.318471820201794e-06,5.5863647520031304e-05,7.782959175181611e-07,5.3761515485656435e-05,5.438160155081628e-07
-0.05200000868647975,5.6536701534026314e-05,5.825875658710513e-06,5.4734399494920524e-05,6.873835296944673e-06,5.6314923079433904e-05,2.217784545923973e-07,5.438764092552644e-05,3.467585693940832e-07
-0.051900008689005746,5.713410831542447e-05,8.562816877224577e-06,5.80093852955814e-05,1.0826253352298218e-05,5.676152814794417e-05,3.7258016748028583e-07,5.745005814225528e-05,5.593271533261184e-07
-0.05180000869153175,5.575193419776026e-05,7.031237958822442e-06,5.7289997237002814e-05,6.110532292892945e-06,5.5396889993671814e-05,3.550442040884666e-07,5.698951830518564e-05,3.0047893181716174e-07
-0.05170000869405775,6.374695574828762e-05,7.73659952334435e-06,5.283733469215641e-05,6.12754860415847e-06,6.33300884385184e-05,4.168673097692194e-07,5.251451339569508e-05,3.228212964613427e-07
-0.051600008696583745,5.4702853433619536e-05,9.013039579087422e-06,5.2414712993143574e-05,6.278842160326313e-06,5.406156879655029e-05,6.412846370692547e-07,5.203142478997615e-05,3.8328820316743785e-07
-0.05150000869910975,5.909842422797131e-05,9.586721883654632e-06,5.275765770980942e-05,8.579269091715179e-06,5.8583407748219464e-05,5.150164797518274e-07,5.208139846937949e-05,6.762592404299237e-07
-0.05140000870163575,5.8616020977660556e-05,1.4894910360468275e-05,6.040668999713682e-05,9.322520158649743e-06,5.766162839946589e-05,9.543925781946534e-07,5.985152451003609e-05,5.551654871006946e-07
-0.05130000870416175,5.615155300215423e-05,1.0133191500715433e-05,5.257885321553704e-05,7.748389101508046e-06,5.540067444595279e-05,7.508785562014535e-07,5.224157863641909e-05,3.3727457911792175e-07
-0.05120000870668775,5.2998325487504485e-05,1.0733967604183667e-05,4.961249904285119e-05,1.0984453790472022e-05,5.23312487587703e-05,6.670767287341703e-07,4.868471402413277e-05,9.277850187184107e-07
-0.051100008709213746,5.306389833802902e-05,1.171369403661066e-05,5.1986399472533936e-05,1.3010488482029668e-05,5.231539095704112e-05,7.485073809879061e-07,5.117809278848126e-05,8.083066840526936e-07
-0.05100000871173975,5.1904836857216265e-05,7.325576969852522e-06,4.85704457459046e-05,6.844037769051692e-06,5.152806453031896e-05,3.767723268973192e-07,4.810363297588441e-05,4.6681277002017884e-07
-0.05090000871426575,6.138930725096862e-05,1.0240479220169684e-05,5.682817629818581e-05,9.240270699086873e-06,6.091242614463657e-05,4.768811063320217e-07,5.6204996715389706e-05,6.231795827961187e-07
-0.05080000871679175,5.507333035828338e-05,8.241461677578144e-06,5.605836537155132e-05,7.3157404778616335e-06,5.45172914128268e-05,5.560389454565781e-07,5.561897546897346e-05,4.39389902577866e-07
-0.05070000871931775,5.355185038054021e-05,5.366714884347006e-06,5.3295020398525124e-05,9.290009202037592e-06,5.3176830834403047e-05,3.750195461371613e-07,5.270410111688394e-05,5.909192816411875e-07
-0.050600008721843746,5.308824688585497e-05,8.031234072728446e-06,5.145978565755512e-05,9.495973004469227e-06,5.2789618608922515e-05,2.986282769324587e-07,5.083691042783525e-05,6.228752297198516e-07
-0.05050000872436975,5.7422013864660586e-05,1.0684016978084464e-05,5.482163795636612e-05,1.1747398186725023e-05,5.6751617562263994e-05,6.703963023965911e-07,5.4084395747073505e-05,7.372422092926451e-07
-0.05040000872689575,5.3180873373829355e-05,1.2223169912316459e-05,6.0436344648231336e-05,7.159906036186315e-06,5.230151708390936e-05,8.793562899199837e-07,5.997533326460095e-05,4.610113836303897e-07
-0.050300008729421745,5.491159417376232e-05,8.883086382952501e-06,5.521744086847257e-05,7.792227465958215e-06,5.451152564615079e-05,4.0006852761149777e-07,5.474099341310285e-05,4.7644745536972426e-07
-0.05020000873194775,5.4735258325566826e-05,5.665239965666641e-06,5.91249915573226e-05,8.39006917544795e-06,5.4505580363173664e-05,2.296779623931597e-07,5.867514252438601e-05,4.498490329365929e-07
-0.05010000873447375,5.5683039698436746e-05,6.313603602867192e-06,5.4893160590130635e-05,1.102963865442846e-05,5.5396889993648856e-05,2.861497047878849e-07,5.430910161776609e-05,5.840589723645385e-07
-0.05000000873699975,5.268808633418832e-05,7.297180193454809e-06,5.4636819034501946e-05,6.379110899217518e-06,5.230151773335898e-05,3.8656860082934907e-07,5.416277675641061e-05,4.74042278091329e-07
-0.04990000873952575,5.501970170542961e-05,8.688102505049815e-06,5.284011318102329e-05,7.499866776812654e-06,5.450720065872231e-05,5.125010467073116e-07,5.247346924790147e-05,3.666439331218245e-07
-0.049800008742051746,5.336283010601194e-05,8.935866363221318e-06,5.158007071666637e-05,5.786638237084419e-06,5.273772606712347e-05,6.251040388884733e-07,5.128973854859831e-05,2.9033216806806255e-07
-0.04970000874457775,5.2083401233196986e-05,1.056171369802529e-05,5.3012935345275516e-05,3.572845202392874e-06,5.145455101785667e-05,6.288502153402946e-07,5.288620303733614e-05,1.2673230793939186e-07
-0.04960000874710375,5.3671549138386166e-05,1.2685428761955737e-05,5.286243517749217e-05,5.773402597206503e-06,5.2739166856236873e-05,9.323822821492775e-07,5.25748510543414e-05,2.875841231507601e-07
-0.049500008749629745,5.5895128357868055e-05,9.288855705615335e-06,5.457367300747014e-05,9.981863650973091e-06,5.540067377724816e-05,4.944545806198753e-07,5.40145063673434e-05,5.591666401267555e-07
-0.04940000875215575,5.466805048493326e-05,8.24330785632163e-06,5.400854013801652e-05,7.302400773849918e-06,5.406318975823948e-05,6.048607266937768e-07,5.3343671333906164e-05,6.648688041103521e-07
-0.04930000875468175,5.5653146611537395e-05,1.0764884502232786e-05,5.599975702286524e-05,9.276794424619711e-06,5.502798516594987e-05,6.251614455875182e-07,5.551356937593398e-05,4.86187646931247e-07
-0.04920000875720775,5.737640301252023e-05,9.93836529886397e-06,5.2840540497001704e-05,7.78198996837941e-06,5.6808376347441975e-05,5.680266650782446e-07,5.2315632681671975e-05,5.249078153297334e-07
-0.04910000875973375,5.6482392271319206e-05,9.11018457305076e-06,6.0397693408807435e-05,1.293738698299815e-05,5.586364886294087e-05,6.187434083783391e-07,5.9547377114423725e-05,8.503162943837207e-07
-0.049000008762259746,5.6226917072065985e-05,5.78901017695748e-06,5.418279234589705e-05,9.86153595785786e-06,5.5867431304378035e-05,3.5948576768795036e-07,5.3570699609376545e-05,6.120927365204867e-07
-0.04890000876478575,5.789476976263869e-05,8.640737960481518e-06,5.7002019248873424e-05,9.872637545095157e-06,5.7300220157986836e-05,5.945496046518801e-07,5.649427746022208e-05,5.07741788651322e-07
-0.04880000876731175,5.1580114168455306e-05,9.452204506458207e-06,5.367191479423156e-05,1.0577488088503991e-05,5.1066494679505626e-05,5.136194889496893e-07,5.297124807834953e-05,7.006667158820513e-07
-0.048700008769837745,5.435745672983064e-05,9.824778732101247e-06,5.602624342859886e-05,1.1641649056550375e-05,5.3638290169589756e-05,7.191665602408944e-07,5.5311525583366616e-05,7.147178452322412e-07
-0.04860000877236375,6.047932040707818e-05,7.3424685049205026e-06,5.536103555834214e-05,6.756088185029292e-06,5.999050620542186e-05,4.888142016563278e-07,5.509940723776643e-05,2.616283205757164e-07
-0.04850000877488975,5.399698212951243e-05,1.1425126305025864e-05,5.4239864183192326e-05,7.445981958132519e-06,5.3190703398250565e-05,8.062787312618519e-07,5.372800478744758e-05,5.118593957447348e-07
-0.04840000877741575,5.0199173103174364e-05,6.5351880163101295e-06,5.340687412559466e-05,9.021809568906191e-06,4.9729977150662906e-05,4.6919595251146944e-07,5.289220921975357e-05,5.146649058410728e-07
-0.04830000877994175,5.2313720426207885e-05,7.359064520197488e-06,5.2146830337703405e-05,7.452903449760196e-06,5.188045938674751e-05,4.332610394603657e-07,5.17394682533363e-05,4.0736208436709816e-07
-0.048200008782467746,5.39192924354433e-05,5.552676270914308e-06,5.6420853864125644e-05,1.0391899720359372e-05,5.36209941896535e-05,2.9829824578980793e-07,5.585681192727591e-05,5.640419368497527e-07
-0.04810000878499375,5.866929493353089e-05,8.442886554811436e-06,5.1947779583944826e-05,6.330245467932493e-06,5.813476390961977e-05,5.34531023911109e-07,5.156649466343509e-05,3.8128492050971583e-07
-0.04800000878751975,5.8813864222388755e-05,8.920541451017061e-06,5.8443749897062736e-05,7.786882082576238e-06,5.8199628081903947e-05,6.14236140484805e-07,5.7942921462097396e-05,5.008284349653458e-07
-0.047900008790045745,5.436784164018426e-05,8.932088790934603e-06,5.1585601540262956e-05,5.54970087489862e-06,5.371180368434234e-05,6.560379558419327e-07,5.130998467363088e-05,2.756168666320942e-07
-0.04780000879257175,5.995158813220181e-05,1.319412820255782e-05,5.5035760124205106e-05,8.025160858631611e-06,5.904287590189008e-05,9.087122303117122e-07,5.460373027763615e-05,4.320298465689655e-07
-0.04770000879509775,5.369475931845275e-05,6.8809570359014565e-06,5.721987792356916e-05,9.775672850004056e-06,5.3177730425816066e-05,5.170288926366874e-07,5.660770007092171e-05,6.121778526474304e-07
-0.04760000879762375,5.9045887922735434e-05,8.592175118975805e-06,6.004910945982849e-05,1.1201814776419827e-05,5.858214648727982e-05,4.6374143545557917e-07,5.929565994777225e-05,7.534495120562093e-07
-0.04750000880014975,5.469204323432448e-05,9.068859633553033e-06,5.7392584085796895e-05,9.48019525869789e-06,5.4059407294517806e-05,6.326359398066743e-07,5.6805808959921866e-05,5.867751258750408e-07
-0.047400008802675746,4.977964751743662e-05,9.437097600248456e-06,6.096081173454901e-05,8.154096353709064e-06,4.8872189815307714e-05,9.074577021289124e-07,6.060290151229514e-05,3.5791022225383165e-07
-0.04730000880520175,5.461717344420457e-05,7.504762858370248e-06,6.010632343028547e-05,1.0490385162843013e-05,5.4067513421394953e-05,5.49660022809614e-07,5.921638410904268e-05,8.899393212427405e-07
-0.04720000880772775,5.350573883212594e-05,9.391952832682967e-06,4.9300885952892794e-05,8.091398715224361e-06,5.2740427465405236e-05,7.653113667207208e-07,4.8798588522953396e-05,5.02297429939398e-07
-0.047100008810253745,5.7450843260512626e-05,1.1031198628300524e-05,5.68095918603483e-05,8.284960573146348e-06,5.675017679757751e-05,7.00666462935088e-07,5.6356349395447315e-05,4.53242464901014e-07
-0.04700000881277975,5.494476473898344e-05,1.2289905490016554e-05,6.0924490240085575e-05,7.494706761250854e-06,5.405886609370507e-05,8.858986452783572e-07,6.054740460300827e-05,3.770856370772921e-07
-0.046900008815305747,5.644801539627614e-05,8.711851126456942e-06,5.672265216515694e-05,1.4230305192738651e-05,5.584581035478652e-05,6.022050414896148e-07,5.570978627159817e-05,1.0128658935587602e-06
-0.04680000881783175,5.360537967541673e-05,8.256458408005286e-06,5.6803901091178946e-05,6.407979103167945e-06,5.31777310807039e-05,4.276485947128295e-07,5.6436888620527774e-05,3.6701247065118153e-07
-0.04670000882035775,5.12500557373599e-05,5.0339671708853e-06,4.670664810105023e-05,6.1951968478723394e-06,5.100595350249564e-05,2.441022348642629e-07,4.633236179518369e-05,3.742863058665401e-07
-0.046600008822883746,5.382117008956815e-05,7.862245483695448e-06,4.6906532958379985e-05,7.742447658470134e-06,5.318061396239494e-05,6.405561271732039e-07,4.634466957188075e-05,5.618633864992361e-07
-0.04650000882540975,5.28772762712959e-05,6.952533799724812e-06,5.271207217547276e-05,9.70352122251809e-06,5.230097784237275e-05,5.762984289231473e-07,5.190973853839112e-05,8.023336370816469e-07
-0.04640000882793575,5.87314795395044e-05,1.4391349550505047e-05,5.1158174149596355e-05,7.801019003121842e-06,5.766451264569654e-05,1.0669668938078433e-06,5.057690978542131e-05,5.812643641750495e-07
-0.046300008830461745,5.824521513271086e-05,1.2502622715780272e-05,5.577146378215337e-05,9.967864453882857e-06,5.7207787731142864e-05,1.0374274015680063e-06,5.507219937669677e-05,6.992644054566073e-07
-0.04620000883298775,5.3559482863657146e-05,6.4533033520629345e-06,6.148368840191258e-05,1.471019287869327e-05,5.317683018007893e-05,3.8265268357822455e-07,6.0224858526595266e-05,1.2588298753173182e-06
-0.046100008835513746,5.436134438313791e-05,1.0336160511586587e-05,5.167251271714564e-05,6.303715213522145e-06,5.361810999153309e-05,7.432343916048278e-07,5.130998340495133e-05,3.6252931219429787e-07
-0.04600000883803975,5.7699465956828885e-05,7.8355901025344e-06,5.256389771865409e-05,9.450128869621701e-06,5.725697759625319e-05,4.4248836057567797e-07,5.1859287439479004e-05,7.046102791750844e-07
-0.04590000884056575,5.233467729496212e-05,9.448348476884969e-06,5.6036317675258214e-05,6.6034900157262175e-06,5.189181203043826e-05,4.4286526452387677e-07,5.5709786267251954e-05,3.2653140800623975e-07
-0.045800008843091745,6.472759842875714e-05,8.131613194905499e-06,5.3843102545612626e-05,1.0391185179634418e-05,6.424644494797977e-05,4.811534807773748e-07,5.3282590255549145e-05,5.605122900634808e-07
-0.04570000884561775,5.6345737378998624e-05,9.308573939156307e-06,5.6476017144694226e-05,1.031544771925627e-05,5.585716036342685e-05,4.885770155717998e-07,5.586481656385891e-05,6.112005808353311e-07
-0.04560000884814375,6.06258797530345e-05,1.1172957443046047e-05,5.345697571314525e-05,1.2327145146828924e-05,5.997321030050475e-05,6.526694525297692e-07,5.276944564026735e-05,6.875300728778803e-07
-0.045500008850669744,5.600977712348263e-05,1.0530671514873214e-05,5.365884866467488e-05,6.832435532166755e-06,5.5402655090367364e-05,6.071220331152374e-07,5.3302590250905585e-05,3.5625841376928327e-07
-0.04540000885319575,5.580793134645816e-05,7.346075607356345e-06,5.802183876630327e-05,1.0974721590623303e-05,5.539779022594024e-05,4.101411205179161e-07,5.737067378459658e-05,6.51164981706684e-07
-0.045300008855721746,5.681228134417006e-05,9.351305502578788e-06,5.842920597535857e-05,1.0748426220557311e-05,5.63228530284184e-05,4.89428315751672e-07,5.778897773523134e-05,6.402282401272323e-07
-0.04520000885824775,5.950595862103679e-05,1.251464798393732e-05,5.612908888651142e-05,1.1006985443839134e-05,5.8610974626670015e-05,8.949839943667772e-07,5.5436751483336465e-05,6.923374031749711e-07
-0.04510000886077375,5.4424240026915064e-05,6.802592711430745e-06,5.173602978549492e-05,1.0113216946855579e-05,5.407021744457735e-05,3.540225823377275e-07,5.110447859632992e-05,6.315511891650146e-07
-0.045000008863299745,5.507555756013448e-05,8.677088239062551e-06,5.541091744687896e-05,5.891035907357329e-06,5.450341687504069e-05,5.721406850937982e-07,5.484355073454402e-05,5.673667123349575e-07
-0.04490000886582575,5.5163037934754906e-05,1.0337978537993862e-05,5.359385076774217e-05,9.293107355686287e-06,5.450341687539905e-05,6.59621059355871e-07,5.3048026227514556e-05,5.458245402276295e-07
-0.04480000886835175,5.722794395640502e-05,9.119691539633451e-06,5.555287781487783e-05,8.987618702391463e-06,5.679612274151904e-05,4.3182121488599055e-07,5.489183904312727e-05,6.610387717505636e-07
-0.044700008870877744,6.10598739552026e-05,1.3488424774509947e-05,4.836182892115324e-05,6.661827680818682e-06,6.005969677868764e-05,1.0001771765149733e-06,4.799986144603409e-05,3.619674751191384e-07
-0.04460000887340375,5.480294497134326e-05,1.1066386595245127e-05,5.2377094268934e-05,1.0869174242649515e-05,5.406030621492706e-05,7.426387564161897e-07,5.1750586397320625e-05,6.265078716133742e-07
-0.044500008875929746,5.80652489813444e-05,8.017909549292467e-06,5.379720673532431e-05,9.663709244284571e-06,5.7666134267586124e-05,3.9911471375825355e-07,5.322475371062021e-05,5.724530247040973e-07
-0.04440000887845575,5.563346792560537e-05,1.0857621892085864e-05,5.5353827802687715e-05,6.260427145310424e-06,5.49492457651704e-05,6.842221604349737e-07,5.4941568761689385e-05,4.122590409983394e-07
-0.04430000888098175,5.704337886730313e-05,1.3605318907198888e-05,5.4087704963066695e-05,9.659460025101944e-06,5.630140889233691e-05,7.419699749662397e-07,5.3633410168804804e-05,4.542947942618888e-07
-0.044200008883507745,6.059899256470365e-05,1.1490804077552256e-05,5.706619055263514e-05,9.20934620403112e-06,5.99870820874571e-05,6.119104772465204e-07,5.6630057532448876e-05,4.361330201862559e-07
-0.04410000888603375,5.6928161818770766e-05,9.804110974949102e-06,5.530631355006784e-05,8.687255118729309e-06,5.6332219701256064e-05,5.959421175147e-07,5.48675133946316e-05,4.388001554362267e-07
-0.04400000888855975,5.616276071277828e-05,7.59261744420504e-06,5.456891838341315e-05,7.680215998688981e-06,5.587607861042695e-05,2.866821023513381e-07,5.3914128116215423e-05,6.54790267197717e-07
-0.04390000889108575,5.3883043367260926e-05,1.1047989280814875e-05,4.9825527149734235e-05,9.951029725017215e-06,5.322223558220102e-05,6.608077850599143e-07,4.923665043822617e-05,5.888767115080653e-07
-0.04380000889361175,5.880750748441149e-05,1.127530500392859e-05,5.260159371797829e-05,9.657525830246428e-06,5.81852123057507e-05,6.222951786607864e-07,5.204217030392033e-05,5.594234140579657e-07
-0.043700008896137746,5.991092700825044e-05,8.936047397564249e-06,5.244537865903632e-05,7.058011002691986e-06,5.950686344176777e-05,4.040635664826492e-07,5.205995768100396e-05,3.85420978032364e-07
-0.04360000889866375,5.899667072263911e-05,7.652050251239668e-06,5.3440273045851225e-05,8.1790374586926e-06,5.8652596245890904e-05,3.4407447674821466e-07,5.29620816007665e-05,4.781914450847248e-07
-0.04350000890118975,5.773137363909566e-05,1.0276837428799995e-05,5.2471169879576273e-05,8.213884575297098e-06,5.724022016124804e-05,4.911534778476326e-07,5.193887468443252e-05,5.322951951437454e-07
-0.043400008903715745,5.627836078179204e-05,8.444918133550274e-06,5.748895972032972e-05,1.3266220654318506e-05,5.584580901250951e-05,4.325517692825097e-07,5.660770141323394e-05,8.812583070957718e-07
-0.04330000890624175,5.492515735529529e-05,7.245754910177539e-06,4.976258004168564e-05,7.50165922378727e-06,5.4504319102430425e-05,4.2083825286486173e-07,4.9378316550121104e-05,3.8426349156451854e-07
-0.04320000890876775,5.630647960129632e-05,6.681006800603181e-06,5.225316199879188e-05,1.0882443373050202e-05,5.5845809012598576e-05,4.606705886977386e-07,5.164025300638874e-05,6.129089924031395e-07
-0.04310000891129375,5.82008085417228e-05,8.730188757688856e-06,5.595675575464107e-05,5.861295111190237e-06,5.766811488602043e-05,5.326936557023439e-07,5.541717499999517e-05,5.39580754645892e-07
-0.04300000891381975,5.265010584964634e-05,6.989769595255886e-06,5.503617023398463e-05,8.58387096879123e-06,5.2305300867357634e-05,3.448049822887123e-07,5.449937318169603e-05,5.367970522886167e-07
-0.042900008916345746,5.420776539507915e-05,9.67218617643475e-06,5.5544463596247364e-05,1.2023798257941242e-05,5.365180368299354e-05,5.559617120856209e-07,5.474099411839703e-05,8.034694778503311e-07
-0.04280000891887175,6.182697849016723e-05,6.409874911718739e-06,6.137901411959702e-05,1.1987861100177763e-05,6.140259940871317e-05,4.243790814540869e-07,6.057497216396877e-05,8.040419556282631e-07
-0.04270000892139775,5.335519597699813e-05,8.330195153498118e-06,5.5774108589266056e-05,8.287483902760634e-06,5.2737725414880786e-05,6.174705621173324e-07,5.5313391889978134e-05,4.6071669928793255e-07
-0.042600008923923745,5.524108396999551e-05,1.1306164190955653e-05,5.378121335618155e-05,6.413635643673822e-06,5.45028769980385e-05,7.382069719570199e-07,5.342530275506401e-05,3.559106011175298e-07
-0.04250000892644975,6.040852625649963e-05,9.406443425072371e-06,5.72009825788937e-05,4.280902357947681e-06,5.9998434133711094e-05,4.100921227885195e-07,5.672851300400879e-05,4.7246957488490886e-07
-0.042400008928975746,5.547334900456503e-05,8.590967248731353e-06,5.86505779835902e-05,1.0605004194510183e-05,5.50069047514746e-05,4.664442530904339e-07,5.798977101896383e-05,6.60806964626389e-07
-0.04230000893150175,5.9110894788409337e-05,8.850421739210933e-06,5.362093905476247e-05,1.2113867623255703e-05,5.867584017688425e-05,4.3505461152510004e-07,5.282620174864965e-05,7.947373061128125e-07
-0.04220000893402775,5.379153185597523e-05,8.99164761237247e-06,5.884722935146185e-05,7.927687932486472e-06,5.3182594635577154e-05,6.08937220398059e-07,5.842288962236011e-05,4.2433972910172307e-07
-0.042100008936553746,5.647352390862925e-05,9.330421892733906e-06,5.432072038059534e-05,1.0658724526155372e-05,5.591067454441668e-05,5.628493642125826e-07,5.367159792351653e-05,6.491224570788068e-07
-0.04200000893907975,6.072080514477507e-05,1.0736383729792813e-05,5.403120114651804e-05,1.1838008532897583e-05,5.998131632188929e-05,7.394888228857792e-07,5.336475369062223e-05,6.664474558958093e-07
-0.04190000894160575,5.783753736741256e-05,9.334240348825068e-06,5.809489387657183e-05,9.269055995604513e-06,5.7213732997174814e-05,6.238043702377265e-07,5.765828418383963e-05,4.3660969273219967e-07
-0.041800008944131745,5.484481246719539e-05,1.1294612205185881e-05,5.3701124802261956e-05,7.94229646550881e-06,5.407021612457073e-05,7.745963426246713e-07,5.334151766627151e-05,3.5960713599044014e-07
-0.04170000894665775,5.0498075516331886e-05,1.1840301170926877e-05,5.37995855122583e-05,1.2786887849765617e-05,4.972493147207432e-05,7.731440442575792e-07,5.2799919455989116e-05,9.99666056269186e-07
-0.041600008949183746,5.570288626160427e-05,1.0362956435595958e-05,6.07773133525099e-05,9.256875785662538e-06,5.4963119637665824e-05,7.397666239384528e-07,6.0291551546232604e-05,4.857618062773108e-07
-0.04150000895170975,5.888569712993507e-05,1.2128272297750064e-05,5.88839768316913e-05,9.09640466817216e-06,5.812305219899975e-05,7.626449309353185e-07,5.8422890968704147e-05,4.6108586298714647e-07
-0.04140000895423575,5.1062864509372814e-05,1.0464304558049553e-05,5.3228042440940843e-05,5.097157061013728e-06,5.0166099002018023e-05,8.967655073547687e-07,5.293415367417454e-05,2.938887667662958e-07
-0.041300008956761745,5.2005498483019315e-05,9.983449674521302e-06,5.0111860960263066e-05,7.76147545269293e-06,5.143923634761259e-05,5.662621354067432e-07,4.967567001599666e-05,4.3619094426641677e-07
-0.04120000895928775,5.1848271727841876e-05,5.9056819482484096e-06,5.53871106285661e-05,8.713221145163167e-06,5.145869580656588e-05,3.8957592127597503e-07,5.479670256950095e-05,5.904080590651403e-07
-0.04110000896181375,6.034708044229028e-05,4.839463275737185e-06,5.860831074978844e-05,1.1711673112095049e-05,6.0103840923525906e-05,2.432395187643536e-07,5.771017740679998e-05,8.981333429884581e-07
-0.041000008964339744,5.216777375945315e-05,7.572022330981323e-06,5.334917887010316e-05,1.3184232586573778e-05,5.1866584866051106e-05,3.0118889340205215e-07,5.2371991538867915e-05,9.77187331235241e-07
-0.04090000896686575,5.6798956633774e-05,8.293194753747499e-06,5.389862968289272e-05,7.273079331596857e-06,5.62985266839582e-05,5.004299498158084e-07,5.359538238680811e-05,3.0324729608463104e-07
-0.040800008969391746,5.3209107602385015e-05,7.820863172074481e-06,4.7761899655415966e-05,1.2123175206043481e-05,5.273754458273824e-05,4.7156301964676695e-07,4.669484359468098e-05,1.067056060734985e-06
-0.04070000897191775,5.741936148684017e-05,9.277199338283843e-06,5.9224675186494775e-05,9.409734149231707e-06,5.676801531116183e-05,6.513461756783126e-07,5.8747375802857825e-05,4.77299383636964e-07
-0.04060000897444375,5.1443133129483886e-05,5.780546724342154e-06,5.475869271592505e-05,9.469463006728569e-06,5.100793612647931e-05,4.351970030045704e-07,5.418153537404608e-05,5.771573418789646e-07
-0.040500008976969745,5.806719197827837e-05,7.986156708761854e-06,5.55969447846578e-05,6.479165131698142e-06,5.766234980193617e-05,4.0484217634220043e-07,5.53358499244585e-05,2.610948601992734e-07
-0.04040000897949575,6.118364535748865e-05,1.2934521798563427e-05,5.486350731402484e-05,1.2007156463626805e-05,6.045812574447232e-05,7.25519613016354e-07,5.411016346182703e-05,7.533438521978033e-07
-0.04030000898202175,5.8315742643817434e-05,1.1023755441619224e-05,5.379030964606351e-05,1.2012488080955726e-05,5.767045790933298e-05,6.452847344844472e-07,5.299341021862552e-05,7.968994274380014e-07
-0.040200008984547744,5.2996946935832256e-05,1.1105925636590564e-05,5.557335281993216e-05,1.54781578166399e-05,5.2301516434222703e-05,6.954305016095444e-07,5.46037302776176e-05,9.696225423145444e-07
-0.04010000898707375,4.8690800405555565e-05,9.839826758258119e-06,5.918084600133335e-05,8.290620207919573e-06,4.803337694381845e-05,6.574234617371253e-07,5.88731591949009e-05,3.0768680643245794e-07
-0.040000008989599746,5.238081288019059e-05,8.536905411790749e-06,5.1438871862650724e-05,9.996936988279399e-06,5.1872351277945053e-05,5.084616022455321e-07,5.066970130844742e-05,7.691705542032876e-07
-0.03990000899212575,5.8153749323371375e-05,1.3467432113363622e-05,5.4279680255739305e-05,8.957793009507577e-06,5.7235355299318534e-05,9.183940240528558e-07,5.372115514582223e-05,5.585251099170751e-07
-0.03980000899465175,5.3603436761023244e-05,8.062874891186675e-06,5.460316908591289e-05,7.472809285712932e-06,5.3182596599759585e-05,4.2084016126364197e-07,5.418153470519996e-05,4.2163438071293445e-07
-0.039700008997177745,5.180019091533349e-05,6.994706680451235e-06,5.81555158267045e-05,1.4077989354672734e-05,5.143437148311958e-05,3.658194322139161e-07,5.713005681225032e-05,1.0254590144541947e-06
-0.03960000899970375,5.4664207533029794e-05,1.0922653653026328e-05,5.351988011482434e-05,1.213400456647246e-05,5.407021744400022e-05,5.939900890295719e-07,5.272370324771433e-05,7.961768671099988e-07
-0.03950000900222975,5.539378505115679e-05,7.4924722973657645e-06,5.377250493439974e-05,7.262424853141534e-06,5.494852571007595e-05,4.4525934108083203e-07,5.3407996303364345e-05,3.645086310354043e-07
-0.039400009004755744,5.593173319088162e-05,9.93311197188468e-06,5.71267411382903e-05,7.701733549976534e-06,5.5396350121430074e-05,5.353830694515612e-07,5.669492171482525e-05,4.3181942346506506e-07
-0.03930000900728175,5.777987969131629e-05,9.827007870762286e-06,5.247562601610334e-05,1.0056663501275059e-05,5.7205084349404454e-05,5.747953419118336e-07,5.179761407237204e-05,6.780119437312977e-07
-0.039200009009807746,5.752058975445597e-05,1.226899997099172e-05,5.5731440928368265e-05,1.1089503498057315e-05,5.678044706747142e-05,7.401426869845677e-07,5.4992738610110456e-05,7.387023182578023e-07
-0.03910000901233375,5.269600487844584e-05,8.119264185708125e-06,5.476425043805085e-05,1.105686366202313e-05,5.2303681193950846e-05,3.923236844950056e-07,5.4008897839290343e-05,7.553525987604829e-07
-0.03900000901485975,5.6868702196225366e-05,1.0899224941711132e-05,5.2351000536201536e-05,8.884769414582048e-06,5.636194942799489e-05,5.067527682304725e-07,5.1859286788842504e-05,4.917137473590404e-07
-0.038900009017385745,5.4088989082483235e-05,9.858448440907473e-06,6.01992264050485e-05,1.1991691132051718e-05,5.36280205588011e-05,4.609685236821267e-07,5.941367726705774e-05,7.855491379907825e-07
-0.03880000901991175,6.134075664947672e-05,6.982286120098374e-06,5.377030315984071e-05,9.294631119358822e-06,6.0909543262154435e-05,4.312133873222797e-07,5.3341517676467736e-05,4.2878548337297665e-07
-0.03870000902243775,5.2971581684878363e-05,1.1259020561054094e-05,5.488495952563231e-05,1.0327573986332598e-05,5.230728414859122e-05,6.642975362871356e-07,5.4354507021360526e-05,5.304525042717825e-07
-0.038600009024963744,5.557011954297011e-05,1.0307893257388064e-05,5.404109742054337e-05,7.2040945994064e-06,5.4950145334367676e-05,6.199742086024135e-07,5.34829591164061e-05,5.581383041372641e-07
-0.03850000902748975,6.040947690853039e-05,7.974134992997036e-06,5.6808925079208354e-05,9.362332196670033e-06,5.997411050612101e-05,4.353664024093702e-07,5.604481720007707e-05,7.641078791313006e-07
-0.038400009030015746,6.208538723512862e-05,1.0574949572270193e-05,6.528269448048129e-05,9.044549898869317e-06,6.138097497378137e-05,7.044122613472567e-07,6.489509284787141e-05,3.876016326099064e-07
-0.03830000903254175,4.940070119270974e-05,8.346536218879645e-06,5.3794054660303634e-05,1.1867235832734853e-05,4.8872910536084284e-05,5.277906566254655e-07,5.290692311155451e-05,8.871315487491283e-07
-0.03820000903506775,5.665137691053256e-05,1.1319027629294136e-05,5.554843888585431e-05,7.269124286247895e-06,5.5854456989277086e-05,7.969199212554955e-07,5.5088102852259124e-05,4.6033603359519217e-07
-0.038100009037593745,5.761795752762188e-05,6.564073581353453e-06,5.0905211898364464e-05,6.695820542226296e-06,5.720490416920846e-05,4.1305335841343685e-07,5.061294583311062e-05,2.922660652538249e-07
-0.03800000904011975,5.200867670672372e-05,9.480788357750304e-06,5.0550534641326174e-05,8.937617147431467e-06,5.1478876629916645e-05,5.298000768070853e-07,5.002534292234538e-05,5.251917189807841e-07
-0.037900009042645746,5.489063933920842e-05,6.935317317761622e-06,5.5699860986284746e-05,1.2507824535819983e-05,5.4509183966827336e-05,3.814553723810732e-07,5.458409061709486e-05,1.1157703691898997e-06
-0.03780000904517175,5.1286685717358936e-05,9.75309397802471e-06,5.2605861774081405e-05,7.487595565521603e-06,5.058655873661624e-05,7.0012698074271e-07,5.2303250095126836e-05,3.0261167895456577e-07
-0.03770000904769775,5.317992343299327e-05,1.1870453352244908e-05,6.055529034161057e-05,1.1819597234055945e-05,5.2352868429423855e-05,8.270550035694286e-07,5.971314684452789e-05,8.421434970826775e-07
-0.037600009050223746,5.477489736809689e-05,5.618341325332794e-06,5.521663354154838e-05,9.709108177918688e-06,5.450341753823838e-05,2.7147982985851645e-07,5.4657210328915704e-05,5.594232126326647e-07
-0.03750000905274975,5.769917985296728e-05,7.167979966028884e-06,5.9725291145175556e-05,8.961107898387749e-06,5.720508367001093e-05,4.940961829563698e-07,5.913368141028899e-05,5.916097348865675e-07
-0.03740000905527575,5.447260407956532e-05,6.134133881793091e-06,5.497213043632988e-05,7.374301566441626e-06,5.408913570322569e-05,3.8346837633961433e-07,5.4584091959409445e-05,3.8803847692041274e-07
-0.037300009057801745,5.7118345607398e-05,1.1655761898600004e-05,5.1042460262563566e-05,9.706281593696543e-06,5.630573388977953e-05,8.126117176184739e-07,5.038889603955783e-05,6.535642230057328e-07
-0.03720000906032775,6.339905171204272e-05,7.778223823612277e-06,5.6742098497639244e-05,8.761647166006919e-06,6.289265612734993e-05,5.063955846927969e-07,5.610167680920866e-05,6.404216884305728e-07
-0.037100009062853746,5.817254843288562e-05,9.642773979635392e-06,5.422526964332387e-05,1.2917916381992858e-05,5.768757502615849e-05,4.849734067271332e-07,5.334367067389023e-05,8.81598969433638e-07
-0.03700000906537975,5.5739206292503346e-05,1.0096829752349828e-05,5.014565324278513e-05,5.954256320456018e-06,5.498906558208799e-05,7.501407104153436e-07,4.9755072616320353e-05,3.905806264647661e-07
-0.03690000906790575,5.6187916799559266e-05,1.4077065814143116e-05,5.0235662547096257e-05,1.0080001096182591e-05,5.5407701471821113e-05,7.802153277381337e-07,4.947891452699907e-05,7.567480200971926e-07
-0.036800009070431745,5.90256430070306e-05,7.878954084023804e-06,6.380442336493561e-05,8.080671912881745e-06,5.8626651676091885e-05,3.989913309387356e-07,6.303602725050598e-05,7.683961144296223e-07
-0.03670000907295775,5.607781740714717e-05,1.006807947715655e-05,5.554455122527323e-05,6.848827165644931e-06,5.540769812931069e-05,6.701192778364822e-07,5.521783256693262e-05,3.2671865834062266e-07
-0.03660000907548375,5.493805261881337e-05,7.906022249180019e-06,5.260881728261193e-05,9.346710424580974e-06,5.4561074529247474e-05,3.769780895658635e-07,5.1938875310647155e-05,6.699419719647824e-07
-0.036500009078009744,5.9234126477875505e-05,9.936118940997608e-06,5.283264002870583e-05,7.664368827053485e-06,5.862106471710396e-05,6.130617607715595e-07,5.253631585927027e-05,2.9632416943555713e-07
-0.03640000908053575,5.7653709655038955e-05,5.815824435309998e-06,5.799565262127171e-05,8.915808670630877e-06,5.7240219482062456e-05,4.134901729765126e-07,5.727540131194703e-05,7.202513093246832e-07
-0.036300009083061746,5.0366643388788933e-05,8.919640094220761e-06,5.8090085152095466e-05,1.3084043414034189e-05,4.984024804867212e-05,5.263953401168245e-07,5.733762640510343e-05,7.524587469920234e-07
-0.03620000908558775,5.7222682664233596e-05,9.157771161295601e-06,5.7170680535522097e-05,9.08664035275792e-06,5.676459324090937e-05,4.580894233242193e-07,5.6678783961601326e-05,4.918965739207535e-07
-0.03610000908811375,5.57134564246202e-05,1.191976659316748e-05,5.1000068164466916e-05,1.0578118238357855e-05,5.4951407261448445e-05,7.620491631717644e-07,5.0224571078843054e-05,7.754970856238583e-07
-0.036000009090639745,6.042445852157413e-05,9.19879570994114e-06,6.0972286994847726e-05,5.752792084036286e-06,5.997266836909657e-05,4.5179015247755434e-07,6.0574972205252514e-05,3.9731478959516655e-07
-0.03590000909316575,5.5327713061594506e-05,1.1162368576632115e-05,5.025809209613488e-05,8.226168248632771e-06,5.4533147930612416e-05,7.945651309820675e-07,4.987981541202248e-05,3.7827668411241897e-07
-0.03580000909569175,5.5563863706575746e-05,9.169551036024005e-06,5.1479980483722966e-05,9.296776012277204e-06,5.498384035619645e-05,5.800233503793032e-07,5.089669425773818e-05,5.832862259847766e-07
-0.035700009098217744,5.7359902030087564e-05,9.031588593382337e-06,5.4568394537012174e-05,9.554738794145212e-06,5.67804477430399e-05,5.794542870476639e-07,5.3984938884196114e-05,5.834556528160548e-07
-0.03560000910074375,5.154855893592015e-05,1.3289324323629873e-05,5.776543090852413e-05,8.983551656017596e-06,5.05807929720815e-05,9.67765963838672e-07,5.720519195281714e-05,5.602389557069788e-07
-0.035500009103269746,5.600807254628443e-05,8.123323683261075e-06,5.558540829137033e-05,5.198046882402985e-06,5.54141859533948e-05,5.938865928896451e-07,5.524084799566652e-05,3.4456029570382977e-07
-0.03540000910579575,6.0597858897350055e-05,9.927537577033784e-06,5.45258322644363e-05,8.273076506562828e-06,6.002456164843493e-05,5.732972489151613e-07,5.408513699447559e-05,4.406952699607185e-07
-0.03530000910832175,5.8295924259094406e-05,1.0985593528126572e-05,5.887895337798049e-05,6.377342113197043e-06,5.7687576389185714e-05,6.083478699086767e-07,5.856991799196439e-05,3.090353860161094e-07
-0.035200009110847745,5.097981423130964e-05,8.795456692441576e-06,5.423098763258626e-05,4.88833726504636e-06,5.0586561291140824e-05,3.932529401688242e-07,5.3984938915675965e-05,2.4604871691028355e-07
-0.03510000911337375,5.28511010439556e-05,8.492699878492828e-06,5.492057032461886e-05,8.683714307483827e-06,5.230151838282799e-05,5.495826611276001e-07,5.430910225867786e-05,6.114680659410056e-07
-0.03500000911589975,5.726525703713343e-05,1.0781021803789008e-05,5.37556048712555e-05,8.876414303754335e-06,5.674999594094495e-05,5.15261096188466e-07,5.328746364498717e-05,4.6814122626831876e-07
-0.034900009118425744,5.5283305914605055e-05,6.768132043890374e-06,5.309489501697697e-05,9.41998955532639e-06,5.49573532070929e-05,3.2595270751214635e-07,5.2558478020639043e-05,5.364169963379227e-07
-0.03480000912095175,5.6365271776208716e-05,8.6269887830875e-06,5.8438220541261873e-05,7.910671224754688e-06,5.5847249111159736e-05,5.180226650490152e-07,5.811207883650698e-05,3.261417047549053e-07
-0.034700009123477746,5.8091323946045705e-05,9.243845366073456e-06,5.599117529406094e-05,9.882516911789393e-06,5.767045654595333e-05,4.208674000923759e-07,5.545465181359254e-05,5.36523480468355e-07
-0.03460000912600375,5.423704686142109e-05,1.3134772701300251e-05,5.383864627016788e-05,9.458839238944228e-06,5.317899103218319e-05,1.0580558292378952e-06,5.328258961447428e-05,5.560566556936041e-07
-0.03450000912852975,5.318013815123761e-05,7.871157194103869e-06,5.514593681071314e-05,8.535472293523379e-06,5.2740428769733246e-05,4.3970938150435967e-07,5.463000248086236e-05,5.159343298507819e-07
-0.034400009131055745,5.763689837224763e-05,1.3105707029384603e-05,5.848841593939393e-05,1.0469049029226916e-05,5.675017612118513e-05,8.867222510624991e-07,5.794292419187819e-05,5.454917475157333e-07
-0.03430000913358175,5.514957417161467e-05,9.203907340836867e-06,6.152242303140606e-05,6.199806694215324e-06,5.451152564565186e-05,6.380485259628198e-07,6.104077782559397e-05,4.816452058120617e-07
-0.03420000913610775,6.21480278518073e-05,1.0811939728140342e-05,5.868505000778639e-05,7.50695983915902e-06,6.138728479642158e-05,7.607430553857019e-07,5.813895819115441e-05,5.460918166319949e-07
-0.034100009138633744,5.674599523503925e-05,6.739455795553205e-06,5.748255013062166e-05,9.414250468194889e-06,5.62997886187561e-05,4.462066162831651e-07,5.694555435974768e-05,5.36995770873977e-07
-0.03400000914115975,6.217806091679618e-05,5.189848013441322e-06,5.6788680729490374e-05,9.120025894252172e-06,6.193332318862889e-05,2.447377281672867e-07,5.625400771313007e-05,5.34673016360307e-07
-0.033900009143685746,5.583012089162936e-05,8.914291885108133e-06,5.97592704546055e-05,1.1050110986407672e-05,5.539779022609771e-05,4.3233066553164667e-07,5.887316120764631e-05,8.86109246959161e-07
-0.03380000914621175,5.71943045197653e-05,1.1983758779561466e-05,5.675030120392177e-05,1.0966859792195392e-05,5.6318706187766886e-05,8.755983319984402e-07,5.559717366407321e-05,1.1531275398485647e-06
-0.03370000914873775,5.833888143931029e-05,9.956599752023697e-06,5.106944331033978e-05,6.771284493380977e-06,5.766451128197406e-05,6.743701573362646e-07,5.0786733854464756e-05,2.827094558750015e-07
-0.033600009151263745,5.7331782398740594e-05,1.0490370080673293e-05,5.1846096120557875e-05,1.0864658643064484e-05,5.6754501121419804e-05,5.772812773207755e-07,5.104061276702858e-05,8.054833535293022e-07
-0.03350000915378975,5.593908087992603e-05,1.0103416375228415e-05,4.608198456227681e-05,8.331262920786839e-06,5.539779022612495e-05,5.412906538010744e-07,4.516500467188533e-05,9.169798903914937e-07
-0.033400009156315746,5.744292701301408e-05,9.762702805378909e-06,5.096438803403711e-05,5.809779920902753e-06,5.675161891588605e-05,6.913080971280287e-07,5.066970320894208e-05,2.9468482509503336e-07
-0.033300009158841744,6.075380768467142e-05,1.1069114844196643e-05,5.47489215019924e-05,6.9068507748966075e-06,5.997411120179232e-05,7.796964828791013e-07,5.376025634636e-05,9.886651556324055e-07
-0.03320000916136775,5.5278211309016314e-05,1.0232391041402307e-05,5.255693058613373e-05,7.168836155038281e-06,5.452864209951523e-05,7.495692095010869e-07,5.215460275224419e-05,4.0232783388954935e-07
-0.033100009163893745,5.626811790274269e-05,9.144217326615438e-06,5.099672260315458e-05,9.780310121595963e-06,5.5860223426351846e-05,4.078944763908493e-07,5.0418351879692557e-05,5.783707234620317e-07
-0.03300000916641975,5.774038354069036e-05,9.76618199858913e-06,5.691480623142445e-05,8.930095185376145e-06,5.721950012220629e-05,5.20883418484055e-07,5.6356349400464115e-05,5.584568309603338e-07
-0.03290000916894575,5.3307399444368745e-05,9.660426334305115e-06,5.3166825076183135e-05,9.39863806092173e-06,5.273826595557468e-05,5.691334887940616e-07,5.269901854113017e-05,4.678065350529494e-07
-0.032800009171471745,5.3286089265129554e-05,1.307355710160896e-05,5.349556092037967e-05,7.204071547975462e-06,5.231881567988516e-05,9.672735852444175e-07,5.3167667131147e-05,3.27893789232685e-07
-0.03270000917399775,5.915897554675928e-05,7.549048260434881e-06,5.328147453771246e-05,1.095694884450089e-05,5.8581245586602304e-05,5.777299601569434e-07,5.2581000546305924e-05,7.00473991406545e-07
-0.032600009176523746,5.7969778665588456e-05,1.0646945261772757e-05,5.40875527554356e-05,7.003038623833301e-06,5.729211137254582e-05,6.77667293042618e-07,5.3721154472440254e-05,3.6639828299535526e-07
-0.032500009179049744,6.043897233747568e-05,4.8338181041919985e-06,5.243801093829412e-05,6.330959283063818e-06,6.001861570395315e-05,4.203566335225158e-07,5.20421696421544e-05,3.958412961397114e-07
-0.03240000918157575,6.071232302587461e-05,8.231250221999607e-06,5.59082305818689e-05,5.321264224749158e-06,5.997699477990401e-05,7.353282459705994e-07,5.5516210270803084e-05,3.9202031106580853e-07
-0.032300009184101745,5.751585094125215e-05,1.101305692285714e-05,5.319304331023919e-05,1.060090095498679e-05,5.6751618915534585e-05,7.642320257175623e-07,5.24719908833929e-05,7.21052426846285e-07
-0.03220000918662775,5.597359979372987e-05,1.0291443524216184e-05,5.0737770509683135e-05,5.85646673309493e-06,5.5454547648779774e-05,5.190521449500996e-07,5.0345653435419136e-05,3.921170742639899e-07
-0.03210000918915375,5.740926060810044e-05,1.0340302756404093e-05,4.888774874964369e-05,1.0258954245802024e-05,5.676801531253158e-05,6.412452955688588e-07,4.820183115013576e-05,6.859175995079289e-07
-0.032000009191679744,5.7065073954991026e-05,7.030264668932349e-06,5.588459387964843e-05,1.0754251315524683e-05,5.674999864698919e-05,3.150753080018284e-07,5.491652236469635e-05,9.680715149520721e-07
-0.03190000919420575,5.409050771847895e-05,9.650035247956354e-06,5.7379928858159985e-05,5.571555642855137e-06,5.36166698654849e-05,4.7383785299405267e-07,5.708689136364985e-05,2.930374945101143e-07
-0.031800009196731746,5.846723589945992e-05,1.0974984089808873e-05,5.7544299563909916e-05,6.8740113814483916e-06,5.767622367411336e-05,7.910122253465512e-07,5.7091483130106484e-05,4.528164338034436e-07
-0.03170000919925774,5.396794108661358e-05,5.370981049425177e-06,5.2817683696904124e-05,9.719660504515637e-06,5.36518049981745e-05,3.161360884391053e-07,5.219400977917762e-05,6.236739177265085e-07
-0.03160000920178375,5.863022393049524e-05,9.849687610652943e-06,5.101176906877827e-05,5.9883593408446295e-06,5.815062045001583e-05,4.796034804794158e-07,5.068972527395609e-05,3.220437948221649e-07
-0.031500009204309745,5.13009333830739e-05,6.12248448312788e-06,5.691514914461168e-05,1.229036331770883e-05,5.100307190256993e-05,2.978614805039598e-07,5.614851034858616e-05,7.66638796025509e-07
-0.03140000920683575,5.770600728673531e-05,9.622772395823245e-06,5.906875365143631e-05,1.0707997692744515e-05,5.7204905527631255e-05,5.011017591040614e-07,5.8519466876197465e-05,5.492867752388381e-07
-0.03130000920936175,5.5959281910945804e-05,7.472446054745228e-06,5.863614497407678e-05,1.076654479971376e-05,5.5400672440469225e-05,5.58609470476586e-07,5.811378031100657e-05,5.223646630701987e-07
-0.031200009211887748,5.2132688240381374e-05,5.732873789903266e-06,5.903407710491174e-05,1.070668077396765e-05,5.187036929607911e-05,2.6231894430224737e-07,5.8446166716660086e-05,5.879103882516573e-07
-0.03110000921441375,5.3753411392044046e-05,8.755555507097712e-06,5.294148532729324e-05,1.129663121583835e-05,5.3228181527739e-05,5.252298643050513e-07,5.219401109328837e-05,7.474742340048778e-07
-0.031000009216939746,5.6120610124414185e-05,5.919209072071879e-06,4.9013716359509025e-05,9.649710791154186e-06,5.584562883240428e-05,2.7498129200991094e-07,4.8034623318973416e-05,9.790930405356118e-07
-0.030900009219465747,5.811944503997476e-05,8.171003939013605e-06,5.3122232271886536e-05,1.238805397449744e-05,5.7676224357833054e-05,4.432206821417084e-07,5.22905863778779e-05,8.316458940086424e-07
-0.030800009221991748,5.8855065685524075e-05,1.2039965826465148e-05,5.408355058265206e-05,9.591786899108032e-06,5.812899745959814e-05,7.26068225925937e-07,5.359538368638243e-05,4.881668962696369e-07
-0.03070000922451775,5.715738892703093e-05,7.990099423990757e-06,5.314406833098916e-05,7.182750489192249e-06,5.675450044521569e-05,4.028884818152215e-07,5.269901919244501e-05,4.4504913854414215e-07
-0.030600009227043746,6.076208000405838e-05,6.511211098487091e-06,5.611462977552083e-05,7.852558090246871e-06,6.044083054258673e-05,3.212494614716427e-07,5.551621026572327e-05,5.984195097975806e-07
-0.030500009229569747,5.9231375475335444e-05,1.1670354772936274e-05,5.0429121285864586e-05,8.596988666061237e-06,5.8645569905340136e-05,5.858055699953129e-07,4.978161721835823e-05,6.475040675063725e-07
-0.030400009232095748,6.14960402662528e-05,1.1562260341655759e-05,5.71478491052321e-05,1.2037570035327108e-05,6.09097241432096e-05,5.863161230431517e-07,5.64644561508988e-05,6.833929543332732e-07
-0.03030000923462175,5.656475067972996e-05,1.1891888073630646e-05,6.09073240153333e-05,9.427284616908029e-06,5.584581035482936e-05,7.189403249006225e-07,6.033983704287162e-05,5.674869724617353e-07
-0.030200009237147746,5.4150676970232715e-05,1.0372663778932285e-05,5.711747626785355e-05,1.030302093555486e-05,5.3617210406065114e-05,5.334665641676322e-07,5.63710342071456e-05,7.464420607079422e-07
-0.030100009239673747,5.545879128296302e-05,7.76874140180655e-06,5.1541657336719494e-05,7.168788097344521e-06,5.4949245765377354e-05,5.095455175856712e-07,5.12105175939112e-05,3.311397428083125e-07
-0.030000009242199747,5.469953311710688e-05,9.60209367144775e-06,5.684083232865522e-05,1.1574450299882668e-05,5.405940597395535e-05,6.401271431515216e-07,5.615742849932748e-05,6.834038293277379e-07
-0.02990000924472575,5.8324183810427246e-05,1.0001651713489591e-05,5.821367287179645e-05,8.843349715583432e-06,5.7687575026183514e-05,6.366087842437162e-07,5.771017807344544e-05,5.034947983510084e-07
-0.029800009247251746,5.931994979374597e-05,1.2247100776227042e-05,5.105367029562237e-05,7.727122959897695e-06,5.858124764843775e-05,7.387021453082224e-07,5.0612946465574645e-05,4.407238300477369e-07
-0.029700009249777747,5.432457303136355e-05,5.544364016178914e-06,5.441163767471782e-05,9.987221809973818e-06,5.4058866093706644e-05,2.657069376569152e-07,5.3868722691433064e-05,5.429149832847436e-07
-0.029600009252303747,5.552531450252024e-05,7.747571951299131e-06,5.382309728629574e-05,7.5385502795331885e-06,5.496311830751134e-05,5.621961950089014e-07,5.328259089667647e-05,5.40506389619259e-07
-0.029500009254829748,5.743901190785804e-05,5.020883529718017e-06,5.973996293618705e-05,5.7373218619695915e-06,5.720652646999963e-05,2.324854378584229e-07,5.948881243086053e-05,2.511505053265595e-07
-0.029400009257355746,5.775380180073951e-05,8.044932741539406e-06,5.618382470817461e-05,8.879528925368506e-06,5.724544402771975e-05,5.083577730197539e-07,5.564113695200569e-05,5.426877561689057e-07
-0.029300009259881746,5.3684090421138306e-05,7.0415055378932305e-06,5.6755963757722615e-05,8.550767350269358e-06,5.3288721411790774e-05,3.9536900934750033e-07,5.606661969355208e-05,6.893440641705311e-07
-0.029200009262407747,5.1944477163518336e-05,7.001739850112297e-06,5.184131417268513e-05,5.581463600259374e-06,5.1454551663377874e-05,4.899255001404498e-07,5.126457799322066e-05,5.767361794644713e-07
-0.029100009264933748,4.872941987989183e-05,5.615927914551171e-06,5.116983685034401e-05,9.099965695938294e-06,4.846061442759915e-05,2.688054522926719e-07,5.0509162041525096e-05,6.606748088189178e-07
-0.029000009267459746,5.385834138523744e-05,9.34485936752574e-06,6.015358586356621e-05,7.751862370729845e-06,5.3255568260253236e-05,6.02773124984213e-07,5.975783082501565e-05,3.95755038550533e-07
-0.028900009269985746,5.318193976354003e-05,7.891009539457202e-06,5.573184062281258e-05,9.935415126399865e-06,5.2759347687844e-05,4.225920756960224e-07,5.5195310054090085e-05,5.365305687225044e-07
-0.028800009272511747,5.8594329218482006e-05,9.807175200954973e-06,5.461256973068626e-05,8.403109408304728e-06,5.815061976448918e-05,4.4370945399285774e-07,5.410132898105641e-05,5.112407496298475e-07
-0.028700009275037748,5.1330188193718426e-05,6.90823071482112e-06,5.823452979723211e-05,1.3198991667275719e-05,5.1016044875187016e-05,3.1414331853140173e-07,5.742044768991831e-05,8.140821073138081e-07
-0.028600009277563745,5.62330318505369e-05,7.79236359028915e-06,4.80303572878483e-05,1.000838103985132e-05,5.5863646850288756e-05,3.693850002481285e-07,4.738597346086795e-05,6.44383826980341e-07
-0.028500009280089746,5.5411944363744236e-05,8.061665556200238e-06,5.413039746620376e-05,9.085393738990302e-06,5.495501153139789e-05,4.569328323463347e-07,5.369772600957484e-05,4.3267145662893394e-07
-0.028400009282615747,5.716611403602872e-05,7.236671267810445e-06,5.120763257403482e-05,5.8817255218312e-06,5.6775941884925066e-05,3.9017215110365e-07,5.0689344123029106e-05,5.182884510056795e-07
-0.028300009285141748,5.744304076038414e-05,6.28732857549617e-06,5.199175863949597e-05,1.0453014413124402e-05,5.7209408673511977e-05,2.3363208687217977e-07,5.140511786064563e-05,5.866407788503541e-07
-0.028200009287667745,5.6257688350532065e-05,6.408275982074688e-06,5.261878659775346e-05,1.071980538043334e-05,5.588094347316282e-05,3.7674487736925346e-07,5.190457794990427e-05,7.142086478492003e-07
-0.028100009290193746,6.0083448248688534e-05,1.5020094326586505e-05,5.767251928229855e-05,1.5304176798882562e-05,5.905152524017913e-05,1.031923008509441e-06,5.653824139326291e-05,1.134277889035658e-06
-0.028000009292719747,5.132615666213304e-05,6.463033694858471e-06,5.647312484150005e-05,1.107874797698871e-05,5.100162853735213e-05,3.2452812478089654e-07,5.5699052134024104e-05,7.740727074759601e-07
-0.027900009295245748,5.2920704712334076e-05,1.0619391333496745e-05,5.142664315124773e-05,7.804913771300566e-06,5.231232854243542e-05,6.083761698986575e-07,5.097745094010994e-05,4.491922111377984e-07
-0.027800009297771745,5.58843154605385e-05,8.90033639999253e-06,5.133363198255114e-05,6.131821340685231e-06,5.541076186111803e-05,4.7355359942048736e-07,5.0987100533322096e-05,3.4653144922905945e-07
-0.027700009300297746,5.3696462289066344e-05,9.909858561420922e-06,5.132880420374296e-05,8.955746047463919e-06,5.31806126537197e-05,5.158496353466284e-07,5.07591656601516e-05,5.69638543591365e-07
-0.027600009302823747,5.9894072996887716e-05,1.3893011398076385e-05,5.393300582811454e-05,6.927865228160178e-06,5.9047200915714315e-05,8.468720811734028e-07,5.357069767116325e-05,3.6230815695128433e-07
-0.027500009305349748,5.991289989043629e-05,1.1862747689651453e-05,5.332732752710846e-05,9.931190208614083e-06,5.9049183588473617e-05,8.637163019627013e-07,5.2674694213618595e-05,6.526333134898842e-07
-0.027400009307875745,5.4599058125337595e-05,1.0497011943106983e-05,5.502896165709664e-05,8.305719785101689e-06,5.4084631197286196e-05,5.14426928051393e-07,5.460315565035515e-05,4.2580600674147633e-07
-0.027300009310401746,6.139665857420634e-05,1.0727818354363013e-05,5.36800602439833e-05,6.336017009143984e-06,6.091026608546344e-05,4.863924887428958e-07,5.347899101324648e-05,2.010692307368389e-07
-0.027200009312927747,5.475168724679676e-05,1.1852842823052292e-05,6.018440392310597e-05,1.1712527646290873e-05,5.405940597407032e-05,6.922812727264445e-07,5.954882319824471e-05,6.35580724861275e-07
-0.027100009315453748,5.8111812471030313e-05,6.991740149967987e-06,5.491672534252441e-05,1.106328975702169e-05,5.7683432246063944e-05,4.2838022496636003e-07,5.420189374177969e-05,7.148316007447029e-07
-0.027000009317979745,5.82635877671643e-05,7.88121018792814e-06,5.715942600694345e-05,8.42416205873887e-06,5.7666132903072025e-05,5.974548640922882e-07,5.652067438496005e-05,6.387516219834023e-07
-0.026900009320505746,5.163663579105686e-05,7.434006003739787e-06,5.7267691146957956e-05,8.707592586327996e-06,5.101027846879776e-05,6.263573222591095e-07,5.672851100001308e-05,5.391801469448528e-07
-0.026800009323031747,5.220727331636022e-05,7.250063081829522e-06,5.692566032102564e-05,1.1654500185271659e-05,5.187739761666e-05,3.298756997002082e-07,5.613418658102321e-05,7.914737400024244e-07
-0.026700009325557748,5.2197766376376885e-05,1.1406183968891338e-05,5.813979756811187e-05,8.439134390323316e-06,5.1444280748216535e-05,7.534856281603569e-07,5.763287945618153e-05,5.069181119303482e-07
-0.026600009328083745,4.891599879320893e-05,7.477273209729721e-06,5.201542349405411e-05,8.132506384410689e-06,4.845178497455295e-05,4.6421381865597194e-07,5.1612686697054945e-05,4.0273679699918255e-07
-0.026500009330609746,5.408092986193899e-05,8.311472628784685e-06,5.0051133710042495e-05,7.861479490637287e-06,5.361937191052831e-05,4.615579514106705e-07,4.954800111032396e-05,5.031325997185199e-07
-0.026400009333135747,5.8070227672797496e-05,7.110839455694148e-06,5.158439318631989e-05,9.100363136737429e-06,5.767316061291458e-05,3.9706705988290735e-07,5.085943230092781e-05,7.249608853920725e-07
-0.026300009335661748,6.105358837668842e-05,9.80548015707482e-06,5.62600526025121e-05,1.135373124118815e-05,6.0444612929050694e-05,6.089754476376951e-07,5.546287760320464e-05,7.971749993074781e-07
-0.026200009338187745,5.2346578111011295e-05,8.063743421757667e-06,5.250927625162423e-05,9.25377093969231e-06,5.194532360140775e-05,4.0125450960352926e-07,5.1961630393987126e-05,5.476458576370789e-07
-0.026100009340713746,5.822257362860367e-05,9.198786819264411e-06,5.0750365202765e-05,5.7045237551750335e-06,5.7668116249071246e-05,5.544573795324094e-07,5.047657148984635e-05,2.7379371291864914e-07
-0.026000009343239747,5.403545889800589e-05,7.590975059425839e-06,5.018865591525789e-05,8.67712934072855e-06,5.366856109866769e-05,3.668977993381905e-07,4.958732430331198e-05,6.013316119459262e-07
-0.025900009345765748,6.124208475568207e-05,8.47526558283456e-06,5.47036709903234e-05,1.0838582576380166e-05,6.091837349232603e-05,3.237112633560221e-07,5.391412743988535e-05,7.895435504380495e-07
-0.025800009348291745,6.019063438922258e-05,9.88663735934219e-06,5.636224770121959e-05,1.1618055249626813e-05,5.9532631283842826e-05,6.580031053797322e-07,5.564113762588889e-05,7.211100753307066e-07
-0.025700009350817746,5.2666749262646454e-05,7.724776667897815e-06,6.2169133035091e-05,1.511605952456228e-05,5.2303680544730565e-05,3.630687179159043e-07,6.108875635509215e-05,1.0803766799988681e-06
-0.025600009353343747,5.382676009652226e-05,1.0919557140659555e-05,5.279094122004357e-05,9.48009802416259e-06,5.317772977053699e-05,6.490303259852586e-07,5.2170767202815556e-05,6.201740172280284e-07
-0.025500009355869747,5.960683342062064e-05,9.909316241765935e-06,4.6685179390987055e-05,8.328082851672016e-06,5.9083237639516724e-05,5.235957811038939e-07,4.608798378202646e-05,5.971956089606064e-07
-0.025400009358395745,5.449372777555633e-05,1.1771574810028307e-05,5.5489147510750925e-05,9.678173663369829e-06,5.3642434316638595e-05,8.512934589177225e-07,5.479670256087035e-05,6.924449498805867e-07
-0.025300009360921746,5.577161203469536e-05,7.263627532426393e-06,4.890088473495964e-05,8.379381641972882e-06,5.5404998100405134e-05,3.6661393429023854e-07,4.837768638845317e-05,5.231983465064756e-07
-0.025200009363447747,6.0885596432119693e-05,8.715538584768582e-06,5.836736636416318e-05,5.93701956088261e-06,6.0458127838948455e-05,4.2746859317122695e-07,5.785355413117087e-05,5.13812232992288e-07
-0.025100009365973747,5.762725043590277e-05,7.218237457991462e-06,5.496816958538229e-05,1.2462681189142486e-05,5.7226705970059285e-05,4.0054446584347844e-07,5.4201893737967367e-05,7.662758474149246e-07
-0.025000009368499748,5.559117395967407e-05,9.35407929182192e-06,5.2023952785292544e-05,1.2484387710762005e-05,5.4989064916471116e-05,6.021090432029616e-07,5.111701106822386e-05,9.069417170687048e-07
-0.024900009371025746,5.709743232027258e-05,1.2283322965848156e-05,5.3392476352493684e-05,1.1450615297680415e-05,5.629852533611102e-05,7.989069841615675e-07,5.25810005589522e-05,8.114757935415081e-07
-0.024800009373551746,6.0151109253050184e-05,6.285066438882774e-06,5.516883609350905e-05,1.104495466538503e-05,5.997248888437074e-05,1.7862036867944044e-07,5.4576669130687837e-05,5.921669628211897e-07
-0.024700009376077747,5.7809375226500494e-05,7.639884902183566e-06,5.6499541262266305e-05,7.158512402225227e-06,5.7216436380503864e-05,5.929388459966118e-07,5.61574318151038e-05,3.421094471624938e-07
-0.024600009378603748,5.581665713520679e-05,7.241536789045198e-06,5.275818031493335e-05,6.244491059941909e-06,5.540770080340704e-05,4.0895633179973845e-07,5.239292872565943e-05,3.652515892739499e-07
-0.024500009381129745,5.929687816023531e-05,5.805205974996974e-06,5.7961686803770976e-05,9.065806941761972e-06,5.904341644258903e-05,2.534617176462455e-07,5.739312122937594e-05,5.685655743950388e-07
-0.024400009383655746,5.817363956778873e-05,8.527270900013483e-06,5.844871508533633e-05,7.4921951531221715e-06,5.76704572274071e-05,5.031823403816106e-07,5.7846214142897575e-05,6.025009424387865e-07
-0.024300009386181747,5.619794566306299e-05,5.28634146484302e-06,5.852639507286101e-05,1.1506768388011326e-05,5.58472504539738e-05,3.5069520908918047e-07,5.787535594812246e-05,6.510391247385539e-07
-0.024200009388707748,5.495607128890065e-05,7.777277659378588e-06,5.501854994422506e-05,6.241538293126434e-06,5.45747688865912e-05,3.813024023094715e-07,5.475129783908242e-05,2.672521051426348e-07
-0.024100009391233745,5.695670733522745e-05,9.911122556352652e-06,5.379731447468688e-05,9.859392221136937e-06,5.633222037402776e-05,6.244869611996719e-07,5.296208223716327e-05,8.352322375235994e-07
-0.024000009393759746,5.1969701619915056e-05,7.507960198547108e-06,5.3520785444701435e-05,7.723910733655966e-06,5.1434370838914585e-05,5.353307810004646e-07,5.304802688513287e-05,4.72758559568555e-07
-0.023900009396285747,5.53129864852044e-05,8.41914798841807e-06,5.5016207724171065e-05,8.815965861932368e-06,5.49487045588442e-05,3.6428192636018655e-07,5.433162477590322e-05,6.845829482678364e-07
-0.023800009398811748,5.700549655045073e-05,9.713743470640327e-06,5.97861444649993e-05,8.345234450953552e-06,5.6305732542565355e-05,6.99764007885348e-07,5.922917347738649e-05,5.569709876128135e-07
-0.023700009401337745,5.8971517741119835e-05,1.2766549215817401e-05,5.420343665841591e-05,8.30062669452434e-06,5.8124673819908244e-05,8.468439212115997e-07,5.384656053857702e-05,3.568761198389105e-07
-0.023600009403863746,5.837413685702658e-05,1.3709465917294636e-05,5.36109194775266e-05,1.0393741977126363e-05,5.720940935205616e-05,1.1647275049704294e-06,5.2906585476587836e-05,7.043340009387389e-07
-0.023500009406389747,5.5264196621181574e-05,8.060725164798e-06,5.261131175125322e-05,1.028477953840237e-05,5.49514079270749e-05,3.127886941066841e-07,5.196162914555216e-05,6.496826057010315e-07
-0.023400009408915748,5.6078245511026826e-05,1.0970630506958098e-05,5.715963868821894e-05,1.3415500005621812e-05,5.541418662178616e-05,6.640588892406761e-07,5.598924639439654e-05,1.170392293822402e-06
-0.023300009411441745,5.780567365173358e-05,1.0490771949952048e-05,5.2231923677867905e-05,8.02345387978442e-06,5.722670664850528e-05,5.789670032283385e-07,5.161268671745078e-05,6.192369604171071e-07
-0.023200009413967746,5.19026804145637e-05,1.211546032043007e-05,5.66096075208282e-05,7.3685105254808934e-06,5.101027846829334e-05,8.924019462703612e-07,5.609229480704026e-05,5.173127137879335e-07
-0.023100009416493747,5.37359613521355e-05,9.908916477206251e-06,5.419938867093306e-05,1.6594856584243712e-05,5.318061396275836e-05,5.55347389377143e-07,5.290658546123629e-05,1.2928032096967786e-06
-0.023000009419019748,5.299355863926871e-05,5.587225928095032e-06,4.976855220047305e-05,8.484945282528755e-06,5.274205039130035e-05,2.515082479683435e-07,4.9359396369432806e-05,4.09155831040254e-07
-0.022900009421545745,5.376408100044161e-05,8.508521960344755e-06,5.477588489788211e-05,1.080957881644478e-05,5.31762902941557e-05,5.877907062859248e-07,5.4110163456869014e-05,6.657214410130949e-07
-0.022800009424071746,5.1437345074699544e-05,8.63306551422948e-06,5.4393448925515976e-05,6.0816416201535435e-06,5.100433188133217e-05,4.330131933673672e-07,5.406693879043696e-05,3.2651013507901144e-07
-0.022700009426597747,5.7793868882978506e-05,8.863842738514625e-06,5.537617427051616e-05,8.90856270404773e-06,5.7226706649275666e-05,5.671622337028704e-07,5.4900714148585563e-05,4.754601219305885e-07
-0.022600009429123748,5.526917669608525e-05,7.273505475534853e-06,5.389035856373344e-05,1.2324318873130758e-05,5.495735453848779e-05,3.118221575974523e-07,5.3085662491728045e-05,8.046960720053999e-07
-0.022500009431649745,5.73721328631915e-05,1.1374855091640265e-05,5.268883262716807e-05,1.2991382413805129e-05,5.675161891556065e-05,6.205139476308601e-07,5.1909736600171795e-05,7.790960269962736e-07
-0.022400009434175746,4.9350774745143467e-05,5.521297020671479e-06,5.8725160363336174e-05,1.2229687869060654e-05,4.89242618815431e-05,4.265128636003733e-07,5.796616608436625e-05,7.58994278969933e-07
-0.022300009436701747,5.918713702745449e-05,9.768529198418134e-06,5.6162585761970296e-05,7.092952216047264e-06,5.864556853320936e-05,5.415684942450798e-07,5.580636285308473e-05,3.5622290888554474e-07
-0.022200009439227748,5.7618526837635925e-05,8.080735630779797e-06,5.729695631329081e-05,1.1227040986336328e-05,5.727697759653982e-05,3.415492410961069e-07,5.637573154000311e-05,9.212247732877057e-07
-0.022100009441753745,5.694992530971164e-05,1.0257408078691434e-05,5.976803955192038e-05,1.3927850093874934e-05,5.63149224056268e-05,6.350029040848177e-07,5.870235044780495e-05,1.0656891041154265e-06
-0.022000009444279746,6.377197053971837e-05,1.4619416229560594e-05,5.6813194658768515e-05,7.639651179892097e-06,6.285752099638072e-05,9.144495433376494e-07,5.646445682961362e-05,3.487378291548936e-07
-0.021900009446805747,6.20346102410353e-05,7.449485630191173e-06,5.2981266881648826e-05,1.2171041277208974e-05,6.138728268651502e-05,6.473275545202695e-07,5.219401108908076e-05,7.872557925680432e-07
-0.021800009449331748,5.58268019726095e-05,9.209728039782375e-06,5.660526109373128e-05,5.140410702964286e-06,5.5397790894691906e-05,4.290110779176031e-07,5.631230873798297e-05,2.9295235574832534e-07
-0.021700009451857745,5.105563128010479e-05,8.99764186677819e-06,5.555219401684267e-05,1.0647235983042643e-05,5.0572146238657295e-05,4.834850414474926e-07,5.4828020499635895e-05,7.241735172067904e-07
-0.021600009454383746,5.3758151066441795e-05,1.0339548745781969e-05,5.4406613524357105e-05,7.261212341884647e-06,5.3206559907377405e-05,5.515911590643922e-07,5.411016346171701e-05,2.9645006264010655e-07
-0.021500009456909747,5.769794675919139e-05,8.314875493312208e-06,5.179036732541092e-05,1.0768223020632895e-05,5.720562489001021e-05,4.923218691811481e-07,5.10525860856751e-05,7.377812397358397e-07
-0.021400009459435747,5.626899788509169e-05,1.3171157713764806e-05,5.490920872232701e-05,8.160240741206124e-06,5.546121498481692e-05,8.077829002747729e-07,5.4527334524065866e-05,3.8187419826115826e-07
-0.021300009461961745,5.822977942973103e-05,8.667075640821911e-06,4.971171271750684e-05,9.056152812429026e-06,5.7661628399465915e-05,5.681510302651537e-07,4.9129413558427965e-05,5.822991590788832e-07
-0.021200009464487746,5.67164545675831e-05,1.5440871324521748e-05,5.447028790417463e-05,1.1167827740791387e-05,5.543148325096213e-05,1.2849713166209614e-06,5.362655922789906e-05,8.437286762755623e-07
-0.021100009467013747,5.908026344745837e-05,8.862177258164467e-06,5.5642574274342456e-05,8.122566255132393e-06,5.86677313787979e-05,4.125320686604573e-07,5.520870454460836e-05,4.338697297340793e-07
-0.021000009469539747,5.604386933159277e-05,1.0589309662006538e-05,5.282819460684098e-05,8.949919216511043e-06,5.54107631985471e-05,6.331061330456583e-07,5.233406217564638e-05,4.94132431194594e-07
-0.020900009472065745,5.626740802331259e-05,7.989648677414346e-06,5.086156946536588e-05,8.473054666149091e-06,5.591067387322318e-05,3.567341500894175e-07,5.030385037658365e-05,5.577190887822205e-07
-0.020800009474591746,5.6416815567224937e-05,7.913651011492803e-06,5.283011165291061e-05,5.555772486052646e-06,5.585716036339583e-05,5.596552038291339e-07,5.244626332999545e-05,3.8384832291515154e-07
-0.020700009477117746,5.80648931381905e-05,1.26781476865342e-05,5.53987742216383e-05,9.723916649085422e-06,5.727697691731146e-05,7.879162208790394e-07,5.4891838364614486e-05,5.069358570238028e-07
-0.020600009479643747,5.6311077812687e-05,8.98523181754332e-06,5.626629878183988e-05,8.902244870993105e-06,5.58544583324424e-05,4.5661948024459e-07,5.5642835265170194e-05,6.234635166696681e-07
-0.020500009482169745,5.62035650951852e-05,1.215196360375945e-05,5.253468771190986e-05,1.0793352368089637e-05,5.5396350121453114e-05,8.072149737320758e-07,5.169406284640833e-05,8.406248655015436e-07
-0.020400009484695746,5.423716280337345e-05,1.0212637638797004e-05,5.556133405482866e-05,7.424312331589074e-06,5.3616489027815045e-05,6.206737755584087e-07,5.50281015293999e-05,5.332325254287577e-07
-0.020300009487221746,5.8624038263776153e-05,1.319810657788957e-05,5.339202419317074e-05,5.6434258842048925e-06,5.769208089258532e-05,9.319573711908215e-07,5.301593340201751e-05,3.760907911532049e-07
-0.020200009489747747,5.710347833896332e-05,8.298592273693979e-06,4.789836613182758e-05,8.33849147475392e-06,5.678044774307081e-05,3.2303059589251575e-07,4.733718528970359e-05,5.611808421240174e-07
-0.020100009492273745,5.362548490269816e-05,8.900880949362769e-06,5.023607067249272e-05,1.0004712686792164e-05,5.317683148968927e-05,4.48653413008896e-07,4.958732429065661e-05,6.487463818361104e-07
-0.020000009494799745,6.05698364613014e-05,8.127522480965143e-06,5.081873583692503e-05,1.6591399566317432e-05,6.0030866564707306e-05,5.38969896594089e-07,4.933466842436672e-05,1.4840674125582983e-06
-0.019900009497325746,5.768490813103653e-05,7.2356846095406505e-06,5.8119409901117e-05,7.948667263579391e-06,5.7213732997224044e-05,4.711751338124715e-07,5.7763510080606004e-05,3.558998205109841e-07
-0.019800009499851747,5.213716981561356e-05,1.0223263934176713e-05,5.749026330264841e-05,7.1701744303621915e-06,5.144157675808612e-05,6.955930575274485e-07,5.705716028780766e-05,4.331030148407482e-07
-0.019700009502377745,5.421720038820738e-05,1.0114973190294107e-05,5.3412864817415966e-05,1.107282365124373e-05,5.3618109992181596e-05,5.990903960258128e-07,5.279992009308674e-05,6.129447243292244e-07
-0.019600009504903745,5.814173109250806e-05,5.049502631738579e-06,5.7498438378773465e-05,4.453726996058625e-06,5.766234912001835e-05,4.793819724897429e-07,5.7230959772509365e-05,2.6747860626408225e-07
-0.019500009507429746,5.5218016395535177e-05,5.621314560247575e-06,5.283062287436911e-05,1.2131490998779565e-05,5.4950147331403934e-05,2.678690641312279e-07,5.197779229529857e-05,8.528305790705415e-07
-0.019400009509955747,5.571077673565028e-05,8.007567576915993e-06,5.133766157515991e-05,6.721782256999912e-06,5.54006737772644e-05,3.1010295838590433e-07,5.102241585365899e-05,3.1524572150091867e-07
-0.019300009512481744,5.44762076227966e-05,6.183491537198657e-06,5.617192412676009e-05,1.1124078911708013e-05,5.4080487054080014e-05,3.957205687165807e-07,5.5417175006906646e-05,7.547491198534394e-07
-0.019200009515007745,5.770738231922472e-05,9.175610680777503e-06,5.850058524402249e-05,1.0278884357542763e-05,5.7209409352744167e-05,4.979729664805434e-07,5.779071861908454e-05,7.098666249379435e-07
-0.019100009517533746,5.0728253977001423e-05,9.210598492471753e-06,4.9759101289985896e-05,7.5227586898461475e-06,5.0150784322893836e-05,5.774696541075997e-07,4.9385840227358686e-05,3.7326106262721454e-07
-0.019000009520059747,5.7204165247710436e-05,1.3582157048328318e-05,5.650041921261308e-05,1.1666149699695876e-05,5.6297625108962274e-05,9.065401387481796e-07,5.55757328574412e-05,9.246863551718791e-07
-0.018900009522585744,5.5663219933667265e-05,6.254731256409668e-06,5.550034019397718e-05,8.07382196159188e-06,5.541076386691219e-05,2.524560667550605e-07,5.512697282833003e-05,3.733673656471381e-07
-0.018800009525111745,6.0355706643611865e-05,8.55596428932915e-06,5.699576182876376e-05,8.630967023206488e-06,5.998708347771698e-05,3.6862316589487244e-07,5.643103421932295e-05,5.647276094408026e-07
-0.018700009527637746,5.1722171750291266e-05,8.812527160282863e-06,5.000305302348541e-05,9.586163782298693e-06,5.110523278097689e-05,6.169389693143915e-07,4.916692005659327e-05,8.361329668921314e-07
-0.018600009530163747,5.898356226287407e-05,1.3705041451230052e-05,5.2795805638359476e-05,1.1719947467059593e-05,5.812665580164365e-05,8.569064612303947e-07,5.2014962466790206e-05,7.808431715692542e-07
-0.018500009532689748,5.419458406699165e-05,8.594728550758031e-06,6.041332306044162e-05,1.1891033172299587e-05,5.36382895134332e-05,5.562945535584362e-07,5.98023490171538e-05,6.109740432877993e-07
-0.018400009535215745,5.0604737581319106e-05,7.450622588594508e-06,5.748935807450503e-05,1.1876609169162546e-05,5.0144297837884516e-05,4.6043974343460014e-07,5.6832296111190805e-05,6.570619633142427e-07
-0.018300009537741746,5.9674776646861546e-05,1.1218544457530205e-05,5.248146696089411e-05,1.3056448677719601e-05,5.9049182207968084e-05,6.255944388934568e-07,5.1532144908707945e-05,9.493220521861617e-07
-0.018200009540267747,5.848688762934578e-05,7.813217149811727e-06,5.710357908244371e-05,9.88808578074092e-06,5.812665648666115e-05,3.602311426846008e-07,5.634071476715291e-05,7.628643152908025e-07
-0.018100009542793748,5.6338912039755244e-05,6.974739736258556e-06,5.639477956619713e-05,1.0116485120729567e-05,5.587607928241114e-05,4.628327573441349e-07,5.585681462818036e-05,5.379649380167617e-07
-0.018000009545319745,5.993809668244648e-05,9.389438260070778e-06,5.742475867125497e-05,1.1378456802910926e-05,5.950740467518006e-05,4.3069200726643694e-07,5.663742914202441e-05,7.873295292305402e-07
-0.017900009547845746,5.478521163054943e-05,1.070353436634111e-05,5.20319492287573e-05,1.0701764195946991e-05,5.408913570149193e-05,6.960759290574905e-07,5.1212584801343415e-05,8.193644274138918e-07
-0.017800009550371747,5.25073382645606e-05,5.883942495220932e-06,5.515951649492534e-05,6.850321518172161e-06,5.2300797012512985e-05,2.0654125204763288e-07,5.470733386081831e-05,4.521826341070206e-07
-0.017700009552897748,5.270610565030981e-05,7.021532686856581e-06,5.25792620221876e-05,7.99452795348395e-06,5.23015190320069e-05,4.0458661830292054e-07,5.2212981106211377e-05,3.662809159762064e-07
-0.017600009555423745,5.099934807029e-05,7.934463889047464e-06,5.7039997487590906e-05,9.903428307877224e-06,5.057484766408639e-05,4.245004062036067e-07,5.6243645481069416e-05,7.96352006521474e-07
-0.017500009557949746,5.827098012040371e-05,1.111326173818005e-05,5.598537219856606e-05,1.1981181248880882e-05,5.772000609330727e-05,5.509740270964265e-07,5.515134742235359e-05,8.340247762124749e-07
-0.017400009560475747,5.270027371743561e-05,6.002259260906519e-06,4.844657409541439e-05,9.806019373404935e-06,5.230241928330943e-05,3.978544341261764e-07,4.782867676846184e-05,6.178973269525503e-07
-0.017300009563001748,5.433887224191973e-05,8.916609133596937e-06,5.743897824974865e-05,4.530906323103278e-06,5.361666986550389e-05,7.222023764158241e-07,5.68823104452559e-05,5.566678044927209e-07
-0.017200009565527745,5.703394539435213e-05,1.2356974067212984e-05,5.1915231909279324e-05,8.893251866052052e-06,5.6303392221804554e-05,7.30553172547613e-07,5.135683024535866e-05,5.584016639206468e-07
-0.017100009568053746,5.655446153795306e-05,8.85904065867268e-06,5.6415663848138584e-05,4.1560627184562394e-06,5.5848511043527996e-05,7.059504944250406e-07,5.625400773151882e-05,1.61656116619752e-07
-0.017000009570579747,5.2088947155651524e-05,1.0679692676111385e-05,4.849364435604561e-05,7.560690757029022e-06,5.145076594691294e-05,6.381812087385843e-07,4.80295911686297e-05,4.6405318741592287e-07
-0.016900009573105747,5.814441230159538e-05,1.0805587317800095e-05,5.318440062173171e-05,8.171269706448217e-06,5.723535529932725e-05,9.090570022681256e-07,5.2674011067648714e-05,5.103895540829982e-07
-0.016800009575631745,5.517370656566705e-05,9.957803062258392e-06,5.9989366203368036e-05,1.0279365701727446e-05,5.458990335506969e-05,5.838032105973421e-07,5.931854284225141e-05,6.708233611166376e-07
-0.016700009578157746,5.012038911643645e-05,1.2028850855834305e-05,5.839551214406514e-05,9.182989967703377e-06,4.929458832145563e-05,8.25800794980823e-07,5.7790717988623404e-05,6.047941554417344e-07
-0.016600009580683747,6.23470482830493e-05,8.807918781243912e-06,4.990049306573657e-05,9.122000615374578e-06,6.186539526455674e-05,4.81653018492531e-07,4.9438452247100544e-05,4.6204081863603273e-07
-0.016500009583209747,5.3203845490345134e-05,8.094663462227517e-06,5.564199052657458e-05,6.653114349735227e-06,5.2778086423779525e-05,4.2575906656561056e-07,5.521783257108607e-05,4.2415795548851027e-07
-0.016400009585735745,5.294773237196821e-05,1.0609019770984942e-05,5.476463035721377e-05,1.027433889338934e-05,5.230241928372999e-05,6.453130882382256e-07,5.416475168423176e-05,5.998786729820074e-07
-0.016300009588261746,5.643938773504277e-05,5.846311437074103e-06,5.437626692607928e-05,7.410116663806625e-06,5.59582421111323e-05,4.811456239104747e-07,5.3984938238313034e-05,3.9132868776624586e-07
-0.016200009590787746,5.76379186472542e-05,7.030133778591132e-06,5.592212179578272e-05,8.708464086109476e-06,5.7213732318437156e-05,4.241863288170382e-07,5.528756232369447e-05,6.345594720882487e-07
-0.016100009593313747,6.145099527730749e-05,1.1137620088315687e-05,5.6273658982654253e-05,1.26416367250735e-05,6.091026468370251e-05,5.407305936049911e-07,5.538558032880089e-05,8.880786538533592e-07
-0.016000009595839745,5.6784684952913585e-05,8.324872451966005e-06,5.855411327622341e-05,1.107984875263702e-05,5.6305734564941355e-05,4.789503879722131e-07,5.765828419341312e-05,8.958290828103021e-07
-0.015900009598365746,5.5307439777979106e-05,8.206365257653956e-06,5.694644640431795e-05,1.0772307800024004e-05,5.49514079268423e-05,3.560318511367963e-07,5.631427678218066e-05,6.321696221372787e-07
-0.015800009600891746,5.3631029661556755e-05,8.781520737282707e-06,5.218604398576004e-05,7.341557024214576e-06,5.3176288329606515e-05,4.547413319502608e-07,5.141658539141334e-05,7.694585943466999e-07
-0.015700009603417747,5.901857694653442e-05,8.096958436200545e-06,5.618633863241193e-05,1.108196561062657e-05,5.858340774850629e-05,4.351691980280924e-07,5.5454652482781646e-05,7.316861496303003e-07
-0.015600009605943746,5.5543760565690865e-05,8.721018771749041e-06,5.676551319313038e-05,5.447766759744854e-06,5.495735453801849e-05,5.86406027672373e-07,5.6451754931436116e-05,3.1375826169429794e-07
-0.015500009608469745,5.374687085362119e-05,6.44233850562902e-06,5.2895135113071665e-05,6.282544596644573e-06,5.322223623916485e-05,5.246346144563403e-07,5.2558478024702017e-05,3.366570883696662e-07
-0.015400009610995746,5.506047782483844e-05,1.067285204741972e-05,4.9565925116728995e-05,9.834089881658993e-06,5.451729141164432e-05,5.431864131940991e-07,4.905791105012161e-05,5.080140666074025e-07
-0.015300009613521745,5.7963779318245984e-05,6.320334335371712e-06,5.3170686554871217e-05,6.317942533098752e-06,5.7702169620142385e-05,2.6160969810358725e-07,5.278800548640542e-05,3.826810684657867e-07
-0.015200009616047746,5.492198047028759e-05,8.331778138571409e-06,5.783904084238719e-05,9.691990644283637e-06,5.451152697257125e-05,4.104534977163572e-07,5.7377205814240816e-05,4.6183502814637733e-07
-0.015100009618573745,5.724653060517475e-05,9.340252469734777e-06,5.477547562813104e-05,9.844957958738762e-06,5.676152882501778e-05,4.850017801569757e-07,5.42436962109335e-05,5.317794171975373e-07
-0.015000009621099746,5.2812553420917514e-05,7.73245839730739e-06,5.3605346063756596e-05,7.737475577403575e-06,5.2309626490841365e-05,5.029269300761582e-07,5.297124809059256e-05,6.34097973164027e-07
-0.014900009623625745,6.0257842264963404e-05,7.358525539093992e-06,5.266894346587084e-05,7.02153808940314e-06,5.998131840826582e-05,2.7652385669756255e-07,5.214788496928551e-05,5.210584965853465e-07
-0.014800009626151746,5.9494553058743784e-05,9.22148145201174e-06,5.03713203182352e-05,7.783446609368641e-06,5.905729100575962e-05,4.3726205298417607e-07,4.985945378787473e-05,5.118665303604844e-07
-0.014700009628677745,5.918308140834081e-05,4.9287894400636875e-06,5.628323538970158e-05,1.2285351167656803e-05,5.904287659199603e-05,1.4020481634479328e-07,5.536053462653598e-05,9.22700763165617e-07
-0.014600009631203746,5.519805398233273e-05,5.237293071667689e-06,5.7268286504612875e-05,1.1933991214146536e-05,5.4994651168387165e-05,2.0340281394554973e-07,5.6607700065458276e-05,6.605864391545913e-07
-0.014500009633729745,5.4662359778555085e-05,7.604661393302912e-06,5.3267983204883486e-05,6.142729342476221e-06,5.413075599751063e-05,5.31603781044454e-07,5.282620304755226e-05,4.41780157331243e-07
-0.014400009636255746,5.52923155152002e-05,6.7293886587116886e-06,5.433305105163396e-05,1.0425086581523664e-05,5.4949245765175956e-05,3.430697500242295e-07,5.369772598508245e-05,6.353250665514842e-07
-0.014300009638781745,5.393472820337658e-05,1.0592656848207422e-05,5.630798976830084e-05,9.961626785647063e-06,5.317773173577973e-05,7.569964675968422e-07,5.55989123166449e-05,7.090774516559309e-07
-0.014200009641307746,5.8715148592496674e-05,6.365613465737901e-06,5.0556639057124366e-05,7.920566273434394e-06,5.812035018077643e-05,5.947984117202462e-07,5.0133580105718286e-05,4.2305895140606377e-07
-0.014100009643833745,5.9347328550924415e-05,5.973060922994711e-06,5.435878945714086e-05,5.303859011744924e-06,5.907801103357205e-05,2.693175173523548e-07,5.4085137652051664e-05,2.7365180508919813e-07
-0.014000009646359746,5.390978630723809e-05,1.153938435869301e-05,5.554635308579924e-05,6.623319523793952e-06,5.318493828706861e-05,7.24848020169469e-07,5.519531004978927e-05,3.510430360099798e-07
-0.013900009648885745,5.977980646436111e-05,9.866658388288368e-06,4.906029508887221e-05,9.117715582775819e-06,5.904287728194391e-05,7.369291824172119e-07,4.8377686397106635e-05,6.826086917655568e-07
-0.013800009651411746,5.657828427231286e-05,6.247879422739946e-06,5.92795370646561e-05,7.754385240593057e-06,5.629708456857819e-05,2.811997037346635e-07,5.8953321729216676e-05,3.262153354394222e-07
-0.013700009653937745,5.660272831820776e-05,1.1119110952610873e-05,5.353965746838101e-05,8.890342749329294e-06,5.584851104435438e-05,7.542172738534093e-07,5.2990371181262e-05,5.492862871190023e-07
-0.013600009656463746,5.529037252769937e-05,6.572143018760447e-06,5.787044286401803e-05,7.004334550455748e-06,5.495014733195656e-05,3.402251957428051e-07,5.720941188993146e-05,6.610309740865966e-07
-0.013500009658989745,5.751359649335069e-05,6.977748515091102e-06,5.86140973936688e-05,9.431804887504864e-06,5.7216437058691026e-05,2.97159434659675e-07,5.805179836678186e-05,5.622990268869073e-07
-0.013400009661515746,6.051924551812419e-05,7.686715296284764e-06,5.6845954975009365e-05,1.1130774310781034e-05,5.9984021111906196e-05,5.352244062179906e-07,5.608878117801108e-05,7.571737969982592e-07
-0.013300009664041745,5.837195366261525e-05,3.6858183846237967e-06,5.422199511515682e-05,5.225625915628581e-06,5.812034949639933e-05,2.516041662159277e-07,5.3981354527787556e-05,2.406405873692676e-07
-0.013200009666567746,5.653309857672189e-05,5.6280349772020016e-06,5.00379972702738e-05,9.913073565009539e-06,5.629690573605038e-05,2.3619284067151131e-07,4.949250560290553e-05,5.454916673682876e-07
-0.013100009669093745,5.5296345020588915e-05,7.658378279588534e-06,5.38156074055099e-05,6.6435047252944635e-06,5.4948525044372315e-05,3.478199762165944e-07,5.3407997603636023e-05,4.0760980187386875e-07
-0.013000009671619746,5.828705511835136e-05,1.1112592379443155e-05,5.9110544175828674e-05,7.828482140850648e-06,5.768343020025814e-05,6.036249180931929e-07,5.866152942341571e-05,4.4901475241296197e-07
-0.012900009674145745,5.8899018968575666e-05,1.2996693566843374e-05,5.675608832156489e-05,7.712338171192915e-06,5.812179025314726e-05,7.772287154284223e-07,5.6160056494120855e-05,5.96031827444005e-07
-0.012800009676671746,5.740304665807477e-05,1.1963115426377712e-05,5.440104970266959e-05,7.262836166198965e-06,5.677594256221705e-05,6.271040958577189e-07,5.383376206461299e-05,5.672876380565913e-07
-0.012700009679197745,5.879612955600481e-05,9.731854786260507e-06,5.8768785521235423e-05,1.0072617076010445e-05,5.8150618394344904e-05,6.455111616599256e-07,5.808778767777365e-05,6.809978434618008e-07
-0.012600009681723746,5.4258501173814276e-05,9.824981618265211e-06,5.3841540475430004e-05,8.452394794014393e-06,5.364243562939126e-05,6.160655444230195e-07,5.340799564303126e-05,4.3354483239875136e-07
-0.012500009684249745,5.4070501179038526e-05,5.169889847865726e-06,5.702279908875321e-05,1.1167873596970171e-05,5.361666920801022e-05,4.538319710282973e-07,5.62503267936846e-05,7.724722950686399e-07
-0.012400009686775746,5.4080645970384e-05,7.661561420768888e-06,5.914882514514578e-05,9.185315329843799e-06,5.3617209748638216e-05,4.634362217457933e-07,5.856868987712911e-05,5.80135268016658e-07
-0.012300009689301747,5.015773172462397e-05,6.053517565757072e-06,4.822230834145799e-05,1.0355838327452016e-05,4.972006724047518e-05,4.376644841487784e-07,4.7417725800822e-05,8.045825406360079e-07
-0.012200009691827746,5.0131557205612784e-05,7.81980242754689e-06,5.664994069493073e-05,8.277241956805854e-06,4.9719166973068255e-05,4.123902325445268e-07,5.627905145738487e-05,3.70889237545841e-07
-0.012100009694353746,5.631259563697553e-05,7.784009665956871e-06,5.4452253270020976e-05,1.0297734172885075e-05,5.584635022438467e-05,4.6624541259086855e-07,5.340799564715618e-05,1.0442576228648013e-06
-0.012000009696879746,5.543982328681537e-05,9.757647773381177e-06,5.567904511233285e-05,1.1501775705871134e-05,5.494870522452295e-05,4.911180622924114e-07,5.4867512051667684e-05,8.115330606651594e-07
-0.011900009699405746,5.8898308957210595e-05,1.1881043689377339e-05,5.2942957931515505e-05,8.049833788270942e-06,5.8124673135895685e-05,7.736358213149251e-07,5.244626203177111e-05,4.966958997444072e-07
-0.011800009701931746,5.0488045853864856e-05,8.097686364953997e-06,5.14071058632775e-05,8.466787000903938e-06,5.0144477382120935e-05,3.4356847174393396e-07,5.08147469823703e-05,5.923588809072033e-07
-0.011700009704457746,5.9500909111158745e-05,7.0635732301507635e-06,5.8047196527538745e-05,7.438059580662608e-06,5.904431872336242e-05,4.5659038779628817e-07,5.7710177421409834e-05,3.370191061289113e-07
-0.011600009706983746,5.318388286060965e-05,8.223897099787143e-06,5.2110083693446156e-05,5.830710494614462e-06,5.2755563251406445e-05,4.283196092031835e-07,5.1739467590520205e-05,3.706161029259457e-07
-0.011500009709509746,5.061402996540505e-05,7.757154840885941e-06,5.357096982788811e-05,7.241876072650052e-06,5.015312603041953e-05,4.6090393498552906e-07,5.3183680486569846e-05,3.8728934131827587e-07
-0.011400009712035745,6.0428630025877705e-05,9.963049226805635e-06,6.104563618517265e-05,8.241673989120433e-06,5.9976992693250074e-05,4.5163733262765475e-07,6.031551205886836e-05,7.301241263042899e-07
-0.011300009714561746,5.6727097923508224e-05,1.3624009070736799e-05,5.440442910729998e-05,9.869002444009437e-06,5.5846350224231296e-05,8.807476992769283e-07,5.382475743199961e-05,5.79671675300376e-07
-0.011200009717087745,5.15598689650743e-05,9.00108519281961e-06,5.7053276719275245e-05,8.191989418616212e-06,5.1073522347356867e-05,4.863466177174414e-07,5.6560763251760324e-05,4.92513467514907e-07
-0.011100009719613746,5.448609676131789e-05,1.1310258127646756e-05,5.351593913545294e-05,5.05666210568545e-06,5.363450835944846e-05,8.515884018694416e-07,5.324367198697725e-05,2.7226714847568176e-07
-0.011000009722139745,5.558714511510805e-05,9.363206723095422e-06,5.1757322156518746e-05,6.565976636012089e-06,5.500059711753549e-05,5.865479975725714e-07,5.13558286518572e-05,4.014935046615298e-07
-0.010900009724665746,5.055262668081873e-05,7.707408194018603e-06,5.16643823764812e-05,1.1095431129459405e-05,5.019636927052592e-05,3.562574102927989e-07,5.090555842912736e-05,7.588239473538416e-07
-0.010800009727191745,5.274934825018396e-05,7.257578996232048e-06,5.192741797262647e-05,8.611268204250663e-06,5.2326743605917266e-05,4.2260464426668345e-07,5.1429802571557835e-05,4.976154010686274e-07
-0.010700009729717746,5.7032213511377766e-05,6.07611258518628e-06,5.629293844566554e-05,1.34180722416708e-05,5.67615281479295e-05,2.7068536344829977e-07,5.542246961881449e-05,8.704688268510576e-07
-0.010600009732243745,5.68560896687327e-05,1.0469098685604596e-05,5.432131660515161e-05,1.3511136203017499e-05,5.6308435919960024e-05,5.476537487726768e-07,5.334151769702699e-05,9.79798908124634e-07
-0.010500009734769746,5.403280594051664e-05,5.537918385629123e-06,5.472399816433773e-05,7.473718860837086e-06,5.3651804998151266e-05,3.810009423653758e-07,5.429592418947559e-05,4.2807397486212327e-07
-0.010400009737295745,5.509997608277978e-05,9.897276932504776e-06,5.200487884799422e-05,8.601063017551448e-06,5.458215693656811e-05,5.178191462116574e-07,5.132645929491054e-05,6.784195530836824e-07
-0.010300009739821746,5.7139229773488894e-05,7.87838287049143e-06,5.595834304875563e-05,1.146111022578739e-05,5.675882544585314e-05,3.804043276357762e-07,5.50881021777863e-05,8.702408709693555e-07
-0.010200009742347745,5.589583771986788e-05,9.889401780705285e-06,4.860195424162684e-05,1.0930274064925728e-05,5.5400673108886417e-05,4.95164610981455e-07,4.756633380698249e-05,1.0356204346443592e-06
-0.010100009744873746,5.391625737892522e-05,6.929038048268446e-06,5.8235693713890816e-05,7.285677235730185e-06,5.3620994846885934e-05,2.9526253203929395e-07,5.767355484146567e-05,5.621388724251518e-07
-0.010000009747399745,5.616788286772198e-05,6.863020105230497e-06,5.653614454879068e-05,8.446895367450336e-06,5.584851171491759e-05,3.1937115280440075e-07,5.598157531295636e-05,5.545692358343305e-07
-0.009900009749925746,6.018477482387247e-05,4.351663432859985e-06,5.5719468668882606e-05,6.797959117300311e-06,5.99870827822847e-05,1.9769204158774913e-07,5.528756296905325e-05,4.31905699829353e-07
-0.009800009752451745,5.601020350913358e-05,1.1828353157400714e-05,5.9647433984970614e-05,1.148141522475638e-05,5.540770080342702e-05,6.02502705706549e-07,5.879062039679812e-05,8.568135881725231e-07
-0.009700009754977746,5.1165541194509646e-05,8.849972345149719e-06,5.507310138562732e-05,1.266387937096819e-05,5.058349758903159e-05,5.820436054780512e-07,5.4122615778339744e-05,9.504856072875553e-07
-0.009600009757503745,5.4792492092571315e-05,4.173818828424205e-06,5.599486930023907e-05,1.0746088829170816e-05,5.454882559473143e-05,2.436664978398864e-07,5.5075948403879e-05,9.189208963600552e-07
-0.009500009760029746,6.277048749466238e-05,8.320061652936628e-06,6.112548399792881e-05,9.203019613494849e-06,6.233162943771104e-05,4.3885805695133885e-07,6.046686408670408e-05,6.586199112247414e-07
-0.009400009762555745,5.395186686534988e-05,5.782435049868525e-06,5.7623044070774164e-05,1.6297287979946865e-05,5.363829148548599e-05,3.1357537986387556e-07,5.640968073100324e-05,1.2133633397709251e-06
-0.009300009765081746,5.764346750924894e-05,7.253747171611424e-06,5.545396383094414e-05,1.224803383388165e-05,5.7211391334637253e-05,4.320761746117176e-07,5.434697351794246e-05,1.1069903130016734e-06
-0.009200009767607745,5.60153266416304e-05,1.0727831156464467e-05,5.03013174279382e-05,7.568439282071842e-06,5.5396350789887416e-05,6.189758517430146e-07,4.9755072016763376e-05,5.462454111748319e-07
-0.009100009770133746,5.553527627046815e-05,6.334682453862631e-06,5.566986871171393e-05,8.776078338659644e-06,5.49890669174335e-05,5.462093530346501e-07,5.4989903982188894e-05,6.799647295250453e-07
-0.009000009772659745,5.4509917908506605e-05,9.05559398349816e-06,5.358332594731671e-05,9.62481499803101e-06,5.4063189757205975e-05,4.4672815130063115e-07,5.2879379553974926e-05,7.039463933417958e-07
-0.008900009775185746,5.3234475990970054e-05,8.226402370737619e-06,5.557157832003564e-05,6.8537995527154485e-06,5.279592426278759e-05,4.3855172818245994e-07,5.491783259085408e-05,6.537457291815472e-07
-0.008800009777711745,5.5154554155875756e-05,8.315493479777006e-06,4.945283828816114e-05,1.0180351172371072e-05,5.453801279347655e-05,6.165413623992002e-07,4.878493873505859e-05,6.678995531025503e-07
-0.008700009780237746,5.9173432415301046e-05,1.1225473424347278e-05,5.1275149145512075e-05,7.88182086940941e-06,5.858502799536961e-05,5.884044199314189e-07,5.0836909762687255e-05,4.3823938282479925e-07
-0.008600009782763745,5.894261667906287e-05,7.5660308188469184e-06,5.472637475767375e-05,5.738518268327291e-06,5.8598542196299885e-05,3.440744827629894e-07,5.4376523734324216e-05,3.498510233495214e-07
-0.008500009785289746,5.5790480448686504e-05,8.649316597850914e-06,5.9184752941877136e-05,8.87563377428093e-06,5.5426618385302235e-05,3.6386206338424283e-07,5.874737716424103e-05,4.3737577763608484e-07
-0.008400009787815745,5.7237478257037984e-05,5.589447129038442e-06,5.152462364574864e-05,6.398843008591426e-06,5.6837205175313146e-05,4.002730817248479e-07,5.113701105954144e-05,3.8761258620720864e-07
-0.008300009790341746,5.621946917508384e-05,9.834502095034851e-06,5.399149819317147e-05,9.21626046959358e-06,5.5848511715132674e-05,3.7095745995116234e-07,5.331430981619483e-05,6.771883769766503e-07
-0.008200009792867745,5.27242649709479e-05,7.404921923735318e-06,5.242347174168114e-05,6.8681441744296345e-06,5.2312329193011585e-05,4.119357779362968e-07,5.193887531768108e-05,4.845964240000494e-07
-0.008100009795393746,5.672811840499684e-05,6.795239858962556e-06,5.184404749346691e-05,1.3664035876083137e-05,5.630843659162575e-05,4.196818133710849e-07,5.0721615231058235e-05,1.122432262408656e-06
-0.008000009797919745,6.134090010300442e-05,7.496361624743528e-06,5.65924422923329e-05,9.645891893408991e-06,6.091603114927763e-05,4.2486895372680703e-07,5.614851170173208e-05,4.439305906008387e-07
-0.007900009800445746,5.380414522905729e-05,9.672317766806391e-06,5.8469118577402345e-05,8.336138701513802e-06,5.3177730426001986e-05,6.264148030553064e-07,5.78535534601184e-05,6.155651172839539e-07
-0.007800009802971746,5.3397206232756245e-05,9.567613154571932e-06,5.81452305828115e-05,1.1790386826567928e-05,5.2740428769473255e-05,6.567774632829995e-07,5.736519329761424e-05,7.800372851972689e-07
-0.007700009805497746,5.736322029028679e-05,8.575828286264161e-06,5.850640568284714e-05,7.34263234780463e-06,5.6780446387371526e-05,5.827739029152585e-07,5.807676419151049e-05,4.2964149133665074e-07
-0.007600009808023746,5.748296580659134e-05,7.0292193674370275e-06,5.250496292129482e-05,7.090139469717795e-06,5.7209410031610445e-05,2.7355577498089856e-07,5.185928808074069e-05,6.45674840554123e-07
-0.007500009810549746,5.683390085883958e-05,9.275835635213459e-06,5.3111962418576766e-05,1.0393176922607842e-05,5.6332220376903346e-05,5.016804819362321e-07,5.253631521667366e-05,5.756472019031396e-07
-0.0074000098130757455,5.700284486549499e-05,8.73386843410045e-06,5.2551896387125095e-05,1.2594942420282065e-05,5.6355284106933744e-05,6.475607585612696e-07,5.1716584093254324e-05,8.353122938707775e-07
-0.0073000098156017455,5.7095418523115275e-05,6.277486232558143e-06,5.6177470835200785e-05,1.0497689229968428e-05,5.6758825445836616e-05,3.3659307727867105e-07,5.559717432960245e-05,5.802965055983224e-07
-0.0072000098181277455,5.455178459722245e-05,9.385720164375138e-06,4.9967417505519365e-05,6.663641734227172e-06,5.4061567475455545e-05,4.902171217668936e-07,4.958732552932498e-05,3.8009197619438287e-07
-0.0071000098206537455,6.324857681360991e-05,1.203342559255483e-05,5.6217615703694254e-05,8.927817744876167e-06,6.237487268022455e-05,8.737041333854093e-07,5.559891229577158e-05,6.187034079226676e-07
-0.0070000098231797455,5.547168784467996e-05,8.818761308526563e-06,5.487899585927906e-05,1.0528822114967787e-05,5.495014666567235e-05,5.21541179007604e-07,5.407015713570714e-05,8.088387235719306e-07
-0.0069000098257057454,5.4203735673912654e-05,8.579404036417537e-06,5.212158728122126e-05,7.33220628382958e-06,5.363450638676102e-05,5.692292871516308e-07,5.142980320092823e-05,6.917840802930238e-07
-0.006800009828231745,5.451864293963984e-05,8.115955940959745e-06,5.479833231822847e-05,9.202897904652983e-06,5.406517173987269e-05,4.534711997671414e-07,5.4141895717600964e-05,6.564366006275057e-07
-0.006700009830757745,5.509955018080971e-05,1.0529974128165214e-05,5.1082338685068235e-05,6.593926326547182e-06,5.450720198460584e-05,5.923481962038802e-07,5.0601327182062116e-05,4.810115030061151e-07
-0.006600009833283745,5.9459608165225124e-05,7.004128091592256e-06,5.728585256199097e-05,9.319628724473954e-06,5.9129902925093705e-05,3.297052401314114e-07,5.672851235633705e-05,5.573402056539055e-07
-0.006500009835809745,5.764569456815902e-05,8.270933456252662e-06,5.3457598347223866e-05,7.717290452300489e-06,5.7206525791158165e-05,4.3916877700084353e-07,5.297124807428505e-05,4.863502729388294e-07
-0.006400009838335745,5.6818777218476065e-05,7.959471159854387e-06,5.658354206535232e-05,9.370081721463013e-06,5.632285168160831e-05,4.959255368677526e-07,5.578167880306508e-05,8.018632622872288e-07
-0.006300009840861745,5.449602816232924e-05,5.909739771723235e-06,5.7605668092034164e-05,1.2924144098426312e-05,5.405868591353407e-05,4.373422487951912e-07,5.6728512994542824e-05,8.771550974913298e-07
-0.006200009843387745,5.262668310376739e-05,6.8253448988556216e-06,5.4502152485768764e-05,1.046207106712121e-05,5.2301517733178126e-05,3.2516537058926386e-07,5.391412678078454e-05,5.880257049842342e-07
-0.006100009845913745,5.204195824780172e-05,1.0710375467418249e-05,6.181334719463671e-05,8.012440053625985e-06,5.143923441588881e-05,6.027238319129085e-07,6.134470252193494e-05,4.686446727017609e-07
-0.006000009848439745,5.1259516754135676e-05,9.25364721691904e-06,5.695499733875165e-05,9.29703212148605e-06,5.0583495672640655e-05,6.760210814950328e-07,5.6473570649843174e-05,4.814266889084848e-07
-0.005900009850965745,5.268059576883515e-05,6.608151343423231e-06,5.506836210019964e-05,1.0963211461099922e-05,5.2312329191900325e-05,3.6826657693480115e-07,5.433162478025845e-05,7.367373199411764e-07
-0.005800009853491745,5.348228931167826e-05,7.087337182556191e-06,5.5339855876023706e-05,8.402355690063515e-06,5.318061396346492e-05,3.01675348213339e-07,5.493531007727313e-05,4.045457987505695e-07
-0.005700009856017745,5.759721461344522e-05,1.0952952587055707e-05,5.8564117592861254e-05,1.2508327197140024e-05,5.682206800982029e-05,7.751466036249354e-07,5.779071796305591e-05,7.733996298053512e-07
-0.005600009858543745,6.121823332405854e-05,6.726266446722911e-06,5.280075826359964e-05,7.95904342582531e-06,6.095566868542447e-05,2.6256463863405676e-07,5.236680321074465e-05,4.339550528549961e-07
-0.005500009861069745,5.638442703938765e-05,1.0592833839894441e-05,5.105393766848909e-05,7.87971608112015e-06,5.585445766083948e-05,5.299693785481962e-07,5.065250025499932e-05,4.0143741348977527e-07
-0.005400009863595745,5.488760354742916e-05,7.710914989759342e-06,5.346456549873534e-05,1.0279565999148079e-05,5.4503418201394084e-05,3.8418534603508914e-07,5.290692375322246e-05,5.576417455128826e-07
-0.005300009866121745,5.999964194890767e-05,9.996729579805485e-06,6.27463054348066e-05,7.300593435597792e-06,5.955281007845205e-05,4.4683187045563966e-07,6.23048598932007e-05,4.4144554160587044e-07
-0.005200009868647745,5.607948002764061e-05,1.0021507254764554e-05,5.34743653995517e-05,8.362190772466806e-06,5.539634945315634e-05,6.831305744842773e-07,5.3048027531862e-05,4.263378676897072e-07
-0.005100009871173745,5.2281005238792815e-05,6.801215323252793e-06,5.92885906906963e-05,1.1443391214692105e-05,5.1880460679600815e-05,4.005445591919707e-07,5.857061973987415e-05,7.179709508221234e-07
-0.005000009873699745,6.355366992942763e-05,1.2971562388995235e-05,5.172367229596759e-05,8.150665119048538e-06,6.285157647300605e-05,7.020934564215601e-07,5.1356829602199614e-05,3.668426937679915e-07
-0.004900009876225745,5.962442478628606e-05,8.981359884013123e-06,5.6804799032256064e-05,1.1604666266055486e-05,5.9094768481580455e-05,5.296563047055986e-07,5.611130503603934e-05,6.934939962167516e-07
-0.004800009878751745,5.129386755604435e-05,6.322079959648308e-06,5.318522515527311e-05,6.586337735281085e-06,5.100307126162635e-05,2.9079629441801726e-07,5.267469420911207e-05,5.105309461610355e-07
-0.004700009881277745,5.349419271743427e-05,5.394365836921717e-06,5.563670994652643e-05,6.98035904019594e-06,5.3234488489754105e-05,2.5970422768015243e-07,5.529994644231157e-05,3.3676350421484944e-07
-0.004600009883803745,5.7065355957071676e-05,7.797725095584724e-06,5.898824198707162e-05,1.1796162925920282e-05,5.67528795002117e-05,3.1247645685995873e-07,5.831027904073493e-05,6.779629463366929e-07
-0.004500009886329745,5.523617641835399e-05,6.038985138349914e-06,4.622249694420944e-05,1.4193221558027908e-05,5.4948705890222966e-05,2.87470528131043e-07,4.5040237316029806e-05,1.1822596281796402e-06
-0.004400009888855745,6.0838322881723036e-05,7.989432226845187e-06,5.2940491567321046e-05,9.959218629374274e-06,6.0442992006638524e-05,3.953308750845207e-07,5.2392929994165996e-05,5.475615731550545e-07
-0.004300009891381745,5.272649275107169e-05,8.090904095884833e-06,5.340951827477552e-05,8.965240179083908e-06,5.230530216629641e-05,4.211905847752882e-07,5.275124873837915e-05,6.582695363963726e-07
-0.004200009893907745,5.592575906496276e-05,9.053912543208668e-06,5.251467155024004e-05,5.473020500307737e-06,5.540770080340259e-05,5.180582615601664e-07,5.211253273876865e-05,4.021388114713896e-07
-0.004100009896433745,5.347581966817259e-05,1.1427176306649157e-05,5.630677330894619e-05,1.01095678721926e-05,5.2759347687115834e-05,7.164719810567579e-07,5.573338920843199e-05,5.733841005141962e-07
-0.004000009898959745,5.8960351446101724e-05,7.162999189810117e-06,5.417223034541282e-05,8.972876914031515e-06,5.8581245586175616e-05,3.791058599260977e-07,5.3667667133329245e-05,5.045632120835723e-07
-0.0039000099014857453,5.675793968228756e-05,8.73979935003024e-06,5.558545168859268e-05,9.141807501884084e-06,5.6297624435318346e-05,4.603152469692253e-07,5.4992739275278104e-05,5.927124133145655e-07
-0.0038000099040117453,5.247189696321661e-05,9.76723132854818e-06,5.076465422627363e-05,5.743000575359491e-06,5.192424316919374e-05,5.476537940228673e-07,5.050330981120964e-05,2.613444150639778e-07
-0.0037000099065377452,5.270762285551339e-05,6.373001559802424e-06,5.843140626297799e-05,8.428214454862807e-06,5.230530216627003e-05,4.023206892433869e-07,5.790315039554527e-05,5.282558674327167e-07
-0.0036000099090637452,5.6265322817172087e-05,7.05611638299183e-06,5.8583297934157323e-05,6.335204608763541e-06,5.584635022399029e-05,4.1897259318180465e-07,5.830112100512837e-05,2.821769290289396e-07
-0.003500009911589745,5.369034702818491e-05,8.620595846122217e-06,5.253990710183639e-05,8.830297736017398e-06,5.318259463479882e-05,5.07752393386098e-07,5.1988116903773375e-05,5.517901980630139e-07
-0.003400009914115745,5.546490864641718e-05,9.641301763107364e-06,5.867746021610898e-05,1.0982588209054529e-05,5.498906757814795e-05,4.75841068269226e-07,5.806274130338363e-05,6.147189127253684e-07
-0.003300009916641745,5.575041637013696e-05,8.34026179315304e-06,4.899751616377375e-05,1.0436440662331228e-05,5.540499810087908e-05,3.4541826925788045e-07,4.826507378588144e-05,7.324423778923215e-07
-0.003200009919167745,5.560269745890356e-05,1.0756115461254464e-05,5.495202608243756e-05,6.702319352255899e-06,5.49501486627703e-05,6.525487961332854e-07,5.460373093039066e-05,3.4829515204691795e-07
-0.003100009921693745,5.6328287127342905e-05,1.0949297242869805e-05,5.540695953576974e-05,1.1340463858908818e-05,5.5846349553073356e-05,4.81937574269567e-07,5.463000381109015e-05,7.769557246795861e-07
-0.003000009924219745,5.777281445624699e-05,9.788625505531279e-06,5.3787388593236926e-05,1.1234951018364646e-05,5.721949876252383e-05,5.533156937231616e-07,5.3118806466794416e-05,6.68582126442537e-07
-0.002900009926745745,5.505241954473321e-05,9.249506667536288e-06,5.346198250723972e-05,1.276868088082182e-05,5.455476954817219e-05,4.976499965610297e-07,5.243091045875425e-05,1.0310720484854788e-06
-0.002800009929271745,5.529094042386025e-05,7.804854473131553e-06,5.796559068317023e-05,9.652816404145715e-06,5.495014733178749e-05,3.4079309207275115e-07,5.751125782281629e-05,4.5433286035393083e-07
-0.002700009931797745,5.727147187541361e-05,8.967866827750638e-06,5.498252488223632e-05,1.0037896897474989e-05,5.67680153104842e-05,5.034565649294174e-07,5.447791184041349e-05,5.046130418228366e-07
-0.002600009934323745,5.7161873313876636e-05,1.2504808481544281e-05,5.4292345115810876e-05,1.3472937469129702e-05,5.62985273577585e-05,8.633459561181177e-07,5.3287462990624314e-05,1.004882125186567e-06
-0.002500009936849745,5.657792982817128e-05,1.2542264293162882e-05,5.4012719847837206e-05,1.0751578310638639e-05,5.584851171512559e-05,7.294181130456671e-07,5.322964718644599e-05,7.830726613912043e-07
-0.002400009939375745,5.282711043702122e-05,7.900967991350886e-06,5.605460398417187e-05,7.137551140318628e-06,5.2396113625620825e-05,4.309968114003811e-07,5.577404946064069e-05,2.805545235311887e-07
-0.002300009941901745,6.190170285428878e-05,8.384950779470039e-06,6.043379997676228e-05,5.632351766735998e-06,6.138079620074102e-05,5.209066535477766e-07,6.01725975287599e-05,2.6120244800237786e-07
-0.002200009944427745,5.775019819129067e-05,8.272154003443173e-06,4.5809769996202935e-05,7.745489690353228e-06,5.720652511154629e-05,5.436730797443847e-07,4.542031938108019e-05,3.8945061512275735e-07
-0.002100009946953745,5.559520481469668e-05,1.0560126469018884e-05,5.315629758498435e-05,1.0171459039668312e-05,5.500059777865305e-05,5.946070360436141e-07,5.23912701742089e-05,7.650274107754474e-07
-0.002000009949479745,5.6691133184520944e-05,8.902749239038448e-06,5.385107427305168e-05,4.779022766249518e-06,5.631870753613696e-05,3.7242564838397157e-07,5.34988071185853e-05,3.522671544663664e-07
-0.001900009952005745,5.116222075066906e-05,9.240721892181925e-06,5.227176463777583e-05,1.153806464647623e-05,5.058998343714028e-05,5.722373135287916e-07,5.152685374274082e-05,7.449108950350393e-07
-0.001800009954531745,5.695236763033696e-05,4.291387771166328e-06,5.49617716314172e-05,1.1743841371912855e-05,5.674999797046111e-05,2.0236965987583451e-07,5.418153471263274e-05,7.802369187844658e-07
-0.001700009957057745,5.274704794410857e-05,1.2290336997619135e-05,5.7920077552462256e-05,1.4920682408911549e-05,5.187235063201867e-05,8.746973120898921e-07,5.6703467978642006e-05,1.216609573820269e-06
-0.001600009959583745,5.902161480792122e-05,6.980299776306779e-06,5.779315136645193e-05,1.0268296844888934e-05,5.858701341353155e-05,4.346013943896665e-07,5.708688936707435e-05,7.062619993775732e-07
-0.001500009962109745,6.0857502813683095e-05,1.2884886884557951e-05,5.5752325753169764e-05,7.788172946594922e-06,6.0007803501725716e-05,8.496993119573808e-07,5.528756162976749e-05,4.6476412340230705e-07
-0.001400009964635745,5.675504820763502e-05,1.0370889667289475e-05,5.420040035150843e-05,9.033049998028515e-06,5.630339222221142e-05,4.5165598542358673e-07,5.3608722058994057e-05,5.91678292514365e-07
-0.001300009967161745,5.260601146059008e-05,4.531422300639204e-06,5.3302270856578986e-05,1.291991234862193e-05,5.2322598813325766e-05,2.834126472643088e-07,5.239292935513912e-05,9.093415014398543e-07
-0.001200009969687745,5.571042148305666e-05,1.2765670579336622e-05,5.2463423498433955e-05,1.0758269958584446e-05,5.4951407926831274e-05,7.590135562253793e-07,5.1810279060475534e-05,6.531444379584099e-07
-0.001100009972213745,5.8144003552408426e-05,1.0045569617595264e-05,6.009009612060153e-05,7.233127375477929e-06,5.7662349802162406e-05,4.816537502460061e-07,5.9735307617509485e-05,3.5478850309201466e-07
-0.001000009974739745,5.3531675401685554e-05,1.1227401544589889e-05,5.370541160909093e-05,5.776236678386246e-06,5.279592426525293e-05,7.357511364326077e-07,5.3343671330005e-05,3.617402790859195e-07
-0.0009000099772657449,6.120010300732784e-05,1.0621276430930482e-05,5.013818890058588e-05,8.461716472213407e-06,6.0440829844278164e-05,7.592731630496877e-07,4.96049386635155e-05,5.332502370704032e-07
-0.000800009979791745,5.9260702288409195e-05,5.657912481375939e-06,5.4430890257262846e-05,8.870698952462322e-06,5.9042697791895644e-05,2.1800449651353852e-07,5.393737198300702e-05,4.935182742558333e-07
-0.000700009982317745,5.57400560938714e-05,1.2063489696164813e-05,5.146130248838824e-05,9.046137752070231e-06,5.496311764180466e-05,7.769384520667223e-07,5.0953125972138026e-05,5.081765162501936e-07
-0.000600009984843745,5.527970360672833e-05,6.6697346336429315e-06,5.572530010806166e-05,8.308916321496708e-06,5.5013570750911055e-05,2.661328558172809e-07,5.52639593491422e-05,4.613407589194651e-07
-0.0005000099873697449,6.054214564164477e-05,1.0038108239846044e-05,5.305705783365509e-05,1.0237008362720571e-05,5.997537315777881e-05,5.667724838659593e-07,5.2493073260867865e-05,5.639845727872106e-07
-0.0004000099898957449,5.541805907192697e-05,9.458926279845997e-06,5.175804853431488e-05,8.643273688018612e-06,5.4948704558753e-05,4.693545131739906e-07,5.119917195658138e-05,5.588765777335184e-07
-0.0003000099924217449,5.357460720288961e-05,7.640112088688047e-06,5.379706280143915e-05,9.10354016764784e-06,5.317610945914871e-05,3.9849774374090517e-07,5.3343670677840115e-05,4.533921235990323e-07
-0.0002000099949477449,5.392289604360294e-05,5.543631637032846e-06,5.606493325582549e-05,1.2218493622765456e-05,5.369594914271338e-05,2.2694690088955565e-07,5.5385579656416026e-05,6.793535994094581e-07
-0.0001000099974737449,5.410866757568384e-05,9.697087684811813e-06,5.104254043756023e-05,6.806002490703494e-06,5.3620994189686385e-05,4.876733859974596e-07,5.0658192453705054e-05,3.8434798385518353e-07
-9.999999744889795e-09,0.00041948086220314565,2.8251918555736547e-05,5.2799481023636925e-05,5.72260100016389e-06,0.00041866266784455514,8.181943585904556e-07,5.241941648432992e-05,3.8006453930698907e-07
9.998999747425511e-05,0.00036504145934604956,1.8889428975494712e-05,5.310031146610561e-05,1.0939549509292258e-05,0.00036444812989315663,5.933294528928568e-07,5.215460337204481e-05,9.457080940608079e-07
0.00019998999494825513,0.0003192251244386349,2.457772189767308e-05,5.027639266898087e-05,8.937648411475997e-06,0.00031841866389424085,8.064605443941584e-07,4.9800534868224145e-05,4.758578007567134e-07
0.0002999899924222551,0.0002743682953760612,2.044425201120154e-05,4.989838047682536e-05,5.628671293620217e-06,0.0002731088978802957,1.2593974957654642e-06,4.9542640231579856e-05,3.5574024524551284e-07
0.00039998998989625514,0.00025210517757214663,1.5348731372503514e-05,6.1789700100067e-05,1.1294620544698362e-05,0.00025154286077016397,5.623168019826123e-07,6.112564126900077e-05,6.640588310662225e-07
0.0004999899873702552,0.00021562072348961202,1.3862137016175914e-05,5.1931049756425916e-05,1.089557277183582e-05,0.00021523517219241008,3.855512972019335e-07,5.126880228142382e-05,6.622474750020822e-07
0.0005999899848442552,0.00018342132086634818,1.2390294465221951e-05,5.454997659795048e-05,1.1358402711886064e-05,0.0001826529379953286,7.683828710195648e-07,5.359538304368335e-05,9.545935542671318e-07
0.0006999899823182552,0.00015839550127492825,1.4786293445403548e-05,5.111595225485426e-05,1.219385964750215e-05,0.00015757141491910159,8.240863558267415e-07,5.018709424345542e-05,9.288580113988563e-07
0.0007999899797922551,0.00014584188569289884,1.0213344767464593e-05,4.989229194265764e-05,6.929540272418526e-06,0.00014509813241599256,7.437532769062842e-07,4.9334668433686506e-05,5.576235089711391e-07
0.0008999899772662551,0.0001209650158327755,6.016101949438827e-06,5.101733306199589e-05,6.972974034349943e-06,0.00012067852524191927,2.864905908562338e-07,5.06524996217006e-05,3.6483344029530285e-07
0.0009999899747402553,0.00010697863168596331,4.4845771953468776e-06,5.4811876295939357e-05,6.9966659611167296e-06,0.00010652801601816792,4.5061566779532106e-07,5.447791051931874e-05,3.3396577662062617e-07
0.0010999899722142553,8.613914418106095e-05,1.0670386962346719e-05,5.685302033904743e-05,1.0967798557732242e-05,8.54946192256602e-05,6.445249554007113e-07,5.627905144795344e-05,5.739688910939757e-07
0.001199989969688255,8.734301404912446e-05,8.390357625666522e-06,5.30773672946473e-05,5.1356909859622045e-06,8.686537394709583e-05,4.776401020286601e-07,5.2493521639116925e-05,5.838456555303728e-07
0.001299989967162255,7.096047239976676e-05,9.469185172863832e-06,5.099189466763363e-05,1.1543401290486446e-05,7.045477012611697e-05,5.057022736497851e-07,5.005567060769467e-05,9.362240599389603e-07
0.0013999899646362551,6.382075335305281e-05,8.511842289600045e-06,4.84184043880863e-05,8.715091358790237e-06,6.276862694307031e-05,1.0521264099825229e-06,4.749254255376592e-05,9.25861834320368e-07
0.0014999899621102551,5.493377569485969e-05,5.190711959049998e-06,5.0559055377083204e-05,1.5154648100311918e-05,5.452110165138276e-05,4.1267404347693715e-07,4.8980208265759255e-05,1.5788471113239354e-06
0.0015999899595842552,4.836897885555967e-05,6.035277636244542e-06,5.2552228232158325e-05,1.0310591835525745e-05,4.800715329836116e-05,3.6182555719851576e-07,5.134457165343885e-05,1.2076565787194966e-06
0.0016999899570582552,4.132892983397024e-05,5.801375450508553e-06,5.4647889742549196e-05,8.310085278486348e-06,4.080763646688433e-05,5.21293367085922e-07,5.3652749814729445e-05,9.951399278197662e-07
0.0017999899545322552,3.749809014995446e-05,8.218391995425457e-06,4.9491514801070145e-05,1.1960671884890825e-05,3.670907942057221e-05,7.890107293822535e-07,4.839200255397623e-05,1.0995122470939113e-06
0.0018999899520062552,3.330268078541244e-05,6.939283164117243e-06,5.413951686189431e-05,1.0776930165814989e-05,3.265223136877474e-05,6.50449416637702e-07,5.271682323889518e-05,1.4226936229991475e-06
0.001999989949480255,2.6014209912297182e-05,5.513237340246609e-06,4.950418091177363e-05,7.727294680853201e-06,2.5525696474881e-05,4.885134374161799e-07,4.860551544037616e-05,8.986654713974619e-07
0.002099989946954255,2.2796176119382695e-05,3.388562269817814e-06,5.407680900215877e-05,6.939552357319715e-06,2.2410198702966682e-05,3.8597741641600553e-07,5.3331504293507386e-05,7.453047086513866e-07
0.002199989944428255,2.060701375774522e-05,3.3002629207823693e-06,5.1786295709930414e-05,9.55620689000728e-06,2.0361411578853495e-05,2.45602178891724e-07,5.103157506860603e-05,7.547206413243746e-07
0.002299989941902255,1.8325878816823612e-05,2.1668512270748516e-06,5.4593391626578433e-05,6.932992812834182e-06,1.804781584729475e-05,2.7806296952886896e-07,5.377189927517639e-05,8.214923514020542e-07
0.002399989939376255,1.6906244790716903e-05,4.765372414587951e-06,4.794172794707166e-05,8.605447013560758e-06,1.6372320245531626e-05,5.33924545185274e-07,4.709149108120989e-05,8.502368658617708e-07
0.002499989936850255,1.2356441558370522e-05,3.489246813139675e-06,5.0671205064328694e-05,5.631579534221996e-06,1.2041867622842935e-05,3.145739355275892e-07,4.971804791230116e-05,9.531571520275301e-07
0.002599989934324255,1.337331058264665e-05,3.4046456047393893e-06,5.3723078423854e-05,1.2876459608695544e-05,1.2796731994018236e-05,5.765785886284086e-07,5.248591930125895e-05,1.237159122595039e-06
0.002699989931798255,1.1333468248797307e-05,2.1803237955739755e-06,5.2627771942759216e-05,1.055380446320917e-05,1.0767177821954702e-05,5.662904268426064e-07,5.146678423738393e-05,1.1609877053752722e-06
0.002799989929272255,9.203846717521234e-06,4.468667297273728e-06,4.894631423037549e-05,1.5784207411898674e-05,8.616015842016384e-06,5.87830875504853e-07,4.752031927490315e-05,1.4259949554723352e-06
0.002899989926746255,8.964241001019213e-06,3.735411379250516e-06,5.213966155087644e-05,1.5653781743029093e-05,8.414925692990478e-06,5.493153080287349e-07,5.066146941113296e-05,1.4781921397434862e-06
0.0029999899242202552,6.7865217296113195e-06,3.86498944073846e-06,4.5290368590844954e-05,1.2190700980519261e-05,5.896729441153105e-06,8.897922884582125e-07,4.409159500258941e-05,1.1987735882555418e-06
0.0030999899216942552,6.093068189244072e-06,3.2059293680830007e-06,4.170125610394636e-05,1.052692518602004e-05,5.523204252111467e-06,5.69863937132606e-07,4.06251839755419e-05,1.0760721284044496e-06
0.0031999899191682553,7.185862705359893e-06,1.8596919754267498e-06,4.715392428087672e-05,9.756648425635435e-06,6.50411500646694e-06,6.817476988929539e-07,4.637170152299357e-05,7.822227578831632e-07
0.0032999899166422553,5.51253992056308e-06,3.1827057099461975e-06,4.5309609090980346e-05,1.0857321579204293e-05,4.463329393182504e-06,1.0492105273805734e-06,4.4312473623136206e-05,9.971354678441456e-07
0.0033999899141162553,4.20795765013669e-06,2.068793358879441e-06,4.050702647473958e-05,7.210314692233262e-06,3.82518630840841e-06,3.8277134172827964e-07,3.951777585584939e-05,9.89250618890196e-07
0.0034999899115902553,3.762841534676719e-06,1.3978174398671767e-06,3.9697859537557086e-05,5.895431036341371e-06,3.5841038121124504e-06,1.7873772256426862e-07,3.914822075599379e-05,5.49638781563297e-07
0.0035999899090642553,5.354620279777911e-06,2.387119046499582e-06,4.256112235685515e-05,9.668169849165256e-06,4.892529759603933e-06,4.6209052017397735e-07,4.168685085308493e-05,8.742715037702252e-07
0.0036999899065382554,3.863972447684218e-06,1.655363691216166e-06,5.1443945037030444e-05,1.549165921397001e-05,3.5235201285469245e-06,3.404523191372944e-07,4.998202734461179e-05,1.461917692418666e-06
0.0037999899040122554,3.3948650869561224e-06,1.5942479508011788e-06,4.235168694016849e-05,9.834820329301162e-06,2.745152922415925e-06,6.497121645401971e-07,4.1464147621565615e-05,8.875393186028696e-07
0.0038999899014862554,2.911938288758717e-06,1.7190396198292853e-06,4.647864882891964e-05,7.926743996667222e-06,2.2713125296295697e-06,6.406257591291473e-07,4.6113572374528386e-05,3.650764543912292e-07
0.003999989898960255,1.6550547245082578e-06,1.1991616980325643e-06,4.2061482201319085e-05,1.1236299708422961e-05,1.400588237589169e-06,2.544664869190882e-07,4.0909836310023475e-05,1.1516458912955982e-06
0.004099989896434255,2.7499179954562893e-06,2.6758527802286984e-06,4.293645416206131e-05,9.880995649400893e-06,2.1718529954102047e-06,5.780650000460847e-07,4.212038091312724e-05,8.160732489340582e-07
0.004199989893908255,3.4703445804529085e-06,2.345742933255073e-06,4.261127846688074e-05,9.033786411434875e-06,2.965706891941579e-06,5.046376885113284e-07,4.1983444516744066e-05,6.278339501366654e-07
0.004299989891382255,3.097780752742009e-06,1.3113487648792758e-06,4.2469497228468126e-05,1.0193499665780992e-05,2.6851349876165577e-06,4.126457651254518e-07,4.162533182206427e-05,8.441654064038583e-07
0.004399989888856255,2.059980055763431e-06,1.7859014569918886e-06,3.9683186902981305e-05,9.65863297169378e-06,1.4392681331775072e-06,6.207119225859235e-07,3.871056960596401e-05,9.726172970173148e-07
0.004499989886330255,3.1732164184466667e-06,2.0863135493060806e-06,3.814117688999339e-05,1.1544180267919073e-05,2.6759525811503853e-06,4.972638372962811e-07,3.7187399043894114e-05,9.53777846099285e-07
0.004599989883804255,2.1913425647706707e-06,1.9767472042728253e-06,4.2997840170788716e-05,9.891625553365464e-06,1.6889191017601341e-06,5.024234630105369e-07,4.20673018995194e-05,9.305382712693281e-07
0.004699989881278255,2.6898196730611657e-06,1.95142343972008e-06,3.9237966763078395e-05,1.249578207936264e-05,1.954104109442855e-06,7.357155636183106e-07,3.814876144827382e-05,1.0892053148045715e-06
0.004799989878752255,2.2330240307643966e-06,1.5976982344198775e-06,3.987217428888343e-05,1.2609136709332754e-05,1.9032503485034437e-06,3.29773682260953e-07,3.877302140530509e-05,1.0991528835783309e-06
0.004899989876226255,2.8913104858028835e-06,1.6090734751605506e-06,4.234234876179353e-05,6.818558679999089e-06,2.353261027300097e-06,5.380494585027871e-07,4.184252483990689e-05,4.998239218866497e-07
0.004999989873700255,1.8573973834076076e-06,1.1584539831463275e-06,3.882331181452206e-05,8.728995116452038e-06,1.6373044198434208e-06,2.2009296356418674e-07,3.8050447653806774e-05,7.72864160715281e-07
0.005099989871174255,2.80994539641147e-06,2.2964274511075794e-06,3.900671402230903e-05,9.514517327527649e-06,2.098880038367837e-06,7.110653580436336e-07,3.801531306178375e-05,9.91400960525277e-07
0.005199989868648255,2.245254707490834e-06,1.6817744704375595e-06,4.162549956994984e-05,6.2382234012840274e-06,1.6610882275389241e-06,5.841664799519099e-07,4.119524112021822e-05,4.302584497316302e-07
0.005299989866122255,3.111485247339087e-06,2.4886292247590913e-06,3.824845018856216e-05,1.1031916964029667e-05,2.40986971880142e-06,7.016155285376669e-07,3.715560883285105e-05,1.0928413557111211e-06
0.005399989863596255,1.6023054679661337e-06,1.094194753327745e-06,3.679330668195468e-05,1.0768422795569347e-05,1.337936196830351e-06,2.643692711357823e-07,3.592371116720678e-05,8.695955147479097e-07
0.005499989861070255,2.8412859211790067e-06,1.364495931463156e-06,3.480466194891075e-05,7.89282169412296e-06,2.6083744734408386e-06,2.3291144773816914e-07,3.399304429589269e-05,8.116176530180597e-07
0.005599989858544255,1.739597413084106e-06,1.3278684757245004e-06,3.535986374470857e-05,7.480569935397062e-06,1.2628660031429476e-06,4.7673140994115836e-07,3.493196934228936e-05,4.2789440241919924e-07
0.005699989856018255,1.4972060388356748e-06,1.2584775085064751e-06,3.391628596071246e-05,1.0242006868173298e-05,1.158426061631582e-06,3.3877997720409274e-07,3.3084462690983235e-05,8.318232697292398e-07
0.005799989853492255,1.606761000534107e-06,1.2691076715376637e-06,3.677551837449407e-05,7.380884113601183e-06,1.0515937438736938e-06,5.551672566604134e-07,3.6187237907774065e-05,5.882804667200058e-07
0.005899989850966255,3.5212919968175908e-06,2.613542185721359e-06,3.3232135380230744e-05,8.260119544062643e-06,2.6759525236857394e-06,8.453394731318524e-07,3.2668370248642156e-05,5.637651315885842e-07
0.005999989848440255,1.8640365855070887e-06,1.1291752081142328e-06,3.251485927760258e-05,7.748625176828018e-06,1.4369480524749832e-06,4.270885330321052e-07,3.2043047911388945e-05,4.718113662136396e-07
0.006099989845914255,2.1445497936547235e-06,1.2617056911106972e-06,3.443744917903729e-05,1.1265265159518784e-05,1.6146929575259926e-06,5.298568361287309e-07,3.3487665031469916e-05,9.497841475673803e-07
0.0061999898433882554,2.6923583970622137e-06,1.5899513255514398e-06,3.0612782658138695e-05,7.270122646191775e-06,2.2891503076407113e-06,4.0320808942150247e-07,3.003880294698631e-05,5.739797111523841e-07
0.0062999898408622555,1.949999159538115e-06,1.7137033586644992e-06,3.167274600378242e-05,6.286685539640052e-06,1.5073681231582438e-06,4.4263103637987134e-07,3.13053654014488e-05,3.673806023336207e-07
0.0063999898383362555,2.029278481551324e-06,1.6911542847473295e-06,3.36964650182441e-05,9.694170230564134e-06,1.3729841604064091e-06,6.562943211449146e-07,3.29633806032673e-05,7.330844149768085e-07
0.0064999898358102555,2.0998326867074593e-06,1.2694993000764478e-06,3.244274387010669e-05,1.0436119662698226e-05,1.801628731911326e-06,2.9820395479613337e-07,3.153605013680266e-05,9.066937333040312e-07
0.0065999898332842555,1.3755894420814783e-06,9.656601718056208e-07,3.407256195543994e-05,7.0219178306913e-06,9.97141442113449e-07,3.784479999680295e-07,3.361682758363865e-05,4.5573437180130364e-07
0.0066999898307582555,1.3460507155972797e-06,1.1011021110655915e-06,3.093847222891757e-05,1.1085816686555596e-05,7.68620238299453e-07,5.77430477297827e-07,2.977934298206628e-05,1.159129246851304e-06
0.0067999898282322556,1.5604820789900485e-06,1.3726624963446815e-06,2.5888403754714023e-05,8.068511837265542e-06,1.0957740647223864e-06,4.6470801426766176e-07,2.5100902114181526e-05,7.875016405325022e-07
0.006899989825706256,2.079488890357456e-06,1.4578439315733789e-06,3.504424788676122e-05,5.437313393446512e-06,1.6889191035199971e-06,3.9056978683745893e-07,3.4716818301136796e-05,3.2742958562442934e-07
0.006999989823180256,8.376857081172443e-07,7.292890640760769e-07,3.187139604369042e-05,7.7377515376168e-06,5.950800361356589e-07,2.4260567198158555e-07,3.133072937964495e-05,5.406666640454673e-07
0.007099989820654256,3.4061458275960742e-06,2.205919583265778e-06,2.928283286338199e-05,7.649018716241465e-06,2.664590778664064e-06,7.415550489320098e-07,2.8733908979149414e-05,5.489238842325744e-07
0.007199989818128256,1.852204963357262e-06,1.3090056627626264e-06,2.6393776746761023e-05,5.972662608753851e-06,1.3468357232205808e-06,5.053692401366808e-07,2.5902460507583195e-05,4.913162391778373e-07
0.007299989815602256,3.977830783913876e-06,2.8963132507284235e-06,3.352973371156362e-05,9.337446419385124e-06,3.1618349817452337e-06,8.159958021686421e-07,3.287262582798823e-05,6.571078835753956e-07
0.007399989813076256,1.1805689158495082e-06,7.840359130384402e-07,3.236743895947535e-05,8.191642390714025e-06,6.878778954357117e-07,4.926910204137966e-07,3.167529964224899e-05,6.92139317226353e-07
0.007499989810550256,1.9448338296709473e-06,1.5055474963674274e-06,3.242410318058381e-05,8.450910278583161e-06,1.289380581051091e-06,6.554532486198557e-07,3.183746228464449e-05,5.866408959393332e-07
0.007599989808024256,2.2414110451221133e-06,2.7301851725563263e-06,3.147450292592651e-05,1.0093894657058943e-05,1.4237645377584973e-06,8.176465073636154e-07,3.0685298226128344e-05,7.892046997981657e-07
0.007699989805498256,2.159292133476706e-06,1.3544853118353232e-06,3.2212734643255526e-05,1.1359420308777909e-05,1.6443050611842338e-06,5.149870722924725e-07,3.107973861261329e-05,1.1329960306422318e-06
0.007799989802972256,1.8581072706407715e-06,1.311389725406147e-06,2.8525393470421605e-05,7.3885173616046115e-06,1.5565836841317549e-06,3.0152358650901667e-07,2.79305592673421e-05,5.948342030795136e-07
0.007899989800446256,1.2791000826238769e-06,1.0376987041290234e-06,2.7405554477638506e-05,9.548520350863015e-06,9.648148164450451e-07,3.1428526617883187e-07,2.629616101637737e-05,1.109393461261137e-06
0.007999989797920255,2.632091095454e-06,2.3000622378133697e-06,2.9639403678117513e-05,9.766389286719938e-06,2.0469882226401328e-06,5.851028728138675e-07,2.865244834063932e-05,9.869553374781852e-07
0.008099989795394256,1.450981184183584e-06,1.2608435674213235e-06,2.7799073715780414e-05,7.54063144375764e-06,8.276801370731719e-07,6.23301047110412e-07,2.7089156106805648e-05,7.099176089747622e-07
0.008199989792868255,1.5508341694778289e-06,1.1582172699795322e-06,2.6967355070544843e-05,6.672705303523378e-06,1.2535612071747073e-06,2.972729623031214e-07,2.633837954194578e-05,6.289755285990635e-07
0.008299989790342256,1.4577353796517831e-06,1.2140632938146952e-06,2.8741842679883787e-05,7.501717643879515e-06,8.74034094537058e-07,5.837012851147251e-07,2.7832039625230032e-05,9.098030546537547e-07
0.008399989787816255,1.190811799617915e-06,1.3687634253698215e-06,3.146303631333709e-05,4.654336766681485e-06,6.021337561370977e-07,5.886780434808173e-07,3.119484781784723e-05,2.681884954898617e-07
0.008499989785290256,1.855622567661608e-06,1.5138463093707319e-06,2.368239979894303e-05,5.453687786010528e-06,1.3330206258359797e-06,5.226019418256291e-07,2.309338872002787e-05,5.890110789151644e-07
0.008599989782764255,1.2761354316973826e-06,8.06092486320689e-07,2.7091357436704782e-05,5.817753679241047e-06,1.0773801270546644e-06,1.9875530464271799e-07,2.6669126660209022e-05,4.2223077649576515e-07
0.008699989780238256,1.890921671220037e-06,8.831990707035056e-07,2.6808644294714072e-05,6.978257679768665e-06,1.5578185609359542e-06,3.33103110284083e-07,2.6187512533238095e-05,6.211317614759804e-07
0.008799989777712255,2.060689950697846e-06,1.2340865440446067e-06,3.17386568248579e-05,7.979540812744743e-06,1.773014543542044e-06,2.876754071558021e-07,3.093124324963388e-05,8.074135752240196e-07
0.008899989775186256,2.1587241933827612e-06,1.7072516917442956e-06,2.7840569523391973e-05,9.285169375034082e-06,1.3499210666299381e-06,8.088031267528233e-07,2.6980478634939184e-05,8.600908884527917e-07
0.008999989772660255,1.7703429816589753e-06,1.4643409396662226e-06,2.6055652696579876e-05,4.78479799883255e-06,1.0710532113056122e-06,6.992897703533631e-07,2.554551865974449e-05,5.101340368353931e-07
0.009099989770134256,2.2989267407754173e-06,1.964682744860559e-06,2.6146416907908075e-05,6.069175116466725e-06,1.7979281295243897e-06,5.009986112510278e-07,2.56496963700535e-05,4.967205378545777e-07
0.009199989767608255,1.6260568508036241e-06,1.290187280073905e-06,2.3519625890673595e-05,7.3468602580794444e-06,1.263975137081597e-06,3.620817137220272e-07,2.2804928507051377e-05,7.146973836222188e-07
0.009299989765082256,1.5332690983333087e-06,1.0322287261675065e-06,2.507419547413276e-05,8.112211368994515e-06,1.1054882232983773e-06,4.2778087503493125e-07,2.4293436965329723e-05,7.807585088030465e-07
0.009399989762556255,2.2225411509384717e-06,1.593730012378153e-06,2.7172661985074067e-05,7.592836218418886e-06,1.9094194331918707e-06,3.131217177466015e-07,2.646756831126468e-05,7.050936738093864e-07
0.009499989760030256,1.2965941628530308e-06,1.265772877911951e-06,2.2751784272396584e-05,6.3216889636073115e-06,7.203103441216886e-07,5.762838187313425e-07,2.2299227435218758e-05,4.5255683717782613e-07
0.009599989757504255,1.3754204554149923e-06,1.0196451996195408e-06,2.6571722291902928e-05,6.872733921322158e-06,1.0525308244423846e-06,3.2288963097260736e-07,2.5753627228880368e-05,8.18095063022565e-07
0.009699989754978256,1.664986628875257e-06,1.8643372834235232e-06,2.509957230736188e-05,1.0664981214514443e-05,9.651072860248374e-07,6.998793428504199e-07,2.3794306565549936e-05,1.3052657418119371e-06
0.009799989752452255,1.3084968628854091e-06,1.1530704489683473e-06,2.3892821797920046e-05,7.85374076761232e-06,7.882206770525604e-07,5.202761858328488e-07,2.2980902853226043e-05,9.119189446940004e-07
0.009899989749926256,1.3464766783857621e-06,7.700293060474786e-07,2.29967148839962e-05,5.610442127179736e-06,9.257901108987886e-07,4.2068656748697346e-07,2.2440362704794972e-05,5.563521792012192e-07
0.009999989747400255,1.073339738125439e-06,1.090359982720283e-06,2.5314839213512724e-05,8.03082650120226e-06,7.175917343840573e-07,3.557480037413815e-07,2.447996976550112e-05,8.348694480116038e-07
0.010099989744874256,1.5027804288008624e-06,1.0642835087273652e-06,2.4247837474694993e-05,7.078352196063799e-06,6.356881677550127e-07,8.670922610458498e-07,2.3473757043824422e-05,7.740804308705709e-07
0.010199989742348255,1.3184997284784686e-06,8.821566731107804e-07,2.3560897944099594e-05,7.429127761842819e-06,9.763717193167205e-07,3.4212800916174834e-07,2.2964917069864068e-05,5.959808742355247e-07
0.010299989739822256,1.3259909047589618e-06,1.3394191508473741e-06,2.0273877804598612e-05,5.581928883143087e-06,7.657157358161549e-07,5.602751689428067e-07,1.9508737682717883e-05,7.651401218807268e-07
0.010399989737296255,2.079657908838518e-06,1.5549450020111934e-06,2.0453347925594407e-05,6.745849010078951e-06,1.669356197979649e-06,4.1030171085886846e-07,1.9857566339321725e-05,5.957815862726885e-07
0.010499989734770256,1.3918496574940173e-06,1.4055571067135664e-06,2.3902236183778568e-05,1.1111138163939742e-05,8.357000249758823e-07,5.561496325181351e-07,2.2780232139728998e-05,1.122004044049573e-06
0.010599989732244255,1.7797069420649578e-06,1.1664034589693026e-06,2.1088582720488902e-05,6.50276803693281e-06,1.5223291819287743e-06,2.5737776013618386e-07,2.037179384053873e-05,7.167888799501724e-07
0.010699989729718256,3.109274374477595e-06,2.8941299638285303e-06,2.2301966174661146e-05,7.138469260273819e-06,2.3019096478195348e-06,8.073647266580602e-07,2.177250073027503e-05,5.294654443861148e-07
0.010799989727192255,9.674593993894565e-07,7.66476805913669e-07,2.072240077930855e-05,7.146980008191903e-06,5.448097694624453e-07,4.226496299270112e-07,2.001789655954117e-05,7.045042197673873e-07
0.010899989724666256,9.6611056726368e-07,7.679589570231928e-07,1.968492861037714e-05,4.9644648294361075e-06,6.136260914897414e-07,3.5248447577393863e-07,1.9342971957347206e-05,3.4195665302992266e-07
0.010999989722140256,1.4621198806212013e-06,8.220504530214064e-07,2.1247272948675507e-05,6.901242977278282e-06,1.0538569630515352e-06,4.0826291756966637e-07,2.0488827260820008e-05,7.584456878554987e-07
0.011099989719614256,1.1068640744016707e-06,7.110870518894299e-07,2.006911081132946e-05,4.7693493703558025e-06,6.183232781307618e-07,4.885407962709091e-07,1.9633572418068356e-05,4.3553839326111944e-07
0.011199989717088256,1.6897148299888385e-06,1.2203931985546193e-06,1.990196949278247e-05,8.867130767888066e-06,1.1619650679383948e-06,5.277497620504439e-07,1.878085367515783e-05,1.1211158176246343e-06
0.011299989714562256,8.725588631024181e-07,7.06772434534905e-07,1.9637328132568763e-05,8.693327625762059e-06,4.149951822299934e-07,4.575636808724249e-07,1.865620610786459e-05,9.811220247041754e-07
0.011399989712036256,1.0355018987003404e-06,9.99764974170872e-07,1.8549093689354528e-05,5.776308741446787e-06,7.091232649427654e-07,3.263786337575752e-07,1.793620587305704e-05,6.128878162974864e-07
0.011499989709510256,1.1069080655817165e-06,1.4569535471553773e-06,1.801640885946869e-05,3.5634434508459957e-06,5.691341008415029e-07,5.377739647402136e-07,1.7622792636656175e-05,3.9361622281250884e-07
0.011599989706984256,1.0112976024369652e-06,1.0323576241712202e-06,1.4097426151448708e-05,3.949668915826199e-06,5.240041862741781e-07,4.872934161627872e-07,1.3668840072486594e-05,4.285860789621114e-07
0.011699989704458257,7.530990623019798e-07,8.156988517398542e-07,1.777288161257397e-05,6.18116648694958e-06,4.3545324022762666e-07,3.176458220743529e-07,1.6971324933984793e-05,8.015566785891739e-07
0.011799989701932256,1.341497237543091e-06,1.299506422059776e-06,1.6620360747847332e-05,5.3041188980953525e-06,7.406531160073123e-07,6.008441215357787e-07,1.594045205192148e-05,6.799086959258588e-07
0.011899989699406257,1.6105335750132353e-06,1.0851094340061142e-06,1.8041421522638672e-05,7.735253171371963e-06,1.11245674954216e-06,4.980768254710756e-07,1.717291005017893e-05,8.685114724597404e-07
0.011999989696880256,9.764954357791917e-07,1.00758868250375e-06,1.627942153913575e-05,5.2763556822735255e-06,3.08538110032941e-07,6.679573257462509e-07,1.581362537069855e-05,4.6579616843719407e-07
0.012099989694354257,1.9473184310051225e-06,1.6240163097144962e-06,1.658586990640471e-05,4.8113106875164905e-06,1.6301316801460067e-06,3.171867508591158e-07,1.609903080408903e-05,4.868391023156791e-07
0.012199989691828256,1.261862977640792e-06,7.902431349136627e-07,1.5128587552643084e-05,6.528192417233426e-06,7.312962418759164e-07,5.305667357648755e-07,1.4408937355267488e-05,7.196501973755973e-07
0.012299989689302257,2.064577484202193e-06,1.1490234309189649e-06,1.318904431287279e-05,4.069867412564718e-06,1.554221022491837e-06,5.103564617103558e-07,1.2745846015216722e-05,4.431982976560646e-07
0.012399989686776256,1.7841894433662549e-06,1.3171439813880546e-06,1.429026287921177e-05,5.744438627549985e-06,1.2805517145681059e-06,5.036377287981488e-07,1.3738749835874911e-05,5.515130433368603e-07
0.012499989684250257,1.112624429273943e-06,1.0183919594314161e-06,1.4390541516349898e-05,4.753429078752244e-06,7.572472710358223e-07,3.553771582381207e-07,1.382492650530323e-05,5.656150110466646e-07
0.012599989681724256,1.4823656827560858e-06,1.4022308897579416e-06,1.7963943909853505e-05,5.451506802058464e-06,9.763717266304066e-07,5.05993956125679e-07,1.7456781667791855e-05,5.071622420616524e-07
0.012699989679198257,1.065564604642924e-06,8.390813481183462e-07,1.7498707498313218e-05,4.208197845137768e-06,4.669837494817613e-07,5.985808551611627e-07,1.7134531869428114e-05,3.641756288851056e-07
0.012799989676672256,8.55135810948455e-07,9.39306307937129e-07,1.4275608411763257e-05,6.047614942467685e-06,3.9461014047981403e-07,4.6052567046864096e-07,1.3500371489309064e-05,7.752369224541976e-07
0.012899989674146257,7.434951020961682e-07,5.731734844610679e-07,1.3634187080203202e-05,5.604065852643753e-06,5.208725176536463e-07,2.2262258444252211e-07,1.3007947374191875e-05,6.262397060113337e-07
0.012999989671620256,1.4037523325326794e-06,1.1556459779912062e-06,1.6922397794925172e-05,6.549546919483856e-06,1.0457410837654718e-06,3.580112487672074e-07,1.6326938695796775e-05,5.954590991284037e-07
0.013099989669094257,7.456518418307444e-07,7.844610460753601e-07,1.3642688928610446e-05,5.050541776292535e-06,4.6127377403970645e-07,2.843780677910382e-07,1.2849410715476305e-05,7.932782131341393e-07
0.013199989666568256,6.707841143479713e-07,5.71238398812075e-07,1.4218004557760067e-05,6.261417557388161e-06,2.240941159823144e-07,4.466899983656567e-07,1.3432269192564066e-05,7.857353651960041e-07
0.013299989664042255,1.3264168656150448e-06,2.0070822606493027e-06,1.6595855672084064e-05,4.925474470648773e-06,6.87877907112475e-07,6.385389585025696e-07,1.6262127788222618e-05,3.337278838614482e-07
0.013399989661516256,1.3388875076562956e-06,1.1972180336991836e-06,1.2864293786864337e-05,5.981105276400747e-06,5.756472896815128e-07,7.632402179747829e-07,1.2151731174493487e-05,7.125626123708451e-07
0.013499989658990255,1.2457887657152842e-06,8.211944453275695e-07,1.5228041377428721e-05,4.982114905974315e-06,7.120521387743697e-07,5.337366269409143e-07,1.4769718729808745e-05,4.583226476199759e-07
0.013599989656464256,4.098338557382307e-07,3.3137928664085835e-07,1.2752821877644527e-05,4.93979851159857e-06,5.908659207164175e-08,3.50747263666589e-07,1.2183262574470078e-05,5.695593031744481e-07
0.013699989653938255,7.810489538780965e-07,7.752017909760763e-07,1.4047499444155308e-05,5.969581189378501e-06,3.6310329181482514e-07,4.1794566206327145e-07,1.3098998812587145e-05,9.485006315681633e-07
0.013799989651412256,1.1585923815163189e-06,1.351464469641268e-06,1.218845909044032e-05,4.395269534900332e-06,5.045170212908344e-07,6.540753602254847e-07,1.17154158187669e-05,4.7304327167341926e-07
0.013899989648886255,1.1314943435528205e-06,1.133042600183495e-06,1.0401315112313749e-05,3.7387874963721406e-06,4.1502256968630127e-07,7.164717738665194e-07,9.845173300469877e-06,5.56141811843872e-07
0.013999989646360256,6.981660748858607e-07,7.013256693517881e-07,1.2979679757973889e-05,4.4850445684548916e-06,2.0502070629534833e-07,4.931453685905124e-07,1.2382114404744051e-05,5.975653532298356e-07
0.014099989643834255,1.09429540948456e-06,1.2331639677828502e-06,1.3143316246597976e-05,2.9019812940295284e-06,3.936504184977302e-07,7.006449909868301e-07,1.2788601304865153e-05,3.547149417328269e-07
0.014199989641308256,1.5408752173000397e-06,1.0063053447912756e-06,1.222263248363877e-05,3.5772563186876495e-06,1.1584260515936563e-06,3.8244916570638315e-07,1.1741149754627762e-05,4.814827290110071e-07
0.014299989638782255,8.841776196352681e-07,9.461206435976468e-07,1.209801418956207e-05,2.793934184481828e-06,4.798874413314175e-07,4.042901783038505e-07,1.1828668139898225e-05,2.6934604966384447e-07
0.014399989636256256,1.3577573661141905e-06,8.261269050783231e-07,1.4679921799714164e-05,7.80293694236466e-06,1.1139215364899667e-06,2.43835829624224e-07,1.3703614547026194e-05,9.763072526879702e-07
0.014499989633730255,9.593293029838362e-07,6.790081945624907e-07,1.038152244854643e-05,3.7189914989551357e-06,6.258783395173229e-07,3.334509634665134e-07,9.960199626761078e-06,4.2132282178535426e-07
0.014599989631204256,7.708060547057585e-07,8.734818023469137e-07,1.2626226105381851e-05,5.7889731968197125e-06,2.631326976202005e-07,5.076733570855581e-07,1.1759475233480086e-05,8.667508719017683e-07
0.014699989628678255,1.1679563152241024e-06,1.0136691947491396e-06,8.725970790252953e-06,3.579528693615836e-06,6.469594149808299e-07,5.209969002432725e-07,8.333353437357595e-06,3.926173528953567e-07
0.014799989626152256,1.548606414772184e-06,1.465117364996981e-06,1.1803238553431243e-05,3.6692643374423772e-06,9.679032690038171e-07,5.807031457683664e-07,1.1312501106970829e-05,4.90737446460413e-07
0.014899989623626255,1.1213934871765727e-06,1.2816793216864272e-06,1.1156472802561674e-05,3.2540406395265193e-06,6.080405219698886e-07,5.133529652066841e-07,1.0842146600016637e-05,3.143262025450373e-07
0.014999989621100256,1.3020705420534963e-06,1.0386836786759276e-06,1.1374535015544183e-05,4.24171672797457e-06,8.892720195968553e-07,4.127985224566409e-07,1.0842146887856639e-05,5.323881276875488e-07
0.015099989618574255,8.668695075652928e-07,5.571700774928477e-07,9.842482704325231e-06,4.1344216304295495e-06,2.4876730280329294e-07,6.181022047619996e-07,9.312750954660914e-06,5.297317496643208e-07
0.015199989616048256,4.290147525141077e-07,5.132739977475283e-07,1.0287064856085237e-05,4.063443568733952e-06,1.4534658769221043e-07,2.8366816482189715e-07,9.816647833196453e-06,4.7041702288878934e-07
0.015299989613522256,1.053306967810212e-06,7.16784840319594e-07,9.451758888244746e-06,5.943386100903633e-06,7.49139166167489e-07,3.041678016427229e-07,8.426866962635451e-06,1.0248919256092966e-06
0.015399989610996256,9.049202862269984e-07,8.266869763362174e-07,9.771776450948447e-06,3.355032027323999e-06,5.635484993988497e-07,3.4137178682814884e-07,9.376524692094522e-06,3.952517588539238e-07
0.015499989608470256,1.6006896818176747e-06,1.4260975651512724e-06,9.072927343922436e-06,1.7364751082474422e-06,1.2488400284147532e-06,3.518496534029213e-07,8.894012140242252e-06,1.789152036801822e-07
0.015599989605944256,8.9086085781626e-07,1.092132023574538e-06,9.759687843124976e-06,4.081539282090426e-06,4.1195951256066e-07,4.789013452556002e-07,9.181366243826621e-06,5.783215992983557e-07
0.015699989603418257,1.0575494618348943e-06,9.19067468864525e-07,7.876852333623004e-06,3.286689471798883e-06,6.543484918460187e-07,4.032009699888758e-07,7.476828985262386e-06,4.0002334836061504e-07
0.015799989600892256,7.766644745311359e-07,1.1796682298504378e-06,1.0847228960327394e-05,6.207352653677048e-06,3.0931933947065116e-07,4.673451350604845e-07,9.961692699561512e-06,8.855362607658806e-07
0.015899989598366256,1.342136163139773e-06,1.2931947064854524e-06,8.4388890266579e-06,3.2868516443952914e-06,4.5100351157983506e-07,8.911326515599381e-07,8.025420500612072e-06,4.134685260458309e-07
0.015999989595840255,8.938255594851187e-07,1.2906872823664252e-06,8.048804298189842e-06,4.11958006287953e-06,3.0931933688838615e-07,5.845062225967328e-07,7.32156093220715e-06,7.272433659826942e-07
0.016099989593314257,1.349485322217328e-06,1.9103256712614695e-06,8.764109392335816e-06,4.9255326354807755e-06,6.599340867963363e-07,6.895512354209916e-07,7.953528802186325e-06,8.105805901494952e-07
0.016199989590788257,1.2657505753082465e-06,1.3514120143028417e-06,9.739113907130072e-06,2.589679593386091e-06,4.6698376283463197e-07,7.987668124736141e-07,9.466050680726404e-06,2.7306322640366873e-07
0.016299989588262256,9.461488117077078e-07,1.3233649133840242e-06,6.726372960051506e-06,4.285096597619294e-06,4.793195167100727e-07,4.668292949976352e-07,6.077760843652654e-06,6.486121163988533e-07
0.016399989585736255,1.2251879974397246e-06,1.1162673795581197e-06,7.780869836860185e-06,3.794729135708106e-06,8.826526496470694e-07,3.4253534779265513e-07,7.228738978428424e-06,5.521308584317614e-07
0.016499989583210257,1.382796686929358e-06,1.6190193751820036e-06,1.1074468989800062e-05,4.015768812872007e-06,5.156472923095668e-07,8.671493946197911e-07,1.0533858817980816e-05,5.406101718192459e-07
0.016599989580684257,6.635768953626849e-07,8.792854394901845e-07,9.48650681102783e-06,4.979059814404123e-06,2.785741095166188e-07,3.8500278584606596e-07,8.753599777634971e-06,7.329070333928596e-07
0.016699989578158256,1.0815408188175492e-06,8.044669533414104e-07,7.036752583349426e-06,3.034015161246901e-06,7.18358435360817e-07,3.6318238345673204e-07,6.572460746319086e-06,4.642918370303387e-07
0.016799989575632255,8.960532899682894e-07,9.458536963548494e-07,7.66029080279051e-06,3.433806966021221e-06,4.65417924325238e-07,4.306353656430515e-07,7.19864861542422e-06,4.616421873662933e-07
0.016899989573106258,8.033094935310482e-07,7.286912464999321e-07,7.347301618754041e-06,2.4344617436489653e-06,2.084184354859618e-07,5.948910580450864e-07,7.053603873164831e-06,2.936977455892099e-07
0.016999989570580257,7.800280565271405e-07,8.484707133394227e-07,7.819160606221835e-06,2.8784459055519544e-06,3.8914592196622026e-07,3.9088213456092033e-07,7.3032716309872785e-06,5.158889752345543e-07
0.017099989568054256,8.334432041788549e-07,3.3563766596183747e-07,9.026205630267913e-06,5.62844106564513e-06,2.3291145051566869e-07,6.00531753663186e-07,8.142774743199944e-06,8.834308870679716e-07
0.017199989565528255,7.266399521528684e-07,9.581958848068805e-07,8.268481987127023e-06,3.711930767574367e-06,1.313405313123352e-07,5.952994208405332e-07,7.628587779906487e-06,6.398942072205386e-07
0.017299989563002258,8.573635585933819e-07,6.045655762392745e-07,1.0098186463266708e-05,3.588506494442606e-06,4.612737797150698e-07,3.9608977887831216e-07,9.6678759577442e-06,4.3031050552250776e-07
0.017399989560476257,5.896320458397399e-07,2.542000292269611e-07,7.1834084307540685e-06,3.06271535732212e-06,3.342744716614472e-07,2.553575741782928e-07,6.745253535971791e-06,4.3815489478228073e-07
0.017499989557950256,7.305275350202532e-07,5.374333390686371e-07,6.497172342593373e-06,3.658317926147183e-06,3.936504328545152e-07,3.3687710216573783e-07,5.720585247788919e-06,7.76587094804455e-07
0.017599989555424255,2.389026922117702e-07,2.351330184452438e-07,6.485739424286562e-06,2.0263135135758585e-06,1.0881801278503417e-09,2.3781451208391983e-07,6.194722104121756e-06,2.9101732016480507e-07
0.017699989552898258,1.2533509395404315e-06,1.114445359077898e-06,6.261376361789835e-06,3.154752254583797e-06,7.643486864715352e-07,4.890022530688961e-07,5.775360087685666e-06,4.860162741041701e-07
0.017799989550372257,9.800990385839408e-07,9.035719626344755e-07,7.250173384561214e-06,2.3930317010063853e-06,5.222297716472456e-07,4.578692669366951e-07,7.022731238427687e-06,2.2744214613352856e-07
0.017899989547846256,1.0357858794416923e-06,6.863402088788542e-07,7.396474148245597e-06,3.462085202206879e-06,7.913314133560042e-07,2.4445446608568834e-07,6.938178938258201e-06,4.582952099873966e-07
0.017999989545320255,5.688183497291108e-07,4.541727369514408e-07,6.2813109336936176e-06,2.3463304023907014e-06,1.688633061742949e-07,3.9995504355481606e-07,5.84551762535619e-06,4.357933083374286e-07
0.018099989542794258,8.00939760474089e-07,8.269031697685125e-07,6.161354181316155e-06,3.4307053223391466e-06,3.813991812379856e-07,4.1954057923610354e-07,5.590741147383725e-06,5.70613033932428e-07
0.018199989540268257,3.3871169676415464e-07,2.668470200044689e-07,6.928911637785873e-06,2.7737197893148696e-06,1.451833089289714e-07,1.9352838783518326e-07,6.536684777300803e-06,3.9222686048507184e-07
0.018299989537742256,6.936396067721234e-07,4.371908397724601e-07,5.582549807730028e-06,3.2927341435772175e-06,2.300400605804572e-07,4.63599546191666e-07,4.929113746217876e-06,6.534360615121551e-07
0.018399989535216255,1.0798370567464253e-06,7.434870327076766e-07,7.271013888528252e-06,3.4625685234952974e-06,1.768781152664296e-07,9.029589414799957e-07,6.624792812507748e-06,6.462210760205033e-07
0.018499989532690258,1.0043743635221362e-06,1.4100163577046041e-06,6.9086829046365235e-06,3.7280866258076743e-06,3.8622447879159795e-08,9.657519156429765e-07,6.216884290342114e-06,6.917986142944101e-07
0.018599989530164257,7.38018685611793e-07,7.483803065628492e-07,6.228304828056512e-06,4.006963520195946e-06,4.410935944791523e-07,2.969250911326407e-07,5.419203877800802e-06,8.091009502557113e-07
0.018699989527638256,1.3262748551713072e-06,7.680315005569193e-07,6.9568075639708646e-06,3.6290654157059585e-06,1.0471903067984237e-06,2.790845483728834e-07,6.4173257847916504e-06,5.394817791792112e-07
0.018799989525112255,1.0388925506870252e-06,9.757475585439298e-07,6.406886169624338e-06,3.881492115777225e-06,5.674999663018504e-07,4.7139258438517483e-07,5.789652731041757e-06,6.172334385825851e-07
0.018899989522586258,1.303659376833682e-06,1.3351851613707474e-06,6.544390987025373e-06,2.937227094755392e-06,3.085381028472309e-07,9.951212739864512e-07,6.151478863306063e-06,3.9291212371930823e-07
0.018999989520060257,7.445159968277046e-07,6.637803259368228e-07,5.052306362384557e-06,2.547917863515825e-06,6.660006795199251e-08,6.779159288757121e-07,4.601417128144163e-06,4.508892342403956e-07
0.019099989517534256,5.399185392413196e-07,3.559255427585038e-07,4.914020700958238e-06,2.0419344890529463e-06,1.1674594164384567e-07,4.23172597597474e-07,4.582455016795896e-06,3.31565684162342e-07
0.019199989515008255,9.712319889200789e-07,9.922312689321324e-07,4.986305652458849e-06,2.5511028491702452e-06,2.448405182559607e-07,7.263914706641183e-07,4.401344785931574e-06,5.849608665272755e-07
0.019299989512482258,5.819278852180078e-07,6.511402864088881e-07,5.199415195573171e-06,3.7151254421264726e-06,2.185085260775678e-07,3.6341935914044003e-07,4.205486888255243e-06,9.939283073179294e-07
0.019399989509956257,5.94114572947172e-07,4.975552789582354e-07,4.8259283192196845e-06,3.0345990130576065e-06,2.7857411490712007e-07,3.155404580400519e-07,4.151682616089484e-06,6.742457031302011e-07
0.019499989507430256,6.69621214650795e-07,8.086971107582214e-07,4.976657795260436e-06,2.0521632652009696e-06,9.079996130104414e-10,6.687132150377846e-07,4.693265807955667e-06,2.8339198730476865e-07
0.019599989504904256,5.472677235654969e-07,4.5919114952440817e-07,4.95401525910775e-06,1.8525880386218336e-06,1.7868871308975557e-07,3.685790104757414e-07,4.682137890227127e-06,2.7187736888062035e-07
0.019699989502378255,1.0371617231558193e-06,9.913647058693924e-07,5.2295928658204375e-06,3.4408760557842716e-06,5.237286815556323e-07,5.13433041600187e-07,4.6821378408290094e-06,5.474550249914277e-07
0.019799989499852257,4.5523385372414925e-07,5.006206326786998e-07,4.76200342852293e-06,3.1907042706958107e-06,9.242161757274385e-08,3.628122361514053e-07,4.243536118038507e-06,5.184673104844219e-07
0.019899989497326256,5.274479045198014e-07,5.360477948971656e-07,5.218329128614646e-06,1.9568324496814413e-06,2.845200594305422e-07,2.4292784508925915e-07,4.899650234779322e-06,3.186788938353254e-07
0.019999989494800256,8.428071663344798e-07,5.66552363460789e-07,4.892655831926072e-06,4.248862296666102e-06,7.270659071157757e-08,7.701005756229022e-07,3.877905763689101e-06,1.0147500682369714e-06
0.020099989492274255,6.614911383185157e-07,5.342095338384623e-07,3.700096409545388e-06,1.8753854910221777e-06,7.32285362717664e-08,5.882626020467494e-07,3.334695050859993e-06,3.6540135868539643e-07
0.020199989489748257,9.267549421742396e-07,1.5839490728703455e-06,4.548920855171009e-06,3.629615839799232e-06,4.1844600737231626e-07,5.083089348019237e-07,3.855216671331057e-06,6.937041838399515e-07
0.020299989487222257,5.265960106911312e-07,4.841093626983798e-07,4.2284673064032995e-06,3.4022662913858453e-06,3.430962069718784e-08,4.922863899939434e-07,3.5758830447810625e-06,6.525842616222383e-07
0.020399989484696256,5.618951102367813e-07,4.663897541895237e-07,5.636860942089839e-06,2.178623444729135e-06,1.2446258908211438e-07,4.374325211546669e-07,5.353468974812819e-06,2.833919672770196e-07
0.020499989482170255,8.289606500482301e-07,9.183775364100552e-07,6.08458687025975e-06,2.2821847375891647e-06,2.9869647927529e-07,5.3026417077294e-07,5.77278591469775e-06,3.118009555619969e-07
0.020599989479644257,3.5665871961834583e-07,3.264691892579517e-07,5.8450349659679186e-06,3.6805942997051123e-06,9.530449994967693e-08,2.61354219668669e-07,5.328220403914921e-06,5.16814562052998e-07
0.020699989477118257,3.920558445512298e-07,3.2504926650142805e-07,4.432780648030077e-06,2.507557134896327e-06,2.619001620698241e-08,3.658658283442474e-07,3.96407318317309e-06,4.687074648569856e-07
0.020799989474592256,6.212125851004254e-07,8.277493511665236e-07,3.4290012937510747e-06,2.350359704948017e-06,1.4562006566756962e-07,4.755925194328557e-07,2.848915086676881e-06,5.800862070741938e-07
0.020899989472066255,8.968612023373251e-07,1.010589087447805e-06,3.1017662940790337e-06,1.8455623536303933e-06,2.2606729965450575e-07,6.707939026828193e-07,2.6774372292661376e-06,4.24329064812896e-07
0.020999989469540258,3.0203674340686176e-07,2.8743562164442185e-07,3.044321547276267e-06,2.523453507522205e-06,2.335682775553937e-08,2.786799156513224e-07,2.4929790164435435e-06,5.513425308327237e-07
0.021099989467014257,5.878302272111633e-07,6.915282396107636e-07,4.8098711017959895e-06,4.203116007218291e-06,1.9399252750545443e-07,3.93837699705709e-07,3.5420090833231674e-06,1.2678620184728234e-06
0.021199989464488256,7.455098766826411e-07,5.813051671089504e-07,3.3784798815091143e-06,2.179726753099897e-06,5.045170225216956e-07,2.409928541609457e-07,2.9613580078494258e-06,4.171218736596885e-07
0.021299989461962255,4.5682268248922143e-07,3.4515824449510726e-07,4.355232121428255e-06,2.5968502606239127e-06,2.2880179200328352e-08,4.3394250328889293e-07,3.7749258690289043e-06,5.803062523993496e-07
0.021399989459436258,6.923347202725183e-07,7.888614510041045e-07,5.81901186853349e-06,2.938104823304549e-06,9.79361975452471e-09,6.825411005179935e-07,5.2923628096532255e-06,5.266490588802635e-07
0.021499989456910257,8.463397720109735e-07,4.057167293039355e-07,4.4772309019337965e-06,1.5037411861768459e-06,5.062779208149061e-07,3.400618511960675e-07,4.16961836219481e-06,3.076125397389869e-07
0.021599989454384256,8.719909285234778e-07,1.2637644649190715e-06,4.038267182267848e-06,1.990746171067843e-06,9.061811754707661e-08,7.813728109764011e-07,3.68064096078218e-06,3.576262214856678e-07
0.021699989451858255,5.735138497393359e-07,4.300675421924962e-07,4.16355824717828e-06,2.9114597201107754e-06,7.426871744229785e-08,4.99245132297038e-07,3.62054219214374e-06,5.430160550345399e-07
0.021799989449332258,1.2418301789987506e-06,8.480778886435776e-07,3.3067627325042363e-06,2.099814104862341e-06,4.245741298020609e-07,8.172560491966899e-07,2.7768430046451706e-06,5.299197278590658e-07
0.021899989446806257,8.38777629669819e-07,7.670687798854934e-07,3.6452174201754086e-06,2.180182880258807e-06,1.7025945468541262e-07,6.685181749844067e-07,3.2885897991901632e-06,3.566276209852451e-07
0.021999989444280256,7.607321921869929e-07,6.965498768417064e-07,2.8099724692106043e-06,1.6999915482367365e-06,2.72013241390648e-07,4.88718950796345e-07,2.408535080450755e-06,4.014373887598496e-07
0.022099989441754255,9.552997649744906e-07,8.205272332029073e-07,4.301347144497615e-06,2.7165823396438216e-06,8.507952524745316e-08,8.702202397270374e-07,3.6652269202665997e-06,6.361202242310142e-07
0.022199989439228258,5.169920491221005e-07,9.895568169235046e-07,3.6234268166647936e-06,2.1413028215955426e-06,1.5417271398876946e-07,3.628193351333309e-07,3.1731332159942986e-06,4.5029360067049516e-07
0.022299989436702257,5.780403347282696e-07,6.665776545571774e-07,4.300228119285888e-06,3.1401552645819e-06,1.309321744309251e-07,4.4710816029734444e-07,3.6500609763409717e-06,6.501671429449173e-07
0.022399989434176256,4.44876016261726e-07,4.317246182005135e-07,3.4623565867297447e-06,1.7946565691514305e-06,7.321704172547495e-08,3.7165897453625107e-07,3.045745860168255e-06,4.1661072656149053e-07
0.022499989431650255,5.095718692909324e-07,3.8877820467096493e-07,3.2614337256616226e-06,1.641146109399402e-06,5.44897993873549e-08,4.5508206990357744e-07,2.6357619261234665e-06,6.256717995381569e-07
0.022599989429124258,8.033365435915565e-07,6.567748527907808e-07,3.501756247351619e-06,1.4541281598649265e-06,9.656407247021328e-08,7.067724711213431e-07,3.1653256878809415e-06,3.3643055947067706e-07
0.022699989426598257,9.276338496400276e-07,1.4129296413824721e-06,3.6830012572112906e-06,2.09801900299679e-06,2.67763309153548e-07,6.598705404864795e-07,3.252974712670735e-06,4.300265445405553e-07
0.022799989424072256,3.1450737023552753e-07,1.7454023452474308e-07,3.3049608955329013e-06,2.040934639182272e-06,2.8828824902342485e-09,3.116244877452933e-07,2.948589844035262e-06,3.5637105149763965e-07
0.022899989421546255,1.0033804768850759e-06,7.395934779715238e-07,2.7453206175195403e-06,1.280969467863327e-06,1.8390243534120498e-07,8.194780415438709e-07,2.474420541426549e-06,2.7090007609299096e-07
0.022999989419020258,9.833916172205123e-07,9.69367623364037e-07,2.5071108036403535e-06,1.3185652438790952e-06,4.510034890718268e-07,5.323881281486855e-07,2.1535550494547245e-06,3.5355575418562854e-07
0.023099989416494257,6.701451717867937e-07,6.748529302216439e-07,2.628301443254593e-06,1.9217452935957717e-06,2.0592160701740095e-07,4.642235647693927e-07,2.076909878460619e-06,5.513915647939738e-07
0.023199989413968256,3.9615637893863624e-07,3.794513338140868e-07,2.139188350515005e-06,1.410831653713971e-06,1.6120244349940166e-07,2.349539354392345e-07,1.7262870353067413e-06,4.129013152082644e-07
0.023299989411442255,3.239423247188169e-07,2.0299238723429873e-07,2.9465273688527587e-06,2.410874037924774e-06,3.045044820859463e-08,2.934918765102222e-07,2.254480999914104e-06,6.920463689386555e-07
0.023399989408916258,4.2605006787372646e-07,3.4806630341974543e-07,2.9047309825255427e-06,1.6797987185955237e-06,1.1058871569994258e-07,3.1546135217378377e-07,2.4744204710384098e-06,4.303105114871339e-07
0.023499989406390257,4.3095853619966994e-07,2.481546618776393e-07,3.9609485492682175e-06,2.513907271693758e-06,1.7687811721559808e-07,2.5408041898407175e-07,3.2102719451394726e-06,7.506766041287464e-07
0.023599989403864256,4.6851241173356755e-07,4.128620938628955e-07,3.508493398305718e-06,2.292599291110681e-06,1.2714060703920504e-07,3.413718046943623e-07,3.000276801761148e-06,5.08216596544571e-07
0.023699989401338255,5.990230425494422e-07,5.864408078737513e-07,2.464124523809095e-06,1.9208729022359214e-06,4.521271895019221e-08,5.538103235992497e-07,1.9541040923300033e-06,5.100204314790919e-07
0.023799989398812258,6.595473545988596e-07,5.753109193359402e-07,2.380673721280793e-06,1.922899976391668e-06,4.04739433251904e-08,6.190734112736693e-07,1.850817897905204e-06,5.298558233755886e-07
0.023899989396286257,4.813379980677347e-07,3.116910854803519e-07,2.396605966208195e-06,2.1535595543623167e-06,8.352179834622525e-09,4.7298581823311223e-07,1.9032503317212413e-06,4.933556344869534e-07
0.023999989393760256,8.708990433795517e-07,7.715939805958074e-07,2.5995166054667794e-06,1.5793761315449408e-06,5.107824198568295e-07,3.601166235227222e-07,2.1679340294402662e-06,4.315825760265144e-07
0.024099989391234256,7.849365180545792e-07,8.772381705523407e-07,2.1812686392567565e-06,8.830571937494752e-07,2.6529486581430405e-07,5.196416522402751e-07,1.9967296670220834e-06,1.8453897223467356e-07
0.024199989388708258,5.374778106065432e-07,3.6362774030840146e-07,2.733133947950905e-06,1.4717091461759253e-06,1.1967411974334296e-07,4.178036908632001e-07,2.2940601856370476e-06,4.3907376231385743e-07
0.024299989386182257,8.817098503527051e-07,8.164498432078751e-07,2.5760222144053822e-06,1.639554256892042e-06,6.195720350432432e-07,2.6213781530946185e-07,2.1548413969924434e-06,4.211808174129378e-07
0.024399989383656256,6.080050179739706e-07,9.882515748345039e-07,1.760198105926828e-06,1.3794636527642206e-06,7.270659126861772e-08,5.352984267053528e-07,1.29631459882771e-06,4.638835070991178e-07
0.024499989381130256,8.769703958305917e-07,7.712586796543555e-07,3.1239998595923256e-06,1.9273962194784405e-06,3.2940960041770124e-07,5.475607954128905e-07,2.77306969629415e-06,3.5093016329817507e-07
0.024599989378604258,2.736338618916091e-07,2.526429781596785e-07,3.670912661061318e-06,2.0729685037605874e-06,6.261650174585914e-08,2.1101736014574994e-07,3.1793124923832085e-06,4.91600168678109e-07
0.024699989376078257,6.123455551070519e-07,4.443438912515459e-07,2.366543208127595e-06,5.508689408753116e-07,2.088044949183758e-07,4.0354106018867596e-07,2.2544809532953604e-06,1.1206225483223471e-07
0.024799989373552257,9.197606425661667e-07,8.012019202956731e-07,1.8517789568504822e-06,2.1863792470841715e-06,2.628984269819266e-07,6.568622155842403e-07,1.1509740796240705e-06,7.008048772264113e-07
0.024899989371026256,4.7678448006419293e-07,5.122898301019315e-07,1.7170968108154711e-06,9.508999515224309e-07,8.003448250994352e-08,3.967499975542494e-07,1.3282994356428696e-06,3.887973751726015e-07
0.02499998936850026,7.133884380273952e-07,5.716503681031679e-07,2.7683620342187706e-06,1.861019534400254e-06,2.1312881930476966e-07,5.002596187226256e-07,2.4541619303818724e-06,3.142001038368988e-07
0.025099989365974257,4.585534932948905e-07,4.825864627729056e-07,2.57943988861211e-06,1.3662016895723122e-06,2.3356827824133934e-08,4.3519666547075656e-07,2.1078380320888405e-06,4.716018565232696e-07
0.025199989363448257,4.16828086332352e-07,3.1965034292092567e-07,2.2398492745250536e-06,1.4421219942517338e-06,3.917448444744803e-08,3.7765360188490393e-07,1.7532434530831843e-06,4.866058214418692e-07
0.025299989360922256,3.8880719467512627e-07,4.1619753566853715e-07,2.7198553143460645e-06,2.135260354200504e-06,1.8226593184178163e-08,3.7058060149094796e-07,2.0232043663793678e-06,6.966509479666968e-07
0.02539998935839626,3.7690448786048374e-07,2.948251777319972e-07,1.8385984447820085e-06,1.5664862150935377e-06,6.459848366764818e-08,3.123060041928355e-07,1.1403434564502675e-06,6.982549883317412e-07
0.025499989355870258,9.24527142421668e-07,7.991875895571322e-07,2.8308571773189107e-06,1.8389897169368969e-06,2.3475043514744133e-07,6.897767072742268e-07,2.1902764064533572e-06,6.405807708655537e-07
0.025599989353344257,7.296046502240589e-07,5.110132534623628e-07,2.1814106193290177e-06,1.1005031020336686e-06,3.423152953284137e-08,6.953731206912175e-07,1.8146361327519043e-06,3.667744865771134e-07
0.025699989350818256,4.677754545478287e-07,7.487635679406691e-07,3.1846221796367948e-06,2.2845307931240803e-06,2.1312881404396534e-07,2.546466405038633e-07,2.308654766911471e-06,8.759674127253227e-07
0.02579998934829226,4.779473561763566e-07,5.29274505148123e-07,2.1963930494265526e-06,1.207085507544867e-06,2.165001638827458e-08,4.5629733978808185e-07,1.9390720815205984e-06,2.5732096790595424e-07
0.025899989345766258,4.441390592278958e-07,6.625881162195124e-07,2.0038402586212765e-06,1.2467724357573793e-06,3.286817664170272e-08,4.1127088258619304e-07,1.6412480910699612e-06,3.6259216755131584e-07
0.025999989343240257,3.705052089488603e-07,2.792861681308478e-07,2.1024154083083657e-06,1.944131535367935e-06,5.253621385871158e-09,3.6525158756298914e-07,1.5893562174333906e-06,5.130591908749757e-07
0.026099989340714256,6.382097014666399e-07,5.774223586476226e-07,2.0609029745107435e-06,1.5696097297344686e-06,4.0473944088565736e-08,5.977357573780741e-07,1.6610882074719722e-06,3.9981476703877104e-07
0.026199989338188255,1.1621960045440344e-06,1.3005237943115751e-06,2.983841191771969e-06,2.8558954224874816e-06,1.9976979676319942e-07,9.62426207780835e-07,1.9541040650848713e-06,1.0297371266870986e-06
0.026299989335662258,4.1495529699509816e-07,3.0289441097537113e-07,1.9691091139695675e-06,1.2589518015827e-06,4.071801621883773e-08,3.7423728077626046e-07,1.5713321126628826e-06,3.9777700130668483e-07
0.026399989333136257,3.751026861838138e-07,2.6222437980901634e-07,1.4652265855521327e-06,9.037127367234245e-07,1.4708179539939075e-08,3.6039450664387474e-07,1.1142964439939224e-06,3.5093014155821056e-07
0.026499989330610256,3.2401331911219335e-07,2.2559290960395258e-07,2.786309048823701e-06,1.1494378475621645e-06,2.619001682120513e-08,2.9782330229098813e-07,2.5582881514047547e-06,2.280208974189475e-07
0.026599989328084255,7.210925738323361e-07,7.29996260985865e-07,1.895945120113602e-06,2.0044520204836173e-06,9.728648213306752e-08,6.238060916992685e-07,1.180999285232798e-06,7.149458348808041e-07
0.026699989325558258,3.9319169093861535e-07,2.6914564029491433e-07,1.347967486981142e-06,1.0541676153348962e-06,2.2231800754756256e-07,1.7087368339105278e-07,1.0611432912920454e-06,2.868241956890969e-07
0.026799989323032257,4.586244808475999e-07,3.426997695182163e-07,2.2089786501775464e-06,1.5368522168381327e-06,1.6287205068411744e-09,4.569957603407587e-07,1.6811713826695044e-06,5.278072675080422e-07
0.026899989320506256,3.4404611575467184e-07,5.388428411495441e-07,1.4941263588858945e-06,1.4276129612354305e-06,1.0233152767230437e-07,2.417145880823674e-07,9.598441371872337e-07,5.342822216986613e-07
0.026999989317980255,6.2898769954713e-07,6.838131895607747e-07,1.163003876296384e-06,1.08447324958905e-06,7.354799379009732e-08,5.554397057570328e-07,5.253621231206257e-07,6.376417531757584e-07
0.027099989315454258,7.800990272274496e-07,9.680858822861992e-07,1.8394064138001744e-06,1.5211432464172007e-06,5.332082127869175e-08,7.267782059487579e-07,1.4935611947561972e-06,3.4584521904397696e-07
0.027199989312928257,4.688673666279144e-07,4.660914003036255e-07,1.4554367134663881e-06,1.3289728780229332e-06,8.003448311303805e-08,3.8883288351487623e-07,1.081465796747085e-06,3.739709167193028e-07
0.027299989310402256,4.5890844811469626e-07,3.7469787065879977e-07,1.0646417389185976e-06,7.745536141826976e-07,1.9703530625071465e-08,4.392049174896248e-07,6.211486860128904e-07,4.4349305290570715e-07
0.027399989307876255,5.34300156447513e-07,4.5353993147316074e-07,1.7127833523535584e-06,1.2378008675265395e-06,9.156601404798999e-08,4.42734142399523e-07,1.2038460001320076e-06,5.089373522215506e-07
0.027499989305350258,5.216165467752113e-07,2.2860257134763148e-07,1.6904957342613765e-06,1.1303300276420556e-06,7.881412049856028e-08,4.428024262766509e-07,1.2985697092948116e-06,3.9192602496656483e-07
0.027599989302824257,7.635988726462502e-07,7.353850688361788e-07,1.1988979400978253e-06,1.1081399254276084e-06,2.6529486553257443e-07,4.983040071136757e-07,7.573097948229178e-07,4.4158814527490763e-07
0.027699989300298256,4.1986376190257654e-07,3.410005919841434e-07,1.2301674910385332e-06,1.1325075124934531e-06,6.201037435114887e-08,3.5785338755142766e-07,8.240941143294799e-07,4.060733767090533e-07
0.027799989297772255,1.027273811131371e-06,7.33662166941187e-07,1.3843584459496537e-06,7.391827383500595e-07,1.1004817149762041e-07,9.172256396337507e-07,9.763717087005765e-07,4.0798673724907714e-07
0.027899989295246258,5.983570735675835e-07,6.903408600942185e-07,1.612663307394298e-06,1.04417307641755e-06,9.5349794418779e-08,5.030072791488046e-07,1.110613724404285e-06,5.020495829900132e-07
0.027999989292720257,6.486655399142671e-07,6.317347329303665e-07,1.4142792125897934e-06,1.1218854294644e-06,1.9399252746320257e-07,4.5467301245106463e-07,9.843486743391264e-07,4.2993053825066694e-07
0.028099989290194256,1.1466186672774573e-06,1.02335550736407e-06,1.2802359356426912e-06,1.4155008170644284e-06,4.87125383522277e-08,1.0979061289252297e-06,7.572472602272272e-07,5.229886754154642e-07
0.028199989287668255,5.890641179840585e-07,4.7227520020814537e-07,1.8504301862019239e-06,1.484239057423072e-06,6.25100152037364e-08,5.26554102780322e-07,1.176458605577331e-06,6.73971580624593e-07
0.028299989285142258,3.5450196309933074e-07,2.699002871669277e-07,7.994929419904025e-07,8.057582023401689e-07,1.550259329139992e-08,3.3899936980793083e-07,5.042117629471017e-07,2.952811790433008e-07
0.028399989282616257,6.637188724659111e-07,7.775886596669054e-07,1.3957372418177852e-06,1.3705591267459432e-06,6.099487752930377e-08,6.027239949366072e-07,9.079032748849256e-07,4.878339669328594e-07
0.028499989280090256,4.477426795988546e-07,4.517220655486587e-07,1.7182597511403215e-06,1.2309609156031416e-06,1.3093217445462894e-07,3.1681050514422564e-07,1.0039393101020896e-06,7.143204410382318e-07
0.028599989277564256,8.688842653448042e-07,7.304811797918662e-07,1.672122833145961e-06,1.314992834007561e-06,5.275124731781012e-07,3.4137179216670305e-07,1.1917594209712954e-06,4.80363412174666e-07
0.028699989275038258,6.490205083484953e-07,5.182574863576435e-07,6.83822672297967e-07,7.136263673312838e-07,1.5248720173481298e-08,6.337717881750141e-07,3.9365043315155946e-07,2.901722391464076e-07
0.028799989272512257,6.562276949791752e-07,7.100760904871834e-07,1.0528810273778983e-06,4.45561327089918e-07,6.800331243510842e-08,5.882243825440668e-07,8.702202450871807e-07,1.8266078229071748e-07
0.028899989269986257,2.9158088806525956e-07,2.444362349668229e-07,7.75359606475095e-07,5.387552017843088e-07,6.251001521971586e-08,2.290708728455437e-07,5.317793278821114e-07,2.4358027859298354e-07
0.028999989267460256,3.080100732114056e-07,2.3190379494249616e-07,1.8249649365059512e-06,1.2774362698542586e-06,9.342731027950014e-08,2.1458276293190546e-07,9.209837224797903e-07,9.039812140261606e-07
0.02909998926493426,5.530990745476184e-07,5.421123393918962e-07,1.7721447661928134e-06,1.3742292878316923e-06,1.925625859476284e-07,3.6053648859999e-07,1.2562273885139273e-06,5.15917377678886e-07
0.029199989262408257,2.916518757624201e-07,3.375692488160194e-07,1.210773627359283e-06,6.959508435937267e-07,4.1516826580528104e-08,2.501350491818919e-07,8.286729994800265e-07,3.821006278792566e-07
0.029299989259882257,5.129624998138823e-07,2.9158033899323796e-07,1.8752464331365972e-06,1.7405184380493004e-06,5.602352891710409e-08,4.569389708967782e-07,1.1238314932742684e-06,7.514149398623293e-07
0.029399989257356256,6.776363595909219e-07,5.337822003508186e-07,1.2625728827375242e-06,9.102158022698458e-07,8.352179829273146e-09,6.692841797616486e-07,9.209837223692301e-07,3.4158916036829437e-07
0.02949998925483026,6.045433966380538e-07,6.335062800740328e-07,8.154251652646296e-07,6.528405198256158e-07,1.309321744264226e-07,4.7361122221163134e-07,6.116833128138937e-07,2.0374185245073603e-07
0.029599989252304258,5.01725736904467e-07,2.943442565721277e-07,9.991109294817837e-07,8.602763491400784e-07,7.043794125901e-08,4.312877956454571e-07,6.258783420590406e-07,3.732325874227427e-07
0.029699989249778257,5.585044594828727e-07,6.889454982265371e-07,1.36570152676325e-06,1.0950606554108065e-06,9.368287504840997e-08,4.648215844344627e-07,7.769169913739297e-07,5.887845353893202e-07
0.029799989247252256,4.007538562246037e-07,4.090610991431797e-07,1.145624776541628e-06,8.913591059695492e-07,5.973361898552072e-08,3.4102023723908286e-07,6.801125638108278e-07,4.655122127308001e-07
0.02989998924472626,4.3385222970188e-07,1.5619410494758598e-07,1.1290536243897718e-06,8.91653662821383e-07,3.268799859441602e-08,4.0116423110746394e-07,5.534584167424656e-07,5.755952076473061e-07
0.029999989242200258,5.074151058873096e-07,4.610272744955259e-07,1.5234081736396011e-06,6.40922133619019e-07,2.2766592374141607e-08,4.84648513513168e-07,9.21025951243805e-07,6.023822223957961e-07
0.030099989239674257,1.2336730655551926e-06,1.1126528782162652e-06,1.1222014132052932e-06,1.3932268947260974e-06,1.088180671718454e-09,1.2325848848834745e-06,2.5042612117711645e-07,8.717752920281765e-07
0.030199989237148256,5.925967068131437e-07,6.213531614916569e-07,1.0217534523994227e-06,9.76868675984783e-07,1.712925268790204e-07,4.213041799341232e-07,6.64269223696896e-07,3.574842287025268e-07
0.03029998923462226,7.791051804646613e-07,5.492264077167032e-07,1.7874110404872498e-06,9.487451929914195e-07,2.52962169917384e-09,7.765755587654876e-07,1.548115205592507e-06,2.3929583489474314e-07
0.030399989232096258,6.155941866488663e-07,7.470202825601925e-07,1.2962662227968097e-06,1.0913701268875695e-06,5.883271545222277e-08,5.567614711966436e-07,8.783499676254392e-07,4.179162551713704e-07
0.030499989229570257,2.512313402712535e-07,3.0124049833768416e-07,9.604921939622522e-07,9.639864465374909e-07,2.6190016825709627e-08,2.2504132344554382e-07,6.448097653038668e-07,3.156824286583853e-07
0.030599989227044256,7.939455273641285e-07,1.141282745071061e-06,1.2448658432404538e-06,8.652194347004158e-07,5.2980068908437764e-08,7.409654584556908e-07,4.378134892747798e-07,8.07052353965674e-07
0.03069998922451826,5.588154721687455e-07,3.544612941468409e-07,1.6465425447496114e-06,1.1363893033297407e-06,4.348731526208149e-08,5.153281569066641e-07,1.2488399636863676e-06,3.977025810632438e-07
0.030799989221992258,4.3138448543559464e-07,3.4740037189902237e-07,1.034366036814857e-06,9.457929162801477e-07,6.099488006244439e-08,3.7038960537315017e-07,4.457234958072364e-07,5.886425410076208e-07
0.030899989219466257,5.854605145359504e-07,4.3248325148400104e-07,1.3587782500954654e-06,1.0015460571699349e-06,1.6824637083135752e-07,4.1721414370459277e-07,8.244845381016734e-07,5.342937119937922e-07
0.030999989216940256,6.874262756800494e-07,4.193097987628899e-07,1.492040601282691e-06,9.460965013851503e-07,5.973361898349407e-08,6.276926566965553e-07,1.0138491826354393e-06,4.781914186472517e-07
0.03109998921441426,2.5763061935370426e-07,2.618064843750106e-07,8.017477045962459e-07,1.0000172133588887e-06,4.467217824809102e-08,2.1295844110561316e-07,3.514727057194027e-07,4.5027499887684315e-07
0.031199989211888258,4.7484069968904127e-07,3.309614980322984e-07,1.4110575474598192e-06,1.4155375689479658e-06,2.2709800796715394e-08,4.5213089889232575e-07,7.757882322735253e-07,6.352693151862937e-07
0.03129998920936226,6.45700855322918e-07,7.700339762080744e-07,1.614678092184917e-06,1.8242718343342713e-06,2.949127016102977e-07,3.507881537126203e-07,9.759180608893993e-07,6.38760031295518e-07
0.03139998920683626,1.3425621023277306e-06,1.437601110709927e-06,8.993019297457719e-07,7.43921278860829e-07,1.3075199412160805e-07,1.2118101082061225e-06,3.6832851872826685e-07,5.309734110175052e-07
0.031499989204310255,6.93355642765998e-07,4.879711974166278e-07,1.4844074411112535e-06,1.2046230239304956e-06,3.28681787581748e-08,6.604874640078231e-07,8.464364351143759e-07,6.379710059968779e-07
0.03159998920178426,2.8264287051341095e-07,2.3678967501703773e-07,1.2331761240438552e-06,7.818260774104309e-07,1.0118486016357652e-08,2.7252438449705326e-07,7.702503239199893e-07,4.6292580012386564e-07
0.03169998919925826,4.3159745838741955e-07,3.353912372007566e-07,8.438280582884605e-07,8.015882454723903e-07,1.2676503933630526e-08,4.18920954453789e-07,4.7931950583485e-07,3.6450855245361046e-07
0.031799989196732256,6.867873534239246e-07,4.4470364885654635e-07,1.3663404626403e-06,1.698715364918172e-06,3.3067086778317016e-07,3.561164856407545e-07,9.597951541640556e-07,4.065453084762441e-07
0.03189998919420626,3.5139529980717415e-07,3.865773077836363e-07,9.645927295249572e-07,8.141418103452927e-07,3.254601657941589e-08,3.1884928322775823e-07,6.469594209112432e-07,3.1763330861371407e-07
0.031999989191680255,6.03975468695579e-07,6.492866940634038e-07,9.478795898841072e-07,8.673389012440449e-07,5.4489799483395925e-08,5.49485669212183e-07,4.94551326328848e-07,4.53328263555259e-07
0.03209998918915426,5.237733101596481e-07,5.77544561639064e-07,8.192417700121376e-07,4.7376378683669083e-07,2.6853944765535704e-08,4.969193653941125e-07,5.807332372455094e-07,2.385085327666283e-07
0.03219998918662826,6.568666374340998e-07,6.196388201791498e-07,1.1925865963714196e-06,1.0207343390610609e-06,1.403184441122157e-07,5.16548193321884e-07,8.217044575854038e-07,3.708821387860156e-07
0.032299989184102255,4.7310988894000545e-07,4.49163689070981e-07,1.0447949151215679e-06,1.6073743170674107e-06,1.903250364018332e-08,4.540773852998221e-07,3.1221000421262076e-07,7.325849109089471e-07
0.03239998918157626,5.781113054816785e-07,7.918998751113756e-07,8.95840320393221e-07,9.70728666940728e-07,9.949393769939161e-08,4.78617367782287e-07,4.04932486466105e-07,4.909078339271163e-07
0.032499989179050254,7.933066077662019e-07,7.89885600579331e-07,1.2965941155713478e-06,9.099707678194283e-07,1.7687811220766687e-07,6.164284955585351e-07,4.004279751849052e-07,8.961661403864427e-07
0.032599989176524256,7.785372559600543e-07,6.224172861406806e-07,8.887040842687681e-07,6.834924953126626e-07,8.35217985906646e-09,7.701850761009878e-07,3.985152897938587e-07,4.901887944749096e-07
0.03269998917399826,7.850785114776017e-07,7.013873243969655e-07,1.2684312474769202e-06,1.187310445447817e-06,1.105488167287902e-08,7.740236298047225e-07,7.024724891237702e-07,5.659587583531499e-07
0.032799989171472255,1.0216554160775564e-06,7.886476339060212e-07,5.91362856529106e-07,4.52622036117519e-07,3.030208031815604e-07,7.186346128959962e-07,3.8121800109390596e-07,2.1014485543519998e-07
0.03289998916894626,4.4855061074573317e-07,4.842272216593735e-07,7.700961784917415e-07,5.176895084946607e-07,9.342731111167234e-08,3.5512329963406083e-07,4.5880635676066167e-07,3.112898217310799e-07
0.03299998916642026,3.4079746245494175e-07,2.4657433908566905e-07,1.0723188710149267e-06,1.0086210617646556e-06,4.611361968280852e-08,2.946838427721332e-07,6.028152885291262e-07,4.695035824858004e-07
0.033099989163894256,3.696262866716987e-07,3.5334934918504763e-07,6.436860806665885e-07,7.424735545119478e-07,2.720450358959934e-08,3.4242178308209933e-07,1.088633074336258e-07,5.348227732329627e-07
0.03319998916136826,3.6948430473325037e-07,2.698339583635136e-07,8.537599619899747e-07,5.964329571912926e-07,1.1004817543401649e-07,2.594361292992339e-07,6.024674329267458e-07,2.5129252906322904e-07
0.033299989158842254,5.984990724690093e-07,5.935287836968423e-07,1.3602961155486558e-06,1.365776199238418e-06,7.516961826145997e-08,5.233294542075493e-07,6.102151621904527e-07,7.500809533582028e-07
0.03339998915631626,5.704071833121476e-07,5.199970408485032e-07,1.6499332393205821e-06,1.8722878587846232e-06,2.5433800648645953e-08,5.449733826635017e-07,9.59844161253159e-07,6.90089078067423e-07
0.03349998915379026,6.72443934061288e-07,5.936724611012718e-07,1.2719638794159756e-06,8.901246724313652e-07,2.3004006166304945e-07,4.424038723982386e-07,8.220962364030458e-07,4.498676430129298e-07
0.033599989151264255,4.094079064845844e-07,3.2663122820845943e-07,9.20497607234593e-07,7.323540735277387e-07,1.7000827581288208e-08,3.924070789032961e-07,5.929445828028695e-07,3.275530244317237e-07
0.03369998914873826,6.094518479446234e-07,8.111232741299083e-07,8.162331181500212e-07,5.093448738920357e-07,1.550259358048958e-08,5.939492543641339e-07,4.644801594181449e-07,3.517529587318763e-07
0.03379998914621226,3.8057908243723035e-07,4.567161993478738e-07,5.984551146602072e-07,6.244048989760959e-07,1.316697961022441e-07,2.4890928633498615e-07,2.0720449740578324e-07,3.912506172544239e-07
0.033899989143686256,7.349830304184596e-07,6.346362267198411e-07,1.1264709500472752e-06,1.220654342791816e-06,4.1516826970286886e-08,6.934662034481729e-07,4.4040059653259864e-07,6.860703535146765e-07
0.03399998914116026,6.7014517990341e-07,7.940317772089827e-07,6.150262729692891e-07,6.662462497454633e-07,9.793622623069805e-09,6.603515572803404e-07,3.624724863587489e-07,2.5255378661054007e-07
0.034099989138634254,6.149282407018375e-07,7.100453058222229e-07,1.572810720063396e-06,1.2329237032874455e-06,3.4309617931671664e-08,5.806186227701657e-07,1.1449632510510024e-06,4.278474690123936e-07
0.03419998913610826,4.5293511173789395e-07,4.3526777617582486e-07,8.735357799268614e-07,1.1643829560314163e-06,9.793621004254645e-09,4.431414907336393e-07,3.3557085492506057e-07,5.379649250018007e-07
0.03429998913358226,7.104237116784864e-07,9.166407787227977e-07,1.6242820159295222e-06,7.974805906606071e-07,1.0233152027803597e-07,6.080921914004503e-07,1.2095326198699857e-06,4.1474939605953663e-07
0.034399989131056255,5.161401571894954e-07,5.139036162035095e-07,6.761895194839673e-07,4.062297503938442e-07,1.6287206455442054e-09,5.145114365439511e-07,2.974930318030547e-07,3.7869648768091257e-07
0.03449998912853026,4.6576069670773684e-07,3.435707272857649e-07,8.156381618539396e-07,5.6786574723799e-07,5.25362157960089e-09,4.6050707512813593e-07,2.3453577344403847e-07,5.811023884099012e-07
0.03459998912600426,6.50778358859763e-07,4.303705340182413e-07,1.2798539632145126e-06,1.8394484488990386e-06,1.7394925739582937e-07,4.7682910146393375e-07,6.734634834170988e-07,6.063904797974138e-07
0.034699989123478256,3.235873697258244e-07,2.9867486338785985e-07,5.891350887372872e-07,6.668989594495641e-07,4.3487312476712165e-08,2.8010005724911225e-07,1.4287206118042802e-07,4.4626302755685915e-07
0.03479998912095226,7.302435542126483e-07,7.783780971559336e-07,9.514121997924472e-07,5.077053933322516e-07,1.621621554648681e-09,7.286219326579994e-07,3.8421377959373e-07,5.671984201987174e-07
0.034899989118426254,3.891621383833641e-07,3.84905677990276e-07,8.336561500739336e-07,1.0787921560708978e-06,9.1566014016999e-08,2.97596124366365e-07,3.045200490588663e-07,5.291361010150674e-07
0.03499998911590026,4.292987245611506e-07,5.108725315202731e-07,9.149502342394118e-07,9.889660772113473e-07,3.719250315197956e-08,3.9210622140917116e-07,3.261017889903798e-07,5.888484452490318e-07
0.03509998911337426,5.500194284479579e-07,4.294027147962706e-07,6.500414106238491e-07,5.496474699335047e-07,7.20720953585605e-10,5.492987074943722e-07,1.1275087860965904e-07,5.372905320141899e-07
0.035199989110848255,3.170900760741579e-07,3.2365542714435454e-07,7.267819462547078e-07,6.762929225156345e-07,7.354799675408163e-08,2.435420793200763e-07,3.895072964068733e-07,3.372746498478347e-07
0.03529998910832226,8.577185135600847e-07,4.5033027659385547e-07,7.113466181799604e-07,7.407609057926129e-07,3.622331179205264e-08,8.214952017680325e-07,2.0448016596816007e-07,5.068664522118004e-07
0.03539998910579626,2.584385439483872e-07,2.1127424651123664e-07,9.56888589030954e-07,8.023868205159327e-07,9.079999555080066e-10,2.5753054399287933e-07,6.065412204928212e-08,8.962344669816719e-07
0.035499989103270256,3.9729223476642197e-07,4.659029202877775e-07,7.721819306413392e-07,8.360004907896521e-07,8.136504153572191e-09,3.891557306128499e-07,1.1408853233316496e-07,6.580933983081744e-07
0.03559998910074426,3.852745776293104e-07,3.321532415587824e-07,5.639098848456365e-07,5.077552424524363e-07,4.4491997991504006e-08,3.407825796378065e-07,3.08786581030768e-07,2.5512330381486855e-07
0.035699989098218254,4.692933125176902e-07,2.972640688930942e-07,7.79531119599624e-07,8.187055339650083e-07,2.619001681724117e-08,4.4310329570044906e-07,2.770065764610428e-07,5.02524543138581e-07
0.03579998909569226,7.746226310806464e-07,9.187381613616467e-07,1.021016527763336e-06,7.570233717837387e-07,1.8226593195170818e-08,7.563960378854756e-07,7.203103454511354e-07,3.007061823122005e-07
0.03589998909316626,6.146442768132994e-07,6.895318272233509e-07,8.275138369739582e-07,1.0232464276159068e-06,8.856244305885532e-08,5.260818337544442e-07,2.1312881924310442e-07,6.143850177308537e-07
0.035999989090640255,2.808410687780956e-07,2.2066925284215564e-07,6.743877224854087e-07,5.641001286666039e-07,1.6216215546486478e-09,2.792194472234469e-07,1.6606730889449073e-07,5.083204135909179e-07
0.03609998908811426,4.6035529164754313e-07,6.609774292850109e-07,6.454879039302303e-07,6.75446828892327e-07,5.883271795511437e-08,4.0152257369242876e-07,3.366168142908673e-07,3.0887108963936304e-07
0.03619998908558826,3.0779710021769213e-07,2.549428772606742e-07,7.731318669345251e-07,8.683832655401433e-07,1.5502593297309662e-08,2.922945069203824e-07,1.7733177917100797e-07,5.958000877635172e-07
0.036299989083062256,3.642208848497165e-07,2.947185769767615e-07,7.362878782393169e-07,6.839063799467849e-07,1.1058871579861097e-07,2.5363216905110553e-07,1.8390243787076975e-07,5.523854403685471e-07
0.03639998908053626,3.3892466971597955e-07,2.267541010165755e-07,1.3521660751532664e-06,1.7029044331500037e-06,1.6149620917885017e-08,3.227750487980945e-07,5.519595106184763e-07,8.002065645347902e-07
0.036499989078010255,5.311934899632246e-07,5.55594605585508e-07,1.0300255362606466e-06,5.370323084385692e-07,1.2460828292114055e-08,5.187326616711106e-07,3.423825787483123e-07,6.876429575123342e-07
0.03659998907548426,4.943765513173534e-07,4.086532974490278e-07,1.0662745145051484e-06,8.767558264327898e-07,1.1195577722938993e-07,3.824207740879635e-07,4.6541791025747264e-07,6.008566042476758e-07
0.03669998907295826,7.251220960475646e-07,8.887559686237302e-07,4.162601584544684e-07,3.269843053439484e-07,1.0233152031079441e-07,6.227905757367701e-07,1.5448979322007278e-07,2.617703652343956e-07
0.036799989070432255,5.131044817466047e-07,5.132853614054606e-07,7.238172650508567e-07,1.0162885077717155e-06,2.558288170109677e-08,4.87521600045508e-07,2.504261149017672e-07,4.733911501490896e-07
0.03689998906790626,6.675354489033915e-07,6.822501691522174e-07,7.74338683995553e-07,6.872059223431876e-07,1.5040853007374168e-07,5.171269188296499e-07,8.856244293911231e-08,6.857762410564408e-07
0.03699998906538026,7.895610255779671e-07,8.164412103338661e-07,7.584064358694828e-07,7.692672854832583e-07,2.0391393296211746e-07,5.856470926158498e-07,9.15207200936051e-08,6.668857157758778e-07
0.037099989062854256,8.632658703586371e-07,1.0258173106339615e-06,6.041174472328895e-07,4.78194276471821e-07,8.352177711656103e-09,8.549136926469809e-07,1.3525649812731163e-07,4.688609491055778e-07
0.03719998906032826,7.178438982128335e-07,9.474289405909764e-07,7.400334636256397e-07,8.463365063631799e-07,4.4672173472686164e-08,6.731717247401472e-07,4.2222977603485654e-07,3.17803687590783e-07
0.037299989057802255,6.525531241851154e-07,5.055732239748002e-07,6.974561898434073e-07,4.049113837756242e-07,9.79362112366257e-09,6.427595030614527e-07,2.158315225519983e-07,4.81624667291409e-07
0.03739998905527626,3.3129151692035105e-07,3.642817544302247e-07,6.772813910920625e-07,7.530259398831705e-07,1.6149620960609736e-08,3.151418959597414e-07,1.1649036916230764e-07,5.607910219297547e-07
0.03749998905275026,6.30718527068229e-07,5.27455038494149e-07,6.112806842762462e-07,4.3582015615263775e-07,2.1328330490064903e-07,4.1743522216757995e-07,1.364717745325783e-07,4.748089097436679e-07
0.037599989050224256,4.875952984620705e-07,6.296393745143894e-07,5.113736541768101e-07,7.496650961940097e-07,1.1275087815612753e-07,3.74844420305943e-07,5.0706013834611605e-08,4.606676403421987e-07
0.03769998904769826,1.0903639073261138e-06,8.841340950650763e-07,6.001588921934973e-07,4.906440338820862e-07,3.662640558035006e-07,7.240998515226134e-07,3.3067086827570293e-07,2.694880239177945e-07
0.03779998904517226,4.719740312242217e-07,3.3186920403215707e-07,2.0986089171417957e-07,3.110997672973746e-07,1.6216209448649355e-09,4.7035241027935674e-07,1.5248720044639142e-08,1.9461217166954043e-07
0.03789998904264626,7.407704174687156e-07,6.666198355928445e-07,9.220154530675899e-07,8.071918229683153e-07,2.2215134148221372e-07,5.18619075986502e-07,4.1844599801143837e-07,5.035694550561515e-07
0.03799998904012026,4.886161993129561e-07,5.261723431874826e-07,4.985480826069656e-07,5.130272852940263e-07,7.88141236266102e-08,4.0980207568634586e-07,1.0886330959815824e-07,3.896847730088074e-07
0.038099989037594255,6.352720405269226e-07,4.6404871912721465e-07,8.671804999250886e-07,6.264557129941682e-07,7.99137989532258e-08,5.553582415736967e-07,1.3757144903669354e-07,7.296090508883952e-07
0.03819998903506826,2.840897172862711e-07,2.2930291948054172e-07,6.685563680144251e-07,4.911049055381498e-07,5.429812373710854e-08,2.297915935491626e-07,3.246424360452425e-07,3.4391393196918265e-07
0.03829998903254226,3.6651962350119716e-07,4.625688690567071e-07,5.788482591445179e-07,4.851383826902166e-07,3.631999853267201e-09,3.628876236479299e-07,1.6189577492183986e-07,4.1695248422267797e-07
0.038399989030016256,3.3532106292174554e-07,2.9154962900359604e-07,6.458428542638431e-07,7.047444374019933e-07,5.973361878294023e-08,2.7558744413880524e-07,2.439795206950813e-07,4.0186333356876176e-07
0.03849998902749026,8.123894965270042e-07,7.24651865363222e-07,7.323293198229879e-07,6.577230070234598e-07,4.8712537281791975e-08,7.63676959245212e-07,1.3692611664018066e-07,5.954032031828072e-07
0.03859998902496426,7.653296719848925e-07,8.958475369590604e-07,1.0695231766791676e-06,8.12842859934195e-07,4.352721213472666e-09,7.6097695077142e-07,2.9286243257465523e-07,7.766607441045125e-07
0.03869998902243826,8.642867712344742e-07,9.212005348742422e-07,6.264050219021275e-07,3.2520728630656615e-07,1.2460828717274901e-08,8.518259425171995e-07,3.1922924883457273e-07,3.0717577306755463e-07
0.03879998901991226,5.830907782263555e-07,4.3182957263674167e-07,6.944914836974025e-07,7.618814050962308e-07,1.0881801301966757e-09,5.820025980961587e-07,3.59237022948373e-07,3.352544607490294e-07
0.038899989017386255,6.797221116818341e-07,7.757011474217522e-07,3.7280394411947057e-07,2.2873037227826047e-07,6.251001219979714e-08,6.17212099482037e-07,2.997380122346887e-08,3.4283014289600166e-07
0.03899998901486026,5.114446451578946e-07,6.996286117001566e-07,4.2548214327899906e-07,3.604646665056436e-07,2.2880177483920144e-08,4.885644676739744e-07,5.4298123749228115e-08,3.711840195297709e-07
0.03909998901233426,7.286547389084981e-07,5.134609672253553e-07,8.096648348530862e-07,5.349090652474861e-07,1.0881801940637236e-09,7.275665587144347e-07,3.895072994466028e-07,4.201575354064834e-07
0.039199989009808256,5.207646629392463e-07,5.963866832741911e-07,8.233423022812293e-07,6.58379612283721e-07,3.340871944941804e-08,4.873559434898285e-07,6.024406825624318e-08,7.630982340249861e-07
0.03929998900728226,3.8252286261483127e-07,4.13425557897979e-07,3.4425908064838544e-07,3.490128644562549e-07,8.17199964860401e-09,3.7435086296622723e-07,5.315044719572064e-08,2.911086334526648e-07
0.039399989004756254,5.619661012324134e-07,5.732490790197243e-07,4.420533103713642e-07,4.1436249568000764e-07,1.516353085375238e-08,5.46802570378661e-07,9.342731010096697e-08,3.486260002703972e-07
0.03949998900223026,4.6936429689110697e-07,6.174862738001493e-07,1.0102056916550716e-06,1.129527440454862e-06,4.1516825989997624e-08,4.278474709011094e-07,1.6498351585426603e-07,8.452221758008059e-07
0.03959998899970426,5.605192544291195e-07,6.382707059466306e-07,4.746987177693316e-07,3.210004672698038e-07,7.643087962740738e-08,4.840883748017122e-07,2.0448017130095168e-07,2.702185464683799e-07
0.039699988997178255,3.586734943583887e-07,3.358499118752295e-07,1.4381995077185815e-06,1.0583553874423887e-06,2.4321620349859067e-08,3.3435187400852967e-07,9.94836957416883e-07,4.433625503016987e-07
0.03979998899465226,5.020097074340158e-07,5.184804481638106e-07,7.66350549385737e-07,1.3417536474801287e-06,2.2699998919480023e-08,4.793097085145358e-07,2.0718286312868677e-07,5.591676862570503e-07
0.03989998899212626,3.730879114814517e-07,3.101962335381293e-07,5.551138323608635e-07,7.859725682912253e-07,8.352179792026413e-09,3.647357316894252e-07,2.0448016610616519e-07,3.506336662546984e-07
0.039999988989600256,3.5680070491489885e-07,2.0815920263828975e-07,7.725368822658233e-07,6.000526018140432e-07,1.6149620905179685e-08,3.4065108400971926e-07,3.4031810394522595e-07,4.322187783205975e-07
0.04009998898707426,3.393506156683878e-07,3.108153701398005e-07,2.5151530098269106e-07,2.522747958645059e-07,1.9032503657253716e-08,3.2031811201113407e-07,2.5582881517211248e-08,2.259324194654798e-07
0.040199988984548254,4.169700716001694e-07,3.5849187421271115e-07,4.096208828412205e-07,4.512788964261047e-07,1.1674594075282838e-07,3.002241308473411e-07,1.1531531023423429e-08,3.980893518177971e-07
0.04029998898202226,1.1341480033484184e-06,1.0187537708109732e-06,5.003498877078495e-07,4.481803654367313e-07,5.0978486981468105e-08,1.0831695163669504e-06,1.2446258891844323e-07,3.758872987894062e-07
0.04039998897949626,2.970572842750325e-07,2.95772276062369e-07,3.814580011930744e-07,3.8428010217526387e-07,1.7410882124497635e-08,2.7964640215053487e-07,5.2072069755171215e-08,3.293859314379032e-07
0.040499988976970255,7.538799462258612e-07,6.738563590784055e-07,8.140493209238375e-07,9.014907534578213e-07,2.693450268027599e-07,4.845349194231013e-07,2.2231800387088672e-07,5.917313170529509e-07
0.04059998897444426,6.445650062290445e-07,4.101183608406961e-07,5.840136677535406e-07,4.950787815680557e-07,3.631999829114458e-09,6.409330063999302e-07,2.677633035788878e-07,3.162503641746528e-07
0.04069998897191826,7.33421229882283e-07,5.243269986953018e-07,6.377837325488186e-07,7.286518564919133e-07,4.728259246032189e-08,6.861386374219613e-07,1.167459365428965e-07,5.210377960059222e-07
0.040799988969392256,5.905819321793367e-07,7.084313544250728e-07,4.5798556669147487e-07,4.6634062545755944e-07,2.7204501605781716e-08,5.633774305735551e-07,7.270659125862598e-08,3.852789754328489e-07
0.04089998896686626,4.584825023030253e-07,3.956089815500537e-07,4.1495529693789416e-07,3.169396964173067e-07,8.171999659227603e-09,4.503105026437976e-07,5.429812376469807e-08,3.6065717317319607e-07
0.040999988964340255,4.0011493728235257e-07,3.3708478875991667e-07,7.522201480239933e-07,5.946339105487732e-07,2.342071961424716e-08,3.766942176681054e-07,3.86166361147228e-07,3.660537868767654e-07
0.04109998896181426,6.470057336656565e-07,5.292049665179522e-07,7.969812101963886e-07,8.326892529560031e-07,3.622331273979383e-08,6.107824209258626e-07,8.503253245738141e-08,7.11948677739007e-07
0.04119998895928826,4.980511504640403e-07,3.315147846093951e-07,6.601862600955907e-07,6.944084494461023e-07,9.098017622121818e-08,4.0707097424282205e-07,2.2610178675279573e-07,4.3408447334279493e-07
0.041299988956762256,6.046414192899554e-07,6.185084549903187e-07,6.040464596140141e-07,4.84490243838285e-07,3.5570881024595157e-08,5.690705382653602e-07,1.7147001035125686e-07,4.325764492627573e-07
0.04139998895423626,5.141963783982009e-07,4.6471037186615875e-07,4.4731673686361677e-07,3.1629381540131447e-07,5.412503935512345e-09,5.087838744626884e-07,8.47600683412118e-08,3.6255666852240484e-07
0.04149998895171026,3.949934926739308e-07,2.918577887559647e-07,3.3295133342036815e-07,3.769590498170896e-07,1.6228082209201537e-07,2.3271267058191536e-07,3.557088105376636e-08,2.973804523666018e-07
0.041599988949184256,4.5950340778771484e-07,5.02696538777278e-07,7.645487914320888e-07,7.253090236587228e-07,6.459848334275392e-08,3.9490492444496074e-07,2.770065829060547e-07,4.87542208526034e-07
0.04169998894665826,4.026976229947425e-07,6.98882678772189e-07,4.598583581500232e-07,5.305493085662459e-07,6.459848100524637e-08,3.3809914198949616e-07,8.774504114554897e-08,3.7211331700447416e-07
0.041799988944132255,4.927167316496921e-07,3.892305430540413e-07,6.086709639379595e-07,3.620729646611229e-07,5.908659133855718e-08,4.33630140311135e-07,4.3527205354934586e-09,6.043182434024659e-07
0.04189998894160626,4.1531025195507066e-07,4.893400189706906e-07,9.212074974508255e-07,1.0492397429542002e-06,5.253621377012957e-09,4.1005663057805775e-07,2.997380117943182e-08,8.912336962713935e-07
0.04199998893908026,4.0990484680966523e-07,5.366063390177e-07,3.893751179951886e-07,3.358528509906599e-07,2.1650017094246204e-08,3.8825482971541906e-07,1.2315703954077675e-07,2.662180784544118e-07
0.042099988936554256,9.160860785526735e-07,9.651525573324736e-07,1.0159660638155501e-06,1.1171675225320216e-06,3.3067086763160087e-07,5.854152109210726e-07,2.58393929086902e-07,7.57572134728648e-07
0.04219998893402826,7.319033673335193e-07,8.142985806095703e-07,5.093588963070523e-07,4.36473111340162e-07,1.0881800860297755e-07,6.230853587305418e-07,3.7908827153860355e-09,5.055680135916663e-07
0.04229998893150226,4.477426626704183e-07,6.889107826826301e-07,4.601423186032994e-07,4.301863539821997e-07,4.151682534252161e-08,4.0622583732789677e-07,9.736828863553702e-09,4.504054897397456e-07
0.04239998892897626,5.56702657712876e-07,6.795173908487703e-07,6.093098659757782e-07,6.769390528330437e-07,3.7192500547797793e-08,5.195101571650782e-07,1.2676502979340958e-08,5.966333629964371e-07
0.04249998892645026,2.8437368135915003e-07,2.556234062491874e-07,6.315264631887644e-07,5.135002151926784e-07,1.2439530954796957e-08,2.71934150404353e-07,2.0841844220310404e-07,4.2310802098566037e-07
0.042599988923924255,7.159711271582333e-07,7.511275554804132e-07,7.460067966982981e-07,7.167489978814692e-07,3.8121792843805004e-09,7.121589478738529e-07,1.892601754058204e-08,7.270807791577159e-07
0.04269998892139826,3.875023218929833e-07,3.773305615691914e-07,5.180129500291247e-07,4.404481357302517e-07,7.516961810208164e-08,3.123327037909017e-07,3.5570881366620126e-08,4.824420686625047e-07
0.04279998891887226,5.243412380393734e-07,4.6849565018810854e-07,6.838226552996744e-07,7.764633715526404e-07,1.1058871577355392e-07,4.1375252226581937e-07,4.504504298918952e-09,6.793181510007553e-07
0.042899988916346256,7.319743831666268e-07,4.634597399559072e-07,5.921707858493348e-07,3.8612121864050587e-07,1.700082901012554e-08,7.149735541565015e-07,6.660006913209934e-08,5.255707167172354e-07
0.04299998891382026,2.5317512407440305e-07,1.8721740141683296e-07,5.14125387271364e-07,5.348026462109852e-07,5.9086592055749856e-08,1.9408853201865313e-07,4.97581249356533e-08,4.6436726233571075e-07
0.04309998891129426,4.787992579926876e-07,5.941100270641278e-07,4.40180514350547e-07,5.080087756154539e-07,4.047394413733581e-08,4.3832531385535184e-07,7.043794287662785e-08,3.6974257147391926e-07
0.04319998890876826,3.1687710325620056e-07,1.9741973177997227e-07,7.442320219677605e-07,7.456142921167324e-07,3.286817876830789e-08,2.840089244878926e-07,1.702594483936963e-07,5.739725735740644e-07
0.04329998890624226,4.998529340413394e-07,7.493564739772052e-07,5.311224988499014e-07,4.36720843359464e-07,5.8832715421455967e-08,4.4102021861988334e-07,1.1058871583374433e-07,4.205337830161569e-07
0.043399988903716255,5.644068216820353e-07,5.138247404094459e-07,3.6623565618824804e-07,4.174912620937063e-07,7.354799674754403e-08,4.908588249344913e-07,3.917448433021484e-08,3.270611718580333e-07
0.04349998890119026,9.591163535675845e-07,7.283449364510647e-07,6.872132858924807e-07,8.429399110505267e-07,2.5433800682761396e-08,9.33682552884823e-07,2.7394351382711927e-07,4.1326977206536136e-07
0.04359998889866426,5.311224956630712e-07,4.125887882486862e-07,6.118486181836794e-07,4.694276004885805e-07,3.4117943649685116e-08,4.970045520133859e-07,1.7800719781638458e-07,4.3384142036729465e-07
0.043699988896138256,4.290147524971707e-07,3.5112304561877204e-07,8.349610452131535e-07,1.0064065680572144e-06,1.246082781194359e-08,4.165539246852271e-07,2.763720572029263e-07,5.585889880102273e-07
0.04379998889361226,5.094298670273545e-07,8.428977489015475e-07,9.907408365124499e-07,7.595037831720117e-07,2.543379924938254e-08,4.839960677779719e-07,5.070601702728254e-08,9.400348194851672e-07
0.04389998889108626,3.8252286259375016e-07,3.170883641989236e-07,4.0457043252554785e-07,4.5408904711795283e-07,2.2699998969420007e-08,3.5982286362433016e-07,2.3420719679406664e-08,3.8114971284614114e-07
0.04399998888856026,6.272569090344414e-07,5.36136670273737e-07,3.96014395027035e-07,3.8996106481780224e-07,1.524872005546591e-08,6.120081889789756e-07,6.694082641222613e-08,3.290735686148089e-07
0.04409998888603426,5.949664398732991e-07,6.671945421048485e-07,6.876392487395916e-07,5.05738429037668e-07,3.268799653507209e-08,5.62278443338227e-07,4.4655410638142863e-07,2.410851423581629e-07
0.044199988883508255,3.496644890199402e-07,4.784412175596674e-07,4.076061014506173e-07,4.191313267307537e-07,1.6287206511698178e-09,3.480357683687704e-07,3.423152895925305e-08,3.733745724913642e-07
0.04429998888098226,6.916958264215328e-07,8.573329223612964e-07,4.060882703841068e-07,3.0612339578768995e-07,6.514883128341296e-09,6.851809432931914e-07,1.385930389118114e-07,2.674952314722953e-07
0.04439998887845626,2.7737944724014746e-07,2.700532698823666e-07,2.4819566473346135e-07,3.429391431247249e-07,2.335682776373757e-08,2.540226194764099e-07,6.882612309300477e-08,1.7936954164045654e-07
0.044499988875930256,4.024136725862259e-07,3.9881211019479385e-07,5.665906021056185e-07,3.7948946867755584e-07,2.101448513833482e-08,3.81399187447891e-07,2.1078647673619077e-07,3.5580412536942763e-07
0.04459998887340426,3.3316430626019127e-07,2.8201826951012157e-07,5.028176401155059e-07,5.250874637547375e-07,2.288017915614902e-08,3.1028412710404215e-07,1.0215945635043731e-07,4.006581837650684e-07
0.04469998887087826,5.265960140357758e-07,3.565835565768744e-07,4.873113263980508e-07,3.489581732532394e-07,4.417253857925693e-08,4.82423475456519e-07,1.8926016506507546e-08,4.6838530989154326e-07
0.04479998886835226,5.474097019603253e-07,5.309133748375557e-07,5.208086087059352e-07,7.189753420300676e-07,1.3363487664529362e-07,4.137748253150317e-07,7.270658861064245e-08,4.481020200952928e-07
0.04489998886582626,2.327873819196758e-07,2.464080415922493e-07,4.836367353591984e-07,4.0856912842811716e-07,1.8926017831968297e-08,2.138613640877075e-07,1.3134053479131175e-07,3.522962005678866e-07
0.044999988863300255,8.791981589186907e-07,1.1093754626222163e-06,6.795091555522495e-07,6.408999536003593e-07,9.079999624087982e-10,8.782901589562818e-07,1.470817955917167e-08,6.648009759930777e-07
0.04509998886077426,4.4760069761307233e-07,4.282210617674825e-07,3.262410667470372e-07,3.3450722251284756e-07,1.470817964291537e-08,4.32892517970157e-07,8.503253684152808e-08,2.4120852990550907e-07
0.04519998885824826,4.0212970868205207e-07,4.111346664443985e-07,4.5653871525027297e-07,4.873852863391886e-07,1.372384809635418e-07,2.6489122771851024e-07,7.805250149799446e-08,3.784862137522785e-07
0.045299988855722256,4.403934941636494e-07,4.388053153747322e-07,7.692882202431252e-07,9.322682666425757e-07,5.253621398370661e-09,4.3513987276527873e-07,1.5507360596345694e-07,6.142146142796681e-07
0.04539998885319626,7.811909393396243e-07,1.0275610134294631e-06,2.8292683439221915e-07,2.962701637313326e-07,2.1183036452278657e-07,5.693605748168378e-07,1.9072135583968642e-26,2.829268343922191e-07
0.045499988850670255,4.0343457666713134e-07,4.1438298578891866e-07,6.97740153836897e-07,6.695769887836976e-07,1.21399526227566e-07,2.8203505043956536e-07,1.196741219080336e-07,5.780660319288635e-07
0.04559998884814426,3.1694809071163594e-07,2.922292196451584e-07,4.25837098304424e-07,3.026558261534772e-07,7.39448575288706e-09,3.095536049587489e-07,2.912259325605926e-08,3.967145050483647e-07
0.04569998884561826,6.04499437378314e-07,6.572195309839029e-07,4.823318705834718e-07,5.114870702634556e-07,1.4877001211297134e-07,4.5572942526534265e-07,2.7204503273896115e-08,4.5512736730957567e-07
0.045799988843092256,6.903909569209713e-07,3.811419141561899e-07,8.924496730707735e-07,1.1604940721808744e-06,8.507952726835637e-08,6.05311429652615e-07,1.042381241811911e-07,7.882115488895823e-07
0.04589998884056626,4.070381816498507e-07,3.7151556003008076e-07,6.76757430394826e-07,8.314119791041377e-07,7.426871789827822e-08,3.327694637515725e-07,3.030208092855501e-07,3.7373662110927586e-07
0.04599998883804026,5.709751098277456e-07,5.289413747429702e-07,6.20120689833584e-07,5.163873928254927e-07,7.991379831366153e-08,4.91061311514084e-07,2.270980005533503e-08,5.97410889778249e-07
0.046099988835514256,4.360089863464973e-07,2.671393330204305e-07,6.761895194670302e-07,4.4975415889852314e-07,1.2270979455195053e-07,3.132991917945467e-07,7.991379820496021e-08,5.962757212620701e-07
0.04619998883298826,7.310954428072514e-07,8.798498494009563e-07,4.6777547481518384e-07,4.883025193483628e-07,1.323736113902254e-07,5.987218314170258e-07,5.332082651444764e-08,4.1445464830073617e-07
0.046299988830462255,3.336612466272372e-07,2.2796844790938635e-07,4.3671889634883154e-07,5.66137678977933e-07,1.1531531031351358e-08,3.2212971559588584e-07,8.892720432304698e-09,4.278261759165269e-07
0.04639998882793626,8.564846295698061e-07,1.0758954883938422e-06,5.080540315732908e-07,4.774645039340112e-07,1.5363216873533843e-07,7.028524608344676e-07,1.452799935205119e-08,4.935260322212396e-07
0.04649998882541026,2.626100786374419e-07,2.724105225912185e-07,5.061102477811323e-07,4.323178616914152e-07,2.9186485173504396e-08,2.334235934639375e-07,2.335682779165481e-08,4.827534199894775e-07
0.046599988822884256,2.663556640473284e-07,1.742300228954087e-07,2.6275206054201633e-07,3.2375643227121827e-07,3.423153004047821e-08,2.3212413400685014e-07,4.071801624978782e-08,2.2203404429222847e-07
0.04669998882035826,5.045214190034076e-07,4.518847105749232e-07,7.535249946459115e-07,7.246681721312545e-07,8.35217979488178e-09,4.961692392085257e-07,1.0881800979284414e-07,6.447069848530674e-07
0.04679998881783226,7.380896799310286e-07,6.915410043253249e-07,5.035985327200594e-07,3.3767708117791974e-07,4.7034123666482255e-08,6.910555562645463e-07,1.8018016554594625e-08,4.855805161654647e-07
0.04689998881530626,6.640738274718765e-07,7.666369540172805e-07,7.728208496311044e-07,7.919679515763049e-07,9.79362013459475e-09,6.542802073372818e-07,1.8949951832593126e-07,5.833213313051732e-07
0.04699998881278026,4.6647061001129223e-07,3.402034237907632e-07,6.774943613983247e-07,7.153935712293177e-07,1.4708179487808955e-08,4.517624305234833e-07,2.4484052368916756e-07,4.326538377091571e-07
0.047099988810254255,5.017257333851714e-07,3.959010837685783e-07,3.3157547761270643e-07,4.294048954542834e-07,8.003448251132337e-08,4.2169125087384794e-07,9.5304500751522e-08,2.3627097686118444e-07
0.04719998880772826,6.820918548489616e-07,5.601466222411566e-07,6.23085382467729e-07,5.343320510540907e-07,3.279681657710035e-07,3.5412368907795814e-07,1.516353140038902e-08,6.079218510673401e-07
0.04729998880520226,7.59285372990607e-07,5.887954589324256e-07,1.0868752160686927e-06,8.902935414375209e-07,1.6287203871034555e-09,7.576566526035034e-07,1.5599410803570083e-07,9.308811080329915e-07
0.047399988802676256,5.422172732132476e-07,5.404380525577212e-07,2.8645944681974355e-07,3.5946519613265994e-07,5.097848429796421e-08,4.912387889152832e-07,2.43216204750039e-08,2.6213782634473954e-07
0.04749998880015026,6.57958517151634e-07,6.823276498605899e-07,4.510623190348746e-07,3.2661040617627685e-07,4.864594291794387e-08,6.0931257423369e-07,4.4978447560563805e-08,4.0608387147431077e-07
0.04759998879762426,6.467217696876623e-07,5.194959981332678e-07,5.420752743159828e-07,6.2870788767213e-07,1.0287037510758579e-07,5.438513945800764e-07,8.892719311256382e-09,5.331825550047265e-07
0.04769998879509826,5.215455671611136e-07,2.5289157055521365e-07,6.762605071140706e-07,6.287873188163915e-07,4.611361985872283e-08,4.7543194730239075e-07,1.3581393923123517e-07,5.404465678828354e-07
0.04779998879257226,4.8377871401417e-07,5.862756538119782e-07,3.475787167891301e-07,3.6752067277151684e-07,9.962882386426049e-08,3.841498901499094e-07,4.871253631324727e-08,2.9886618047588285e-07
0.047899988790046255,6.5947634689697e-07,6.496599533895123e-07,4.3131349105358645e-07,4.28306929554487e-07,2.5296220716442565e-09,6.569467248253259e-07,5.298006855959565e-08,3.7833342249399083e-07
0.04799998878752026,3.4492502656496395e-07,2.480370862347811e-07,3.782803483170844e-07,3.4766907412830714e-07,1.1054882173311692e-08,3.3387014439165216e-07,2.5433801403278233e-08,3.5284654691380615e-07
0.04809998878499426,4.1725403566746284e-07,3.505900725622317e-07,4.0976284797665455e-07,6.904091831239751e-07,9.368287883112665e-08,3.2357115683633613e-07,3.2546015155667815e-08,3.772168328209867e-07
0.048199988782468256,3.0938592567613773e-07,3.0776403249708246e-07,3.1543025648099797e-07,2.7809392718085443e-07,1.8018017381981972e-10,3.0920574550231793e-07,9.793621189439863e-09,3.0563663529155806e-07
0.04829998877994226,5.333502297899429e-07,6.735304589556509e-07,3.9990196425510245e-07,3.0871175487622935e-07,4.899649998255012e-08,4.843537298073927e-07,1.7129253307209444e-07,2.2860943118300804e-07
0.04839998877741626,4.0248464655028846e-07,7.08461145421339e-07,4.3788178242753454e-07,4.0073797826174043e-07,1.1004817157349138e-07,2.9243647497679714e-07,7.290637520078662e-08,3.649754072267479e-07
0.04849998877489026,2.0805908664949504e-07,2.8331793953958494e-07,3.0924395035019187e-07,2.3117284624055699e-07,1.4708179456891402e-08,1.933509071926036e-07,1.2460828260700333e-08,2.967831220894915e-07
0.04859998877236426,4.2180754557858907e-07,3.045595188707581e-07,5.193887991057088e-07,4.5686985483749873e-07,2.9122592680477012e-08,3.926849528981121e-07,1.349833416570065e-07,3.8440545744870244e-07
0.048699988769838255,5.035275452314239e-07,4.330262008302554e-07,5.515102458114051e-07,3.872162183886661e-07,2.28801792042126e-08,4.806473660272113e-07,9.736828371461964e-09,5.417734174399432e-07
0.04879998876731226,4.638879040413339e-07,4.5271055930007847e-07,4.928587135447339e-07,3.936036254181045e-07,1.7000827564798746e-08,4.4688707647653516e-07,1.5502594512524343e-08,4.773561190322096e-07
0.04889998876478626,3.9556142400007206e-07,4.80830990685797e-07,6.426922115418824e-07,1.0416475898183135e-06,2.5296214968745306e-09,3.9303180250319754e-07,1.0990720212156638e-07,5.327850094203161e-07
0.048999988762260256,8.68955276514388e-07,5.958376199313393e-07,6.562277185814851e-07,6.275520726325463e-07,4.521271870154995e-08,8.237425578128381e-07,7.570406875717021e-08,5.805236498243149e-07
0.04909998875973426,6.072950879652148e-07,6.577296641754126e-07,7.809069686232519e-07,7.859413394190773e-07,1.6149619299217373e-08,5.911454686659974e-07,1.1275087461108466e-07,6.681560940121675e-07
0.04919998875720826,5.275188922209258e-07,4.110005413529643e-07,4.86219417721318e-07,6.960561950490891e-07,7.3944865497907815e-09,5.201244056711351e-07,8.352178687035714e-09,4.778672390342824e-07
0.04929998875468226,5.439480670527359e-07,7.660239801707635e-07,7.337761801651856e-07,5.83916401127668e-07,4.421952752542945e-08,4.997285395273065e-07,6.88261219416202e-08,6.649500582235653e-07
0.04939998875215626,7.113736586992209e-07,5.508680071336133e-07,6.748136467760173e-07,8.685790437227968e-07,8.13650446325855e-09,7.032371542359624e-07,3.917448679341661e-08,6.356391599826006e-07
0.049499988749630255,3.2782989554025734e-07,3.2926460847567757e-07,6.426212340336592e-07,4.866250804605073e-07,1.614962086348463e-08,3.1168027467677264e-07,2.5433802165152103e-08,6.17187431868507e-07
0.04959998874710426,3.459898947076214e-07,2.0636350756722776e-07,7.274918425957331e-07,6.90687916296362e-07,1.4594593949837846e-08,3.3139530075778353e-07,1.3958081853851376e-07,5.879110240572193e-07
0.04969998874457826,2.5194125028012115e-07,1.936096788623383e-07,5.19956733653519e-07,6.044534983770283e-07,1.5417271412562463e-07,9.776853615449647e-08,1.6216215456216235e-09,5.183351121078973e-07
0.049799988742052256,5.363149278320774e-07,5.745344099938775e-07,6.487365490977252e-07,5.146369083196417e-07,1.4527999317910415e-08,5.217869285141669e-07,1.487700115049433e-07,4.99966537592782e-07
0.04989998873952626,7.620100392475542e-07,7.138262595075656e-07,4.515592592384805e-07,4.2613416864623267e-07,1.4528000704971215e-08,7.474820385425832e-07,6.251001523821479e-08,3.8904924400026567e-07
0.04999998873700026,5.022226770299851e-07,4.855017148814589e-07,3.6142521058654513e-07,2.7810032473475253e-07,1.614962069605788e-08,4.86073056333927e-07,9.736827478752949e-09,3.516883831077922e-07
0.05009998873447426,2.897080954744221e-07,2.8102558126184386e-07,5.696702280896521e-07,6.588787531688954e-07,5.863394335992852e-08,2.3107415211449354e-07,1.5507361040612285e-07,4.1459661768352915e-07
0.05019998873194826,5.60022314151513e-07,5.232804810467786e-07,5.902979884686976e-07,4.572509887917689e-07,9.242161768983464e-08,4.6760069646167834e-07,8.814259006486243e-08,5.021553984038351e-07
0.050299988729422256,5.185098868921504e-07,2.9771906292825465e-07,2.8617548306779865e-07,2.515991358692039e-07,7.372817688523322e-08,4.447817100069171e-07,2.5296215100762298e-09,2.836458615577224e-07
0.05039998872689626,3.815999846212691e-07,3.280575496430064e-07,5.926677044900366e-07,8.535651329031251e-07,3.812179900954601e-09,3.7778780472031446e-07,4.348731232758675e-08,5.491803921624499e-07
0.05049998872437026,3.83188810053048e-07,4.1783036146666223e-07,6.766864394409788e-07,7.715567612675696e-07,4.46721780997095e-08,3.3851663195333854e-07,1.1058871205762704e-07,5.660977273833516e-07
0.050599988721844257,2.4257728679804945e-07,3.1527762388391865e-07,8.718489838324868e-07,1.3140501220902706e-06,6.514882592718008e-09,2.3606240420533145e-07,3.458060085964542e-07,5.260429752360326e-07
0.05069998871931826,7.223974546756434e-07,5.242884446283538e-07,3.579635892064514e-07,2.6664619372835387e-07,1.1054882409685082e-08,7.113425722659582e-07,6.595304206359812e-08,2.920105471428533e-07
0.05079998871679226,3.225664688049022e-07,2.54313988068443e-07,5.456788913406187e-07,4.035438906138241e-07,4.984331216777695e-08,2.727231566371253e-07,2.3961530389348977e-07,3.060635874471289e-07
0.05089998871426626,4.0371853412500215e-07,5.537688975318958e-07,5.57226642053403e-07,5.79361895135637e-07,2.6190016810726147e-08,3.77528517314276e-07,3.25460166346024e-08,5.246806254188006e-07
0.05099998871174026,4.338252061148395e-07,5.738926795683878e-07,4.4724574742110753e-07,4.7679416448076826e-07,4.5212718666739826e-08,3.886124874480997e-07,1.1054881906391306e-08,4.3619086551471615e-07
0.051099988709214256,4.512752830814592e-07,9.793499555585974e-07,3.2609908473622675e-07,2.2065671438754077e-07,5.602352716673351e-08,3.952517559147256e-07,3.1358449049301476e-08,2.947406356869253e-07
0.05119998870668826,2.49926475634963e-07,1.8988201663687016e-07,8.677484277973866e-07,8.248797257722805e-07,2.1650017058271215e-08,2.2827645857669173e-07,1.2460829681908884e-08,8.552875981154777e-07
0.05129998870416226,5.575106060049108e-07,3.938111087914153e-07,4.2085762222807545e-07,7.478369668259344e-07,3.6319998298408018e-09,5.538786061750699e-07,6.514883309908078e-09,4.143427389181674e-07
0.05139998870163626,2.01135847176608e-07,2.572533155617943e-07,5.840846418209165e-07,7.136005416273827e-07,8.828828428756763e-09,1.923070187478512e-07,2.2709800455077013e-08,5.613748413658394e-07
0.05149998869911026,4.952284464871049e-07,3.3859523584620143e-07,9.124824648652781e-07,1.0984541070019312e-06,6.251001532771384e-08,4.327184311593911e-07,6.882612475206419e-08,8.436563401132142e-07
0.051599988696584255,4.568226623241552e-07,6.766486570252447e-07,2.7752142914057767e-07,2.6470727887648144e-07,2.2766591998799434e-08,4.3405607032535583e-07,2.5433800669654944e-08,2.5208762847092274e-07
0.05169998869405826,5.925257273164531e-07,7.16337110740364e-07,5.251491625334059e-07,4.914125363512164e-07,1.6287211169841098e-09,5.90897006199469e-07,5.3150448970966626e-08,4.719987135624393e-07
0.05179998869153226,5.562057411133818e-07,5.563484124801858e-07,7.528590621914696e-07,5.316730939484054e-07,1.0886331057241195e-07,4.4734243054096967e-07,1.6216217485945961e-09,7.512374404428752e-07
0.051899988689006256,4.636749344229825e-07,3.530554358088745e-07,6.063012390911067e-07,5.308030714183791e-07,1.5248720077002812e-08,4.4842621434597964e-07,1.6149620710925384e-08,5.901516183801813e-07
0.05199998868648026,4.4947349362565806e-07,4.2867338370085187e-07,4.2612106220431324e-07,3.392090694794683e-07,9.656406775688333e-08,3.5290942586877473e-07,1.246082828107837e-08,4.1366023392323485e-07
0.05209998868395426,6.939945515783008e-07,6.743131497032774e-07,4.545239404279811e-07,6.459277619135584e-07,6.655037758900228e-08,6.274441739892985e-07,9.09801762282327e-08,3.635437641997484e-07
0.05219998868142826,3.643628669247978e-07,4.2637874921310306e-07,5.165660998433451e-07,4.4623480703916766e-07,7.980731185243083e-08,2.84555555072367e-07,1.278860116817588e-07,3.886800881615863e-07
0.05229998867890226,3.9838411992473844e-07,3.075985948844609e-07,7.444449930435262e-07,5.986421832481866e-07,6.514882585619247e-09,3.9186923733911913e-07,1.6287213871559867e-09,7.428162716563702e-07
0.052399988676376255,8.745736378058852e-07,1.1524132607705778e-06,4.2131061194724165e-07,2.648062523678635e-07,4.51003504107556e-07,4.235701336983293e-07,5.60235290271753e-08,3.652870829200663e-07
0.05249998867385026,8.626269885421574e-07,6.677820027373446e-07,5.420752913579022e-07,7.237600479515328e-07,9.368287874704355e-08,7.689441097951139e-07,7.42687175468308e-08,4.6780657381107144e-07
0.05259998867132426,2.4985548116888705e-07,2.6773026049978376e-07,4.1502628463505464e-07,3.8576964247339805e-07,2.529621723878369e-09,2.473258594450087e-07,3.632979941096548e-08,3.7869648522408916e-07
0.052699988668798256,8.967192486637058e-07,3.7940813388466793e-07,6.747426726534504e-07,9.427392734934083e-07,9.773304327344205e-08,7.989862053902636e-07,1.5502593894351585e-08,6.59240078759099e-07
0.05279998866627226,7.96386250550414e-07,7.092833154693298e-07,4.0718016688523587e-07,4.009995664306251e-07,5.973361606663974e-08,7.366526344837742e-07,2.619001753129969e-08,3.809901493539361e-07
0.05289998866374626,6.177509682501682e-07,5.205314749279671e-07,4.589084481188404e-07,4.0051409881980515e-07,9.156601463796896e-08,5.261849536121991e-07,2.2699998923112018e-08,4.362084491957284e-07
0.05299998866122026,1.7346990247723972e-07,8.681516655668472e-08,6.972432000735033e-07,6.535685484055646e-07,2.2709800812743064e-08,1.5076010166449666e-07,3.408244913023638e-08,6.631607509432669e-07
0.05309998865869426,6.892280605528974e-07,7.209719728369335e-07,8.977131064687761e-07,6.234735718435542e-07,6.48648618551355e-09,6.827415743673839e-07,1.2315703712117182e-07,7.745560693476043e-07
0.053199988656168255,1.9032503677379539e-07,1.6380431082256316e-07,7.7500463802393e-07,6.776441951551156e-07,1.246082827898862e-08,1.7786420849480676e-07,4.984331272213086e-08,7.251613253017991e-07
0.05329998865364226,9.291516609413671e-07,5.991961313396509e-07,6.836096960741572e-07,5.836645794728369e-07,1.8282406167962004e-07,7.463275992617472e-07,1.4562006428671988e-07,5.379896317874372e-07
0.05339998865111626,5.291787152062448e-07,4.970564574318843e-07,5.531700453749881e-07,6.989600674246712e-07,1.039984458862663e-07,4.2518026931997847e-07,2.6529486524566976e-07,2.8787518012931815e-07
0.053499988648590256,2.6858341168361374e-07,3.117456508686583e-07,7.237462403807805e-07,9.723333245757746e-07,7.372817692705461e-08,1.9485523475655912e-07,1.6149620957545995e-08,7.075966194232345e-07
0.05359998864606426,4.371448286662069e-07,7.168750040280924e-07,4.1834592752529524e-07,4.269783438216592e-07,4.5212716336482453e-08,3.9193211232972454e-07,5.253621406348285e-09,4.13092306118947e-07
0.05369998864353826,4.3887565632115645e-07,3.03476063676717e-07,3.6782448823503507e-07,3.2384583988567546e-07,6.514882608142106e-09,4.323607737130144e-07,4.071801623208181e-08,3.2710647200295316e-07
0.05379998864101226,4.859354706419905e-07,2.962160678669872e-07,5.346550878081223e-07,6.446980476374614e-07,3.1528826945558465e-08,4.544066436964321e-07,1.3237361121371304e-07,4.0228147659440916e-07
0.05389998863848626,5.507293281064305e-07,7.498230584559669e-07,3.293477298506618e-07,4.773939651009982e-07,3.2546015209692476e-08,5.18183312896738e-07,1.4527999350598417e-08,3.148197305000633e-07
0.053999988635960255,4.802461014677571e-07,2.7195899127374633e-07,7.732738394073878e-07,7.754057649907594e-07,2.9186484775882785e-08,4.5105961669187425e-07,1.2439530981211711e-08,7.608343084261761e-07
0.05409998863343426,6.673934601602423e-07,7.010155001246313e-07,5.094298872860678e-07,3.043447362671163e-07,1.186968197823903e-07,5.48696640377852e-07,1.8226593808611898e-08,4.91203293477456e-07
0.05419998863090826,4.911279028052309e-07,4.772674613477838e-07,5.670165480848735e-07,2.466523457142938e-07,1.903250333596847e-08,4.720953994692623e-07,4.703412514144428e-08,5.199824229434292e-07
0.054299988628382256,5.940435617276482e-07,9.339045320853426e-07,3.4930953416223974e-07,2.409049526261052e-07,1.2446258536152557e-07,4.6958097636612257e-07,1.8226593808664642e-08,3.310829403535752e-07
0.05439998862585626,7.130774457963212e-07,6.327905539059448e-07,3.510403415557971e-07,2.1681057590402883e-07,3.159937876986808e-07,3.970836580976405e-07,2.7204503638928653e-08,3.238358379168684e-07
0.05449998862333026,2.6656863706899286e-07,2.3100723858156762e-07,3.132025087721933e-07,2.5579424105963675e-07,5.253621396772737e-09,2.613150156722201e-07,1.9703530631367293e-08,2.93498978140826e-07
0.05459998862080426,6.842046555844464e-07,3.5208159745703704e-07,5.881851822326242e-07,6.638821778516066e-07,4.352720506392365e-09,6.798519350780542e-07,1.7410880735202676e-08,5.707743014974215e-07
0.05469998861827826,3.8736033994514266e-07,2.578922701306944e-07,5.747206783712009e-07,7.768447312015926e-07,7.321704052083831e-08,3.1414329942430436e-07,1.4594593954540584e-08,5.601260844166602e-07
0.054799988615752256,5.542619573576195e-07,4.865133111342506e-07,5.893480785562401e-07,5.972541428617878e-07,9.736828362475305e-09,5.445251289951442e-07,1.4658485441352271e-08,5.746895931148881e-07
0.05489998861322626,4.999949328363319e-07,4.585195063740921e-07,6.555178134235849e-07,6.45797514972022e-07,7.881412270621983e-08,4.2118081013011203e-07,2.0282406448087115e-07,4.526937489427138e-07
0.05499998861070026,4.240352964965893e-07,4.897293094104682e-07,8.649257116976646e-07,9.103319272904423e-07,5.8378375796108154e-08,3.656569207004811e-07,9.156601090635257e-08,7.733597007913117e-07
0.05509998860817426,4.720450207636144e-07,4.594822677361027e-07,4.191268282543363e-07,3.5695219629774643e-07,2.9186485654467623e-08,4.428585351091466e-07,2.342071967577467e-08,3.957061085785617e-07
0.05519998860564826,4.3880466532872075e-07,4.653031957976843e-07,7.935905650160483e-07,8.256940964443342e-07,2.4321620595918604e-08,4.144830447328021e-07,1.7410880190914418e-08,7.76179684825134e-07
0.05529998860312226,5.844666278925592e-07,5.023060418018941e-07,6.26901950666995e-07,4.1974702910531193e-07,1.2439530428400743e-08,5.720270974641584e-07,8.503253572495796e-08,5.418694149420369e-07
0.05539998860059626,6.690533003211677e-07,6.802250427530305e-07,5.670165514685168e-07,4.982791122262644e-07,4.521271859435825e-08,6.238405817268093e-07,1.8926017167533375e-08,5.480905343009836e-07
0.05549998859807026,5.060392569184029e-07,4.982881551553821e-07,9.868802867484697e-07,8.723798406136303e-07,8.171999621908807e-09,4.978672572964941e-07,3.661957568552175e-07,6.206845298932523e-07
0.055599988595544256,9.24882108768227e-07,7.280977201445705e-07,5.057552895087504e-07,4.5400040983256575e-07,1.487700080529161e-07,7.76112100715311e-07,7.980731078196698e-08,4.259479787267836e-07
0.05569998859301826,4.1386340518959783e-07,4.817476516839909e-07,4.383787159640205e-07,3.198850889943774e-07,4.8996502351731356e-08,3.6486690283786646e-07,9.534979685316274e-08,3.4302891911085773e-07
0.05579998859049226,5.169210581995807e-07,3.7686098477896583e-07,2.3487314776993886e-07,2.7645317629304566e-07,2.41276818068242e-07,2.756442401313387e-07,1.7000828571696585e-08,2.1787231919824226e-07
0.05589998858796626,2.9253080266037276e-07,3.352970270641744e-07,7.415513183556281e-07,5.002122848766757e-07,3.1528827942022886e-08,2.610019747183499e-07,7.043794283184317e-08,6.711133755237849e-07
0.05599998858544026,7.113466315721639e-07,5.177893094654243e-07,2.0120683813473955e-07,1.7382981137948685e-07,5.021337786634099e-07,2.092128529087542e-07,1.628720665581729e-09,1.995781174691578e-07
0.05609998858291426,5.397765323369748e-07,7.843713873594199e-07,8.144042880120033e-07,4.977345626514118e-07,2.101448461567445e-08,5.187620477213003e-07,3.430962007109275e-08,7.800946679409105e-07
0.05619998858038826,6.841776103014957e-07,7.381516592718465e-07,7.456518417495366e-07,7.189645516758825e-07,8.507952478188713e-08,5.990980855196084e-07,6.694082308814734e-08,6.787110186613893e-07
0.05629998857786226,4.893970920388808e-07,5.394400488793186e-07,2.4105944885638745e-07,2.977350711932891e-07,5.412503939785626e-09,4.839845880990953e-07,1.621621551891892e-09,2.394378273044955e-07
0.056399988575336256,6.920507677791152e-07,6.379377533666871e-07,8.869733223210868e-07,1.310951752117914e-06,1.1408853334259884e-07,5.779622344365163e-07,8.00344863631201e-08,8.06938835957967e-07
0.05649998857281026,6.411033948956172e-07,4.595736419453384e-07,2.811960235520656e-07,3.2981318371552406e-07,4.3527205193126e-09,6.367506743763045e-07,8.892720310898815e-09,2.7230330324116684e-07
0.05659998857028426,6.072950912202398e-07,6.528005094780853e-07,7.187667980311044e-07,8.055334365404707e-07,3.812179334162621e-09,6.034829118860773e-07,1.422835211379572e-07,5.764832768931473e-07
0.05669998856775826,7.130064378819428e-07,6.878835846700905e-07,6.579585258837445e-07,4.4514488729150366e-07,5.097848180475526e-08,6.620279560771875e-07,4.3487312409232703e-08,6.144712134745118e-07
0.05679998856523226,5.513682604939681e-07,4.7236860503982824e-07,1.38637329173966e-06,1.4897961771793672e-06,3.152882684885512e-08,5.19839433645113e-07,6.80033134349928e-08,1.3183699783046668e-06
0.05689998856270626,4.054493514968107e-07,2.469077618850225e-07,5.47906639041372e-07,5.653098110477105e-07,1.524872005793711e-08,3.9020063143887355e-07,1.1148961643160316e-07,4.364170226097688e-07
0.05699998856018026,4.095498917602366e-07,3.5190840329233167e-07,5.673715110101413e-07,5.217373148472334e-07,2.2709800807940443e-08,3.86840090952296e-07,8.828828910936938e-09,5.585426820992044e-07
0.05709998855765426,7.306695217217108e-07,4.98607655687482e-07,3.9392863258983165e-07,3.7149505370259695e-07,1.4534658882303131e-07,5.853229328986797e-07,2.9577944634700337e-08,3.643506879551313e-07
0.057199988555128256,4.168990806573533e-07,3.5519250349716177e-07,8.077920374931699e-07,7.341265906270293e-07,9.73682839966182e-09,4.0716225225769137e-07,9.534979907050361e-08,7.124422384226662e-07
0.05729998855260226,6.676064567784676e-07,4.823153150524111e-07,5.622500650832708e-07,4.4818960495451427e-07,2.6059530389101544e-08,6.415469263893663e-07,5.883271809501564e-08,5.034173469882551e-07
0.05739998855007626,5.675405247609115e-07,3.337132236820665e-07,4.0954989178113737e-07,3.288369568630315e-07,9.793621155601013e-09,5.577469036053106e-07,7.516961830110865e-08,3.3438027348002876e-07
0.05749998854755026,4.904889805280249e-07,4.530419995612493e-07,6.468637347869732e-07,7.767581111427449e-07,6.251001391389355e-08,4.279789666141313e-07,1.892601686246345e-08,6.279377179245099e-07
0.05759998854502426,5.837297037867175e-07,5.632546442298425e-07,3.528421513570581e-07,2.701025874657629e-07,2.882882745945949e-09,5.808468210407714e-07,8.892720174970897e-09,3.439494311820872e-07
0.05769998854249826,2.8797728466638047e-07,4.3109628936753816e-07,5.78111325576044e-07,4.152614388071479e-07,1.1054882379890789e-08,2.7692240228648973e-07,8.892720343467884e-09,5.69218605232576e-07
0.05779998853997226,3.641498938082318e-07,3.4502659304686743e-07,8.112975877407354e-07,8.617877011581813e-07,2.3356827811939078e-08,3.407930659962928e-07,4.521271393222091e-08,7.660848738085143e-07
0.05789998853744626,6.434021268086329e-07,5.063201422155997e-07,5.955614163513838e-07,3.0784988213334076e-07,8.003448298619419e-08,5.633676438224386e-07,8.892720053810737e-09,5.86668696297573e-07
0.057999988534920256,5.113736710713727e-07,6.512565252936741e-07,7.035714834042391e-07,7.800606521321134e-07,1.5163530897550828e-08,4.962101401738218e-07,1.1004817159425953e-07,5.935233118099796e-07
0.05809998853239426,3.7538665012320253e-07,4.5635476714101544e-07,4.299376386364052e-07,2.6604017246893386e-07,9.098017615904355e-08,2.84406473964159e-07,8.892720314548935e-09,4.210449183218562e-07
0.05819998852986826,6.493754666307868e-07,5.104209672886661e-07,4.6533475417563544e-07,4.1566296732344675e-07,4.899650227601911e-08,6.003789643547679e-07,1.4708179489514013e-08,4.506265746861214e-07
0.05829998852734226,4.4947349358796044e-07,3.490125275883672e-07,8.400554344752377e-07,6.229943885582343e-07,5.412504261698019e-09,4.440609893262624e-07,1.4594592726486583e-08,8.254608417487514e-07
0.05839998852481626,8.14759242935203e-07,9.893462300984144e-07,3.688453939344225e-07,2.694674875104314e-07,1.2439530981798354e-08,8.023197119534045e-07,1.011848564237602e-08,3.5872690829204647e-07
0.058499988522290255,6.069401578165846e-07,5.65793351831005e-07,4.218785365282283e-07,4.87252658988289e-07,1.6287205135510443e-09,6.053114373030336e-07,5.602352848299143e-08,3.658550080452368e-07
0.05859998851976426,5.424302462446588e-07,5.557747413027787e-07,5.760965340724463e-07,6.736134286194113e-07,1.323736157185349e-07,4.100566305261238e-07,3.2687996535072096e-08,5.434085375373741e-07
0.05869998851723826,5.8754626341751e-07,7.110866823779629e-07,7.687913171307363e-07,6.533502074414379e-07,4.611361719019414e-08,5.414326462273159e-07,4.421952954084442e-08,7.245717875898917e-07
0.058799988514712256,3.516082729015381e-07,3.2221063497440335e-07,3.7849331330523557e-07,3.8681629658303165e-07,2.270980076810261e-08,3.288984721334355e-07,5.602352846603899e-08,3.224697848391966e-07
0.05889998851218626,3.20480706616474e-07,2.8406747014493073e-07,3.5817656070900015e-07,3.616340281841293e-07,1.2460828255600892e-08,3.080198783608731e-07,3.631999861802402e-09,3.545445608471977e-07
0.05899998850966026,6.181769094926664e-07,4.272377173430345e-07,4.5321907895725943e-07,4.887059760768155e-07,4.737488077183638e-08,5.7080202872083e-07,4.611361957072671e-08,4.071054593865328e-07
0.05909998850713426,4.149552935459156e-07,4.2609739355123825e-07,4.552338537813532e-07,4.4365909561257146e-07,8.003448256454706e-08,3.3492081098136847e-07,3.430962012077339e-08,4.2092423366057976e-07
0.05919998850460826,4.171120503500257e-07,4.4361454478489827e-07,5.537649968754873e-07,7.06770419162459e-07,4.4219528992375976e-08,3.7289252135764975e-07,1.0118485347387512e-08,5.436465115280999e-07
0.059299988502082256,2.697462945533414e-07,2.2081871932269573e-07,7.081249966554416e-07,7.33555567795195e-07,9.962882455058778e-08,1.701174700027536e-07,1.4562006260031204e-07,5.625049340551296e-07
0.05939998849955626,3.849196288029145e-07,3.7059020324620403e-07,3.508273685790205e-07,2.6946895443259297e-07,1.2460827782627938e-08,3.724588010202865e-07,8.660006685353944e-08,2.64227301725481e-07
0.05949998849703026,4.36292950240801e-07,3.5951813576545175e-07,7.943985063869389e-07,6.758139485174458e-07,1.6287205185989297e-09,4.346642297222021e-07,2.0964351634682766e-07,5.847549900401111e-07
0.05959998849450426,2.7536466921805243e-07,3.7363162333410643e-07,7.792471489086169e-07,6.323769079384046e-07,2.2709800066302317e-08,2.5265486915175014e-07,1.893274445555258e-07,5.899197043530912e-07
0.05969998849197826,3.076551183703217e-07,2.0507062136248558e-07,4.522961928641982e-07,3.463186992394418e-07,1.2676504246779213e-08,2.9497861412354247e-07,2.7530449010306445e-07,1.7699170276113373e-07
0.05979998848945226,7.904839492016061e-07,1.3041635856453066e-06,2.281628730039954e-07,2.3845258658243926e-07,5.332082834029696e-08,7.371631208613092e-07,2.605953039902016e-08,2.021033426049752e-07
0.05989998848692626,5.987120252824178e-07,7.744543348214038e-07,7.136724053554794e-07,6.02947121042128e-07,6.099487718162148e-08,5.377171481007963e-07,9.736827929196203e-09,7.039355774262832e-07
0.05999998848440026,7.797440892141914e-07,8.573371674913453e-07,4.6063925898878045e-07,5.464740254716124e-07,2.389344699913001e-07,5.408096192228915e-07,4.352720530267894e-09,4.562865384585127e-07
0.060099988481874256,6.215675365647357e-07,4.3941770474853274e-07,9.707790388523232e-07,6.9092327464822e-07,3.408244806042476e-08,5.87485088504311e-07,1.3237361164605115e-07,8.38405427206272e-07
0.06019998847934826,4.7607456349277966e-07,4.154226591294585e-07,6.023866230802987e-07,7.668759185350215e-07,8.107837355651258e-08,3.949961899362671e-07,1.5363216908023145e-07,4.4875445400006734e-07
0.06029998847682226,4.512752953289013e-07,4.2614332346236046e-07,6.892990515751597e-07,8.501561490250616e-07,4.4491998125615626e-08,4.0678329720328567e-07,7.516961529820389e-08,6.141294362769557e-07
0.06039998847429626,6.791541918432297e-07,7.485258364085709e-07,7.295066173126829e-07,7.917330276687395e-07,1.31926370567219e-07,5.472278212760108e-07,8.352180863710424e-09,7.211544364489724e-07
0.06049998847177026,5.544039360149636e-07,2.646364633976373e-07,7.655426619133956e-07,1.239236380408116e-06,2.5296213147432443e-09,5.518743147002203e-07,1.700082714052576e-08,7.485418347728701e-07
0.06059998846924426,5.69626290459086e-07,4.2879462532743124e-07,4.300796206317201e-07,3.0036523073219735e-07,4.864594380009414e-08,5.209803466589918e-07,4.449199800866523e-08,3.8558762262305483e-07
0.06069998846671826,5.435931290056873e-07,4.757624387340619e-07,5.525311466598249e-07,5.426218643166883e-07,4.871253837103646e-08,4.948805906346509e-07,4.05405387383784e-08,5.119906079214465e-07
0.06079998846419226,6.538579659889523e-07,9.018983884318526e-07,3.151462890881422e-07,3.4689044707718613e-07,4.497844895142569e-08,6.088795170375268e-07,2.270980004333769e-08,2.924364890448045e-07
0.060899988461666256,3.153592654377115e-07,2.393282247542093e-07,9.589743920633863e-07,1.2906441124719345e-06,1.5248720088861307e-08,3.001105453488501e-07,1.246082846726412e-08,9.46513563596122e-07
0.06099998845914026,7.570576050909136e-07,7.794245669472033e-07,5.459628417759822e-07,7.390130837194816e-07,4.450179885118711e-08,7.125558062397266e-07,1.5417270944172468e-07,3.917901323342574e-07
0.06109998845661426,3.7856430425169533e-07,4.28751607458496e-07,7.690042900920937e-07,5.093891276450281e-07,1.6216217509189203e-09,3.7694268250077644e-07,2.529621510274597e-09,7.66474668581819e-07
0.06119998845408826,4.442810614779132e-07,3.087603539209231e-07,4.673495221605969e-07,3.419439747802928e-07,5.9733618925442e-08,3.845474425524712e-07,2.276659239268713e-08,4.4458292976790965e-07
0.06129998845156226,8.366648106939662e-07,7.452293726651563e-07,5.368118646684762e-07,5.400022527092132e-07,2.6853945135444574e-08,8.098108655585215e-07,9.73682795515199e-09,5.270750367133241e-07
0.06139998844903626,7.440630130470569e-07,7.182193196456188e-07,1.0194986730093437e-06,6.763018836086499e-07,4.611361710565195e-08,6.979493959414051e-07,2.4321619051543667e-08,9.951770539577998e-07
0.06149998844651026,4.4466305292595367e-07,4.142199670694822e-07,3.6026232303582333e-07,3.785192011661294e-07,3.557088131755014e-08,4.0909217160840344e-07,9.098017623373093e-08,2.692821468020924e-07
0.06159998844398426,7.298886175611918e-07,7.40027003558953e-07,5.636259086815482e-07,7.077341208266312e-07,8.507952782177683e-08,6.44809089739415e-07,4.1516825433144155e-08,5.221090832484041e-07
0.061699988441458256,5.24412228970658e-07,4.276931019336635e-07,3.965113338497399e-07,3.7492012870823004e-07,1.4594593951135143e-08,5.098176350195227e-07,8.171999648604003e-09,3.8833933420113593e-07
0.06179998843893226,7.467437336699616e-07,7.748847473703566e-07,7.004648167280787e-07,7.249960841936299e-07,7.290637373921339e-08,6.738373599307482e-07,2.1014484172067538e-08,6.794503325560112e-07
0.06189998843640626,4.1329546040417884e-07,6.669027083903995e-07,2.915808848046258e-07,1.888233875372831e-07,8.237682217768137e-08,3.309186382264975e-07,3.4117943604844794e-08,2.57462941199781e-07
0.06199998843388026,3.6927133495627684e-07,3.8859445310974706e-07,3.2249547795334404e-07,3.0283568552396664e-07,1.1649037320011009e-07,2.5278096175616676e-07,1.2676503577042471e-08,3.098189743763016e-07
0.06209998843135426,9.35790931038391e-07,7.007158462536193e-07,6.081740249871697e-07,5.22229579406963e-07,4.728259167744653e-08,8.885083393609443e-07,4.899650326427393e-08,5.591775217228958e-07
0.06219998842882826,7.868802881823354e-07,8.367271336093461e-07,5.303415981264459e-07,5.042633592970398e-07,1.0881800665268557e-09,7.857921081158088e-07,6.66000691236802e-08,4.6374152900276565e-07
0.06229998842630226,3.837567397536174e-07,4.4283112221715807e-07,8.54469859630774e-07,1.09144133050945e-06,3.1358449035561735e-08,3.523982907180557e-07,9.53044970025228e-08,7.591653626282512e-07
0.06239998842377626,6.578875349636309e-07,5.120723343163411e-07,2.7557764551041773e-07,2.5619866588989753e-07,9.098017617427708e-08,5.669073587893537e-07,1.0118486043296242e-08,2.654591594671215e-07
0.062499988421250256,3.9146088026338326e-07,4.666318187675906e-07,4.79749169375165e-07,5.136530704775933e-07,1.4527999389097603e-08,3.769328808742856e-07,1.2460828265458074e-08,4.672883411097069e-07
0.06259998841872426,5.910078982625068e-07,4.2788306981122834e-07,5.182969105047603e-07,4.548898172371321e-07,9.736828871000654e-09,5.812710693915062e-07,1.3363487669466497e-07,3.8466203381009524e-07
0.06269998841619825,3.550698910167137e-07,5.364709726490723e-07,4.6590266513643413e-07,6.793434139740255e-07,4.6113619398596195e-08,3.0895627161811743e-07,3.719250088689688e-08,4.2871016424953717e-07
0.06279998841367226,4.799621408261121e-07,5.083908697180981e-07,4.006118742975068e-07,3.40213645619141e-07,2.2699998988942006e-08,4.5726214183717014e-07,3.81218000194323e-09,3.9679969429556347e-07
0.06289998841114626,4.391156540973824e-07,3.3983426114905556e-07,8.56058697104486e-07,1.016588891396565e-06,5.253621598556523e-09,4.3386203249882597e-07,1.1004817535795573e-07,7.460105217465302e-07
0.06299998840862026,4.292277287909774e-07,3.0311088046103853e-07,6.978821156544934e-07,7.515337240029974e-07,8.003448303195395e-08,3.491932457590235e-07,9.949394021739308e-08,5.983881754371001e-07
0.06309998840609427,6.36194906435058e-07,6.275211081702713e-07,4.0637223431786993e-07,3.187022818924736e-07,4.521271623790705e-08,5.909821901971509e-07,2.2709800833275606e-08,3.836624334845944e-07
0.06319998840356826,3.3899566071179184e-07,3.3018290728793045e-07,5.123945719150978e-07,4.6252624872663827e-07,9.949394160622423e-08,2.395017191055675e-07,1.628720637634128e-09,5.107658512774637e-07
0.06329998840104226,5.564187072832783e-07,3.228821229598604e-07,9.051332558091336e-07,9.558195328130942e-07,1.8018017311711694e-10,5.56238527110161e-07,7.980730602517842e-08,8.25325949783955e-07
0.06339998839851627,6.294136657055451e-07,4.59735798689416e-07,1.1097307443649787e-06,7.865920307001438e-07,8.507952777039089e-08,5.443341379351543e-07,9.736828055725824e-09,1.099993916309253e-06
0.06349998839599026,3.9269476209564296e-07,4.842385110899257e-07,4.6028430387490074e-07,4.1645569482035497e-07,5.44898000527474e-08,3.3820496204289565e-07,7.51696183423534e-08,3.8511468553254723e-07
0.06359998839346426,3.094569233778023e-07,2.749553711398394e-07,7.269239362678445e-07,1.056525166222587e-06,3.7908827173558495e-09,3.0566604066044646e-07,4.4978449318265677e-08,6.819454869495789e-07
0.06369998839093825,4.984770951056776e-07,4.1970196630362554e-07,5.402734895355734e-07,3.519722647412245e-07,1.903250357868119e-08,4.794445915269964e-07,3.862244874549344e-08,5.0165104079008e-07
0.06379998838841226,7.347700540280901e-07,3.9142125862254323e-07,2.806990868791068e-07,2.669731466734836e-07,1.6287205091171236e-09,7.331413335189728e-07,1.4708179507034861e-08,2.659909073720719e-07
0.06389998838588626,4.3622195605428796e-07,3.6592427229649607e-07,8.172269750254835e-07,6.71454829658017e-07,3.4309620044463074e-08,4.019123360098248e-07,3.79088237512555e-09,8.134360926503579e-07
0.06399998838336025,4.928587000211854e-07,6.996322701499391e-07,8.656356201968327e-07,1.1089525807701037e-06,9.736828058031957e-09,4.831218719631534e-07,3.306708616488494e-07,5.349647585479833e-07
0.06409998838083426,3.0267566235280335e-07,2.642202984701883e-07,5.776853663450545e-07,3.310407434125514e-07,3.622331368795013e-08,2.6645234866485315e-07,4.7374880809789094e-08,5.303104855352654e-07
0.06419998837830826,3.2631205434502866e-07,4.2908064966726566e-07,4.708821412328055e-07,4.906791587906868e-07,1.0118485661915868e-08,3.161935686831128e-07,5.811199750772163e-08,4.127701437250839e-07
0.06429998837578225,5.805520461786795e-07,9.807613669656773e-07,4.242482695449373e-07,4.974346205989128e-07,1.452799929575521e-08,5.660240468829242e-07,1.2676503952262139e-08,4.115717655926751e-07
0.06439998837325626,5.727059036751918e-07,6.718488885687508e-07,3.06492238765569e-07,4.407030142528568e-07,9.79362018471635e-09,5.629122834904757e-07,3.812180024402337e-09,3.026800587411666e-07
0.06449998837073026,2.1749404460640764e-07,2.8639860148410424e-07,9.349120100951658e-07,7.272233619830668e-07,3.2687998566631214e-08,1.848060460397764e-07,6.024406928415096e-08,8.746679408110149e-07
0.06459998836820426,6.704291641278583e-07,6.835319884381577e-07,3.5542484930439384e-07,4.514613514214299e-07,1.5502594514788773e-08,6.549265696130696e-07,6.459848364918307e-08,2.9082636565521076e-07
0.06469998836567827,4.109257476072174e-07,3.269101746519897e-07,3.4620286758692696e-07,2.942336228178607e-07,1.8926017174246753e-08,3.919997304329706e-07,1.6287206586709908e-09,3.445741469282559e-07
0.06479998836315226,3.29063759153709e-07,2.589375142497707e-07,5.60404300853928e-07,5.077505316117063e-07,9.106637069852328e-08,2.379973884551857e-07,4.047394576900019e-08,5.199303550849277e-07
0.06489998836062626,5.309095260858977e-07,5.444226927093565e-07,3.992360183110897e-07,5.004869574478005e-07,1.801801718738738e-10,5.307293459140238e-07,3.340871923151211e-08,3.658272990795775e-07
0.06499998835810025,4.3678987028330477e-07,6.775114415358327e-07,5.029596153253455e-07,5.415839198110439e-07,1.6149619388686787e-08,4.2064025089461793e-07,4.4501800510561946e-08,4.5845781481478365e-07
0.06509998835557426,4.2619205332160043e-07,4.3907202313249216e-07,4.876662813242895e-07,3.5922511796113807e-07,9.949394145963875e-08,3.266981118619616e-07,4.1516826543856454e-08,4.461494547804331e-07
0.06519998835304826,2.718320602125499e-07,5.225693984868918e-07,5.99732942873882e-07,5.037051681312164e-07,2.1014485546706525e-08,2.5081757466584334e-07,1.1054882637989394e-08,5.886780602358925e-07
0.06529998835052225,5.65569701290932e-07,3.556274751244844e-07,5.984990691968271e-07,5.564557535255334e-07,8.405794133170706e-08,4.815117599592252e-07,2.2880179224625324e-08,5.756188899722018e-07
0.06539998834799626,7.236042800126236e-07,7.517241710127397e-07,6.83183736526589e-07,6.551674936012909e-07,1.6149619723256727e-08,7.074546602893669e-07,2.558288004637629e-08,6.576008564802127e-07
0.06549998834547026,4.837787219907998e-07,3.949806125107064e-07,6.836096959888052e-07,5.53650544282246e-07,3.430962026997759e-08,4.494691017208221e-07,1.0986799522973123e-07,5.737417007590738e-07
0.06559998834294425,7.121545676016216e-07,6.668066861776087e-07,3.370518769543147e-07,2.9546721300481325e-07,7.426871750065224e-08,6.378858501009694e-07,1.0881801400500288e-09,3.3596369681426464e-07
0.06569998834041826,9.21562461132662e-07,1.234245590819005e-06,6.108986913069067e-07,7.96269909992436e-07,2.1014484609197558e-08,9.005479765234644e-07,1.2125044080314384e-07,4.896482505037628e-07
0.06579998833789226,3.9852610519782107e-07,4.616914540552401e-07,5.430961853439536e-07,3.701949881322421e-07,9.1066373061349e-08,3.074597321364721e-07,1.4531919782815288e-07,3.977769875158007e-07
0.06589998833536626,3.769754788882746e-07,3.6124593746192387e-07,4.129405223474574e-07,4.7673194352106176e-07,8.237682526925124e-08,2.9459865361902347e-07,1.8018017202342346e-08,3.9492250514511503e-07
0.06599998833284026,5.149062632089794e-07,6.915301676417119e-07,1.5379206546343574e-07,1.6112785053207872e-07,2.276659199450016e-08,4.921396712144793e-07,3.62233137061026e-08,1.1756875175733312e-07
0.06609998833031426,5.075570946852736e-07,4.872654225162598e-07,5.329243006761942e-07,6.219701694661404e-07,1.088180120720549e-09,5.064689145645529e-07,7.494244722001577e-08,4.579818534561784e-07
0.06619998832778826,2.4582593192604496e-07,1.6505976571374386e-07,4.4067745807903425e-07,4.84029700522066e-07,1.5502594516372864e-08,2.3032333740967214e-07,2.5433800639317956e-08,4.152436574397163e-07
0.06629998832526227,6.223484205093379e-07,6.34249129389143e-07,1.1245001416133425e-06,1.3551797364193566e-06,1.1058871974416324e-07,5.117597007651747e-07,2.1328330671509713e-07,9.112168348982452e-07
0.06639998832273626,3.5125331461944354e-07,2.715621115796861e-07,3.458479127249421e-07,3.5679662988076897e-07,2.1014485896887405e-08,3.302388287225561e-07,5.253621403314594e-09,3.405942913216274e-07
0.06649998832021026,3.5658773198397495e-07,2.5824738298462975e-07,2.4229332271381924e-07,2.5863356508604965e-07,2.3420719656230813e-08,3.331670123277442e-07,6.065412345325177e-08,1.816391992605674e-07
0.06659998831768425,6.678904037558268e-07,6.607856240317141e-07,8.231293124833574e-07,7.32618717530841e-07,3.1768833918109565e-23,6.678904037558269e-07,7.207205559640052e-10,8.224085919273934e-07
0.06669998831515826,3.7856430434672025e-07,3.1563532948516484e-07,5.454659183945595e-07,4.7499241855393967e-07,1.4708179627273094e-08,3.6385612471944723e-07,1.1260179612335921e-07,4.328641222712003e-07
0.06679998831263226,2.0834305080246075e-07,1.632721236891994e-07,5.382587082584703e-07,5.120292496699353e-07,2.335682740644759e-08,1.8498622339601316e-07,5.253621002534178e-09,5.33005087255936e-07
0.06689998831010625,6.981660714713197e-07,6.21789074229636e-07,6.888021113016972e-07,7.480277517738913e-07,1.5993847501533046e-07,5.382275964559891e-07,2.949127018981654e-07,3.9388940940353165e-07
0.06699998830758026,4.1877187335065984e-07,5.25602915786886e-07,3.517502547544941e-07,3.4998495248522735e-07,7.270659124864732e-08,3.460652821020126e-07,5.412504237093422e-09,3.4633775051740066e-07
0.06709998830505426,4.1120970825043703e-07,3.951651279999938e-07,3.51324302160231e-07,4.473347147576312e-07,1.5633487580522396e-07,2.548748324452131e-07,4.4501798325788074e-08,3.068225038344428e-07
0.06719998830252825,4.4357114820845177e-07,6.008522318384065e-07,5.946824927101177e-07,3.9972724970169916e-07,1.4708179541409865e-08,4.288629686670417e-07,3.34087190957814e-08,5.612737736143363e-07
0.06729998830000226,5.987120454151919e-07,3.643688679619452e-07,6.599732918122877e-07,6.829112505944507e-07,2.6059530339233068e-08,5.726525150759587e-07,2.8828830162883236e-09,6.570904087959993e-07
0.06739998829747626,4.1675709531176824e-07,3.558954427652293e-07,1.083484616025342e-06,1.0868373687870202e-06,9.793620965846245e-09,4.069634743459219e-07,1.4708178244547063e-08,1.0687764377807946e-06
0.06749998829495026,3.545019709615695e-07,3.0622904760293626e-07,6.185318644568e-07,5.968816027604325e-07,4.8712539400657545e-08,3.057894315609119e-07,2.958136085536267e-07,3.2271825590317317e-07
0.06759998829242427,5.268799496402421e-07,6.661424200577345e-07,8.310464123849631e-07,8.620953714537019e-07,6.261649864002592e-08,4.6426345100021634e-07,2.3893446460067466e-07,5.921119477842884e-07
0.06769998828989826,2.686544027041975e-07,3.0449875768005644e-07,8.796951196771196e-07,1.3922732196203042e-06,1.5248720037794256e-08,2.534056826664032e-07,2.4127682346428233e-07,6.384182962128374e-07
0.06779998828737226,4.6445583532416904e-07,4.582768752497627e-07,1.1826547221010925e-06,1.461403275710163e-06,2.4321620540401467e-08,4.401342147837677e-07,2.3475043836650444e-07,9.479042837345881e-07
0.06789998828484627,4.1258556872383437e-07,4.6791226604685694e-07,6.088129391475792e-07,3.1411254831107706e-07,4.899650167983947e-08,3.635890670439949e-07,4.984331120474803e-08,5.589696279428312e-07
0.06799998828232026,5.203826763091706e-07,5.639905155661501e-07,3.494515127795138e-07,2.659990933569804e-07,2.1801800089765797e-08,4.985808762194048e-07,4.417253755729497e-08,3.052789752222188e-07
0.06809998827979426,6.895830324069796e-07,1.0540433848926616e-06,6.047123995717607e-07,5.446713005830325e-07,1.2676503974514584e-08,6.769065284324648e-07,1.700082762400142e-08,5.877115719477593e-07
0.06819998827726825,6.392306021844426e-07,5.342172002154809e-07,3.8707637930742186e-07,4.091870528555747e-07,3.790882714809459e-09,6.354397194696331e-07,3.729459295431035e-08,3.4978178635311143e-07
0.06829998827474226,6.146442937415954e-07,5.402107010160729e-07,3.3740683202480763e-07,3.8855126443299446e-07,8.13650450054114e-09,6.065077892410543e-07,2.594594481924326e-08,3.1146088720556436e-07
0.06839998827221626,8.182918216907123e-07,8.605759196771409e-07,6.330172690757057e-07,4.358291210434503e-07,1.4708179554950718e-08,8.035836421357616e-07,9.156601397389696e-08,5.414512551018087e-07
0.06849998826969025,4.463668270979997e-07,4.6248936248238004e-07,5.872622993670133e-07,7.446295252675649e-07,5.156787724787249e-26,4.463668270979996e-07,1.1004817154346485e-07,4.772141278235485e-07
0.06859998826716426,3.2256646889978686e-07,3.353713012149896e-07,4.920068183690195e-07,4.892558932173756e-07,6.514882327024663e-09,3.1605158657276215e-07,1.021594521045078e-07,3.8984736626451175e-07
0.06869998826463826,5.219004971589565e-07,7.99302007565246e-07,6.854385341896489e-07,4.900851044509995e-07,9.079999256257212e-08,4.3110050459638416e-07,1.4594593335891925e-08,6.708439408537571e-07
0.06879998826211225,8.160640875770506e-07,8.712981022427219e-07,8.14475262034358e-07,1.128518824654209e-06,6.4864866074594905e-09,8.095776009695912e-07,9.156601084335018e-08,7.229092511910079e-07
0.06889998825958626,3.3641295482136277e-07,3.5790783522228817e-07,5.031015973877345e-07,5.35754891329306e-07,6.065412230175563e-08,2.757588325196072e-07,1.5507361547019692e-07,3.480279819175376e-07
0.06899998825706026,6.632929312764557e-07,7.383406609093972e-07,6.195527700441688e-07,6.708549137364016e-07,1.0423811983579171e-07,5.590548114406641e-07,3.152882795874743e-08,5.880239420854213e-07
0.06909998825453426,3.4217331815974397e-07,3.306485503320081e-07,6.480976336200086e-07,5.905278532656378e-07,3.790882718544698e-09,3.383824354411992e-07,2.288017914733393e-08,6.252174544726746e-07
0.06919998825200827,4.409614219410459e-07,3.735201030478151e-07,2.623971023549865e-07,2.604142315524e-07,3.812180009727353e-09,4.3714924193131836e-07,3.632979943880398e-08,2.260673029161825e-07
0.06929998824948226,8.53262985231008e-07,8.621919585641549e-07,7.550867963295125e-07,7.043608912120673e-07,9.156601337473333e-08,7.616969718562747e-07,3.3408717192351346e-08,7.216780791371612e-07
0.06939998824695626,6.400114828267425e-07,8.093978614800591e-07,4.641008770799353e-07,4.824715362977668e-07,3.71925005556697e-08,6.028189822710729e-07,1.8445447807722146e-07,2.7964639900271374e-07
0.06949998824443027,3.8814124406953886e-07,3.5137182889064357e-07,4.814799834248514e-07,3.566141960288096e-07,7.207206903423423e-10,3.8742052337919643e-07,4.871253937798488e-08,4.327674440468664e-07
0.06959998824190426,2.620421474078468e-07,2.2740719514775117e-07,6.822338265650996e-07,6.934376188053445e-07,3.790882446318824e-09,2.5825126496152793e-07,1.0881797872988969e-09,6.811456467778007e-07
0.06969998823937826,5.485016019313806e-07,7.023251321827149e-07,5.265250263346514e-07,3.544030399367515e-07,8.828828901729733e-09,5.396727730296509e-07,7.394486555914069e-09,5.191305397787373e-07
0.06979998823685225,8.708990432941995e-07,6.802177111224492e-07,3.9679529455723045e-07,4.3082799415936817e-07,7.372817384038858e-08,7.971708694538112e-07,4.449199810082722e-08,3.5230329645640326e-07
0.06989998823432626,5.634839154431871e-07,6.747646440038225e-07,5.981440973326024e-07,7.249392342749286e-07,8.136503452593397e-09,5.553474119905937e-07,1.42283520699839e-07,4.5586057663276345e-07
0.06999998823180026,5.350810574288263e-07,5.531336641378867e-07,5.019387164632487e-07,4.997265281045537e-07,4.497844846841423e-08,4.901026089604119e-07,2.6289843891015925e-07,2.390402775530895e-07
0.07009998822927425,3.45421960106675e-07,3.007839819065188e-07,6.868583683290381e-07,1.4889381077444993e-06,5.253620985997659e-09,3.401683391206774e-07,5.973362189776649e-08,6.271247464312716e-07
0.07019998822674826,6.878792486527309e-07,4.992476388461419e-07,5.750046591384294e-07,1.0328069210063514e-06,1.3952334509698994e-07,5.483559035557409e-07,5.5068538147603e-08,5.199361209908263e-07
0.07029998822422226,4.035055691081155e-07,5.037205952577909e-07,8.037354563437146e-07,4.915451216280008e-07,2.9122593310908044e-08,3.7438297579720744e-07,9.242161720374667e-08,7.113138391399679e-07
0.07039998822169626,5.056843019752271e-07,4.907584481348957e-07,5.653567363271054e-07,3.1934717243790457e-07,6.261650166512243e-08,4.430678003101047e-07,8.237682560656659e-08,4.829799107205387e-07
0.07049998821917026,6.387066213673554e-07,6.722476549184949e-07,6.745296929566501e-07,4.792668763582179e-07,4.8996499909129926e-08,5.897101214582256e-07,1.7410881553226452e-08,6.571188114034237e-07
0.07059998821664426,5.361019547893317e-07,5.117806526187379e-07,6.392305988592176e-07,7.708566245530153e-07,2.432162033127781e-08,5.11780334458054e-07,1.2439531498465463e-08,6.267910673607521e-07
0.07069998821411826,5.596673591511331e-07,4.531218014967319e-07,5.181549366832487e-07,5.096158881963456e-07,2.6853943954200047e-08,5.328134151969331e-07,2.028240643482407e-07,3.1533087233500803e-07
0.07079998821159227,4.114936755633861e-07,3.2276941982810476e-07,8.03522486635924e-07,4.6590126812319057e-07,1.4658485839198601e-08,3.9683518972418746e-07,1.559941191762518e-07,6.475283674596721e-07
0.07089998820906626,3.673985390689498e-07,2.875005660006654e-07,4.122306170416128e-07,4.1005653159622593e-07,4.8645942989283355e-08,3.187525960796665e-07,5.837837698767569e-08,3.5385224005393703e-07
0.07099998820654026,5.654987135328007e-07,5.530570537641886e-07,8.016497144355927e-07,1.3412362808054166e-06,1.5507361475332848e-07,4.1042509877947223e-07,1.8949952751908694e-07,6.121501869165058e-07
0.07109998820401425,3.3344827022863593e-07,2.3796014352112276e-07,4.346331306073739e-07,4.6069905932687384e-07,4.467217834607418e-08,2.887760918825618e-07,4.14485376524712e-08,3.931845929549027e-07
0.07119998820148826,5.983570905911017e-07,5.646343443331836e-07,8.258810423227228e-07,5.649635847923555e-07,1.1869682362445373e-07,4.79660266966648e-07,2.5945943990918968e-08,7.99935098331804e-07
0.07129998819896226,8.025996005215145e-07,5.776088203906593e-07,8.796240879896259e-07,6.365762944688545e-07,6.867704066914516e-08,7.339225598523692e-07,3.411794344622135e-08,8.455061445434042e-07
0.07139998819643625,4.515592594131315e-07,4.416668580508979e-07,5.510133089421834e-07,7.229451410942959e-07,7.426871736617621e-08,3.7729054204695534e-07,9.079999589856405e-08,4.602133130436194e-07
0.07149998819391026,5.325693471171626e-07,5.692815782403017e-07,6.983790510889101e-07,6.560174297724994e-07,7.20720955711731e-10,5.31848626161451e-07,4.1516824945125143e-08,6.56862226143785e-07
0.07159998819138426,6.34393104739062e-07,8.405088983425479e-07,7.601372634683504e-07,1.1644520933368385e-06,6.629379577791701e-08,5.680993089611448e-07,7.64308795804876e-08,6.837063838878626e-07
0.07169998818885825,3.770464665017616e-07,4.388956344345601e-07,4.951574555560173e-07,4.780778774662822e-07,4.352720389355647e-09,3.726937461124059e-07,2.412768182092195e-07,2.538806373467977e-07
0.07179998818633226,3.335902555226026e-07,3.37163488390649e-07,3.842536733543343e-07,3.404835542910792e-07,1.1004817531787045e-07,2.2354208020473208e-07,3.3408719017468114e-08,3.508449543368661e-07
0.07189998818380626,7.362168839312924e-07,8.163265696015367e-07,5.476226783950494e-07,4.7580339729444813e-07,1.0423811774645564e-07,6.319787661848369e-07,6.595304209642128e-08,4.816696362986281e-07
0.07199998818128026,9.204266134052125e-07,6.477398551711906e-07,7.310954427274849e-07,7.386463149069968e-07,3.1220999872014763e-07,6.08216614685065e-07,9.865253247988374e-08,6.324429102476012e-07
0.07209998817875427,5.851765471950334e-07,3.8827466230150455e-07,8.608961609351493e-07,6.882403476112807e-07,1.1054882139397321e-08,5.74121665055636e-07,7.394486493318104e-09,8.53501674441831e-07
0.07219998817622826,4.5819853817852813e-07,3.7456897622909535e-07,7.963152629402271e-07,8.034993237605471e-07,9.079999683107999e-10,4.572905382102173e-07,2.6853945108045834e-08,7.694613178321811e-07
0.07229998817370226,3.134864726719024e-07,3.4317436156367503e-07,8.255700498815094e-07,9.99604121867859e-07,4.8645943775017924e-08,2.648405288968845e-07,7.643087922107618e-08,7.491391706604331e-07
0.07239998817117627,5.399185346109962e-07,5.007182458978269e-07,6.083159989780673e-07,5.534009864907059e-07,1.7410882132043164e-08,5.22507652478953e-07,9.736826992694615e-09,5.985791719853725e-07
0.07249998816865026,3.921268389276694e-07,4.1323952421485343e-07,4.241772753150008e-07,4.5752252383881025e-07,4.417254059405169e-08,3.479542983336176e-07,3.6319998625288082e-09,4.2054527545247203e-07
0.07259998816612426,7.093588805747136e-07,5.706836559796638e-07,5.293916882473687e-07,4.5325296046703004e-07,1.0348730753853261e-07,6.05871573036181e-07,5.8111997334112034e-08,4.7127969091325664e-07
0.07269998816359825,5.650017861562217e-07,5.78733337898238e-07,8.208305785590839e-07,7.40644812809591e-07,1.4527999369121603e-08,5.504737867871e-07,7.426871458377447e-08,7.465618639753095e-07
0.07279998816107226,3.3821475653019165e-07,3.0383795140803936e-07,7.671314974006058e-07,5.719032229316994e-07,3.2868178671261856e-08,3.053465778589298e-07,1.4708179541164295e-08,7.524233178594414e-07
0.07289998815854626,2.8977908294355113e-07,3.5800794287764717e-07,2.754356634537546e-07,3.4470709830627544e-07,5.412504606652974e-09,2.843665783368982e-07,4.421952958385644e-08,2.312161338698982e-07
0.07299998815602025,3.786352985371973e-07,3.1822666987202243e-07,3.2185655914976136e-07,2.688066610282317e-07,9.079999544184017e-10,3.777272985827788e-07,2.9577945508649923e-08,2.922786136411115e-07
0.07309998815349426,9.778442604584037e-07,1.1862778942811671e-06,3.3871169672641017e-07,3.6045091109848447e-07,3.8121807328932144e-09,9.740320797255103e-07,2.6853944739940443e-08,3.118577519864697e-07
0.07319998815096826,3.766205239355493e-07,3.503497300871389e-07,3.206226886481853e-07,3.4300535592339777e-07,1.5163530853852156e-08,3.614569930816972e-07,7.991379830031487e-08,2.4070889034787044e-07
0.07329998814844225,3.9082196131149575e-07,4.6266133460120997e-07,4.535740339004352e-07,4.874388386858379e-07,2.9973799687951405e-08,3.6084816162354426e-07,5.883271802304897e-08,3.9474131587738627e-07
0.07339998814591626,4.0789006880306576e-07,4.4932298545961514e-07,4.237513326634535e-07,3.031392123535787e-07,2.2699998983494022e-08,3.851900698195717e-07,1.3363487717078902e-07,2.901164554926645e-07
0.07349998814339026,5.415783509726182e-07,5.865892340523088e-07,8.55206796580705e-07,7.232579003209434e-07,3.430961990611067e-08,5.072687310665075e-07,1.2446258592398737e-07,7.307442106567176e-07
0.07359998814086426,3.605462870138176e-07,2.3320916301285636e-07,6.655206878093965e-07,9.98385884285616e-07,1.80180105009017e-10,3.603661069088085e-07,1.2460827810997836e-08,6.530598599983985e-07
0.07369998813833827,5.900850187929791e-07,5.380888671358886e-07,3.7164106469509483e-07,4.5249975701712825e-07,3.6319998369232037e-09,5.864530189560557e-07,1.4594593926972984e-08,3.5704647076812187e-07
0.07379998813581226,7.87022290450631e-07,7.87468950040785e-07,6.844176237854137e-07,5.541027875857201e-07,4.4501798180282194e-08,7.425204922703489e-07,6.629379807793462e-08,6.18123825707479e-07
0.07389998813328626,4.146713262690895e-07,4.1897711842500845e-07,4.713080872063118e-07,6.371870963510502e-07,5.602352912313724e-08,3.5864779714595214e-07,2.504660070250061e-07,2.2084208018130564e-07
0.07399998813076027,7.772323917675008e-07,7.855076259998296e-07,7.290806544791154e-07,8.87421172887315e-07,7.991379755845904e-08,6.973185942090418e-07,4.8996497515000095e-08,6.800841569641154e-07
0.07409998812823426,7.555397861776742e-07,7.296351303310007e-07,5.62179057333226e-07,7.498669059446563e-07,1.892601716841141e-08,7.366137690092628e-07,1.267650293462477e-08,5.495025543986011e-07
0.07419998812570826,2.4971350252528375e-07,1.886646002687789e-07,4.800331285384946e-07,4.7538593206878414e-07,7.494244716285217e-08,1.747710553624315e-07,3.4309619840534155e-08,4.457235086979604e-07
0.07429998812318225,4.6922231487847787e-07,4.581610166379216e-07,5.400875423513161e-07,4.818806745012327e-07,3.4082447190665694e-08,4.351398676878122e-07,2.342071994431522e-08,5.166668224070008e-07
0.07439998812065626,5.509422942797903e-07,6.729258687249825e-07,4.712370760857768e-07,6.550965070084694e-07,1.2676504308347615e-08,5.382657899714428e-07,4.4672175828954125e-08,4.265649002568228e-07
0.07449998811813026,5.177289827049646e-07,4.825303042830827e-07,4.447340276384131e-07,3.743709702202422e-07,1.0233152651973757e-07,4.153974561852271e-07,8.352179835721625e-09,4.3638184780269143e-07
0.07459998811560425,1.4022615646232685e-06,1.3860341903891414e-06,3.4245728223280293e-07,3.082677022796265e-07,3.2546013871896355e-08,1.369715550751372e-06,2.558288181135622e-08,3.168744004214467e-07
0.07469998811307826,5.170630401097406e-07,3.201428270062692e-07,5.129624829209814e-07,7.791515590065795e-07,3.087865808120955e-07,2.0827645929764518e-07,2.5582880152043085e-08,4.873796027689383e-07
0.07479998811055226,7.993509351512959e-07,7.081594338489774e-07,5.623210561251157e-07,4.1131465573701776e-07,7.643087618717078e-08,7.229200589641251e-07,1.5040853376523498e-07,4.1191252235988077e-07
0.07489998810802626,3.272619675140689e-07,3.850336973784933e-07,3.6142520588600467e-07,3.47737908971783e-07,1.246082825338302e-08,3.148011392606859e-07,9.736828841219717e-09,3.5168837704478494e-07
0.07499998810550026,3.5298412518595704e-07,2.2527646757068145e-07,5.912918656566468e-07,4.520892396941572e-07,6.882612205222115e-08,2.841580031337359e-07,1.2676503937937819e-08,5.78615361718709e-07
0.07509998810297426,3.062792658234739e-07,4.766172702186193e-07,5.453949273665884e-07,3.71698210065812e-07,3.790882729983806e-09,3.0248838309349006e-07,1.10588715955993e-07,4.348062114105954e-07
0.07519998810044826,5.148352924402552e-07,4.914085797825147e-07,4.3304430180676643e-07,2.919444358104615e-07,6.065412341190378e-08,4.5418116902835137e-07,8.13650447783546e-09,4.2490779732893086e-07
0.07529998809792227,3.8799926218045984e-07,3.0435314638333013e-07,4.948025005765854e-07,2.607383926843783e-07,2.1014485517788982e-08,3.669847766626709e-07,7.394486176752567e-09,4.874080143998327e-07
0.07539998809539626,5.602352735323788e-07,6.738699006581891e-07,7.870223006070488e-07,5.361261056937788e-07,3.411794344609723e-08,5.261173300862816e-07,2.261017917699662e-07,5.609205088370827e-07
0.07549998809287026,5.765934878484926e-07,6.214483680896056e-07,4.75408627563141e-07,3.512857695361275e-07,4.144853870705241e-08,5.351449491414402e-07,1.0881801433740311e-09,4.7432044741976693e-07
0.07559998809034427,5.110897036963618e-07,3.045500818155946e-07,5.494244598630097e-07,6.962290479654914e-07,6.099487978136333e-08,4.5009482391499824e-07,3.423152779702581e-08,5.151929320659839e-07
0.07569998808781826,3.1846593669834277e-07,3.367035447765222e-07,2.428612506433212e-07,1.8712696334464739e-07,9.736828861463956e-09,3.0872910783687885e-07,2.1014485540314824e-08,2.2184676510300636e-07
0.07579998808529226,5.52957092548019e-07,6.029641265210035e-07,3.555668311977572e-07,3.029331909366679e-07,2.180180083895497e-08,5.311552917090641e-07,3.3408719185237845e-08,3.2215811201251936e-07
0.07589998808276625,5.214035784876238e-07,5.207977118536914e-07,4.4752970986291586e-07,3.129741695368522e-07,3.729459353469359e-08,4.841089849529303e-07,1.2439530980391062e-08,4.350901788825247e-07
0.07599998808024026,5.490695251049398e-07,4.952916410596123e-07,7.537379858214012e-07,4.4086254404927393e-07,8.136504139541498e-09,5.409330209653984e-07,4.467217801767493e-08,7.090658078037263e-07
0.07609998807771426,6.239372662295529e-07,5.554566453763353e-07,3.983841232650987e-07,4.366335168684459e-07,6.099487986067193e-08,5.62942386368881e-07,4.6126122964468525e-08,3.522580003006301e-07
0.07619998807518825,4.3470412491525814e-07,4.248914543768735e-07,6.94065531236042e-07,7.226873051237702e-07,4.352720519961248e-09,4.3035140439529693e-07,4.5045036277478235e-09,6.895610276082942e-07
0.07629998807266226,3.606882722910444e-07,4.845238997441151e-07,1.881682802128916e-07,1.3917300739018866e-07,1.903250369454767e-08,3.4165576859649665e-07,2.2766593614333747e-08,1.6540168659855788e-07
0.07639998807013626,3.8686341095566714e-07,3.0111823413266964e-07,5.314774537666076e-07,4.434632810715099e-07,1.4917837299701192e-07,2.3768503795865524e-07,1.8226593790082043e-08,5.132508599765255e-07
0.07649998806761026,2.536010698732812e-07,2.670506869150993e-07,4.5710664649139966e-07,4.840931820632863e-07,2.2880179117689432e-08,2.307208907555917e-07,9.534979769542093e-08,3.617568487959787e-07
0.07659998806508427,5.7149906705638e-07,6.241424789775728e-07,2.784003413961182e-07,3.037164751274004e-07,3.340871935404559e-08,5.380903477023343e-07,2.7204503339967994e-08,2.5119583805615025e-07
0.07669998806255826,5.512972727815092e-07,5.198177242439146e-07,8.286767245109056e-07,4.0136936930829695e-07,3.340871917768926e-08,5.1788855360382e-07,4.915440513034073e-07,3.371326732074983e-07
0.07679998806003226,9.103966993288513e-07,7.027191552587862e-07,4.3124250010532495e-07,3.769629734301235e-07,6.32405360434252e-08,8.471561632854261e-07,4.975812284526158e-08,3.814843772600633e-07
0.07689998805750627,7.101397815162437e-07,5.505866437391638e-07,5.908659129907254e-07,4.4308804248938347e-07,2.605953038501547e-08,6.84080251131228e-07,8.814258941726197e-08,5.027233235734634e-07
0.07699998805498026,4.442810613998252e-07,5.23344093899337e-07,3.4030052556133884e-07,3.198782622016074e-07,1.470817954223872e-08,4.295728818575865e-07,9.0799996076532e-08,2.4950052948480684e-07
0.07709998805245426,7.246961610535896e-07,1.0268007628946085e-06,4.4608286320764297e-07,3.450158911250333e-07,9.106637104178985e-08,6.336297900117995e-07,3.631999829114401e-09,4.424508633785286e-07
0.07719998804992825,5.782533122985829e-07,5.404419020082718e-07,8.346500191317228e-07,9.48821972666874e-07,1.105488265334927e-08,5.671984296452337e-07,2.389344650456583e-07,5.957155540860648e-07
0.07729998804740226,7.269239080537457e-07,7.287663893946358e-07,4.0760610473791767e-07,3.56883129704385e-07,1.5255378944651769e-07,5.743701186072279e-07,2.6190016159216145e-08,3.8141608857870157e-07
0.07739998804487626,4.450889859987928e-07,2.45400762337421e-07,5.290367266303024e-07,4.6826830747517405e-07,6.800331134731595e-08,3.7708567465147673e-07,2.625921686708216e-07,2.6644455795948076e-07
0.07749998804235025,7.717559894560279e-07,7.443667930489983e-07,5.026756547547856e-07,3.0506096192984233e-07,7.494244378010615e-08,6.96813545675922e-07,2.2880179294080986e-08,4.797954754607045e-07
0.07759998803982426,5.962713214461339e-07,5.676354948810053e-07,6.432601515966707e-07,4.797208083364893e-07,1.465848542369312e-08,5.816128360224408e-07,1.599384794327696e-07,4.833216721639012e-07
0.07769998803729826,5.819278987367384e-07,1.0562319530528291e-06,3.081520585907243e-07,4.462599766012414e-07,4.1516827433544505e-08,5.404110713031937e-07,6.065412342630683e-08,2.474979351644175e-07
0.07779998803477225,7.133174228280986e-07,8.267470834771072e-07,5.347260990107092e-07,3.333723564660894e-07,3.894731328482406e-08,6.743701095432745e-07,1.1054882123648557e-08,5.236712168870606e-07
0.07789998803224626,4.5834052031081344e-07,5.433413522961187e-07,2.858915191053e-07,2.890248728215996e-07,9.537920296268414e-08,3.629613173481292e-07,7.477206881501305e-08,2.1111945029028684e-07
0.07799998802972026,5.216875411057982e-07,4.164179801468168e-07,3.333062915446083e-07,3.411567513341509e-07,1.2446258863174632e-07,3.972249524740518e-07,1.088180126480973e-09,3.3221811141812736e-07
0.07809998802719426,5.267379960424421e-07,3.1869689683895e-07,3.971502527750541e-07,3.155276201003235e-07,5.25362138032195e-09,5.214843746621201e-07,1.4708179607835628e-08,3.8244207316721847e-07
0.07819998802466827,6.456298643499886e-07,8.445528614601456e-07,4.369318726201157e-07,4.710690131448339e-07,2.432162218252929e-08,6.213082421674593e-07,8.136504138076696e-09,4.2879536848203894e-07
0.07829998802214226,8.219664295629591e-07,6.831809844353829e-07,4.4674880228915693e-07,3.158049402378895e-07,2.6241198246624793e-07,5.595544470967113e-07,2.5433800644193842e-08,4.21315001644963e-07
0.07839998801961626,5.63696895070327e-07,7.017159200443847e-07,7.354360080508811e-07,3.786639770458985e-07,1.0990720056099298e-07,4.5378969450933403e-07,2.997380118103495e-08,7.054622068698461e-07
0.07849998801709027,6.914828582353403e-07,6.293217005936167e-07,6.180349106919648e-07,7.091386373783916e-07,5.90865938240929e-08,6.323962644112476e-07,1.1054881378516664e-08,6.069800293134482e-07
0.07859998801456426,4.308165621405774e-07,4.377797840780034e-07,5.860284255992181e-07,7.762562619138362e-07,2.8828830224864897e-09,4.2793367911809095e-07,8.507952459168744e-08,5.009489010075306e-07
0.07869998801203826,2.9829116283264444e-07,2.520941427703733e-07,5.140543916963825e-07,6.046976777072496e-07,2.9122592708206733e-08,2.691685701244377e-07,5.332082656979952e-08,4.60733565126583e-07
0.07879998800951225,5.797001557501654e-07,5.543201923689816e-07,5.674424938850696e-07,5.772611224269636e-07,1.0118486821588899e-08,5.695816689285763e-07,4.348731243068463e-08,5.23955181454385e-07
0.07889998800698626,6.465087934104322e-07,6.451494521764468e-07,5.368118680032509e-07,5.154959702117347e-07,1.6149620494922764e-08,6.303591729155093e-07,4.89965023119482e-08,4.878153656913027e-07
0.07899998800446026,3.4079746242458457e-07,2.845432993599322e-07,3.9506448714147114e-07,2.9798797483864647e-07,3.152882739764769e-08,3.0926863502693685e-07,1.5163530842899518e-08,3.7990095629857147e-07
0.07909998800193425,3.9672430681273597e-07,2.598326122292741e-07,5.763095037537505e-07,7.516059277797647e-07,5.25362139041302e-09,3.9147068542232295e-07,1.385930345991754e-07,4.3771646915457524e-07
0.07919998799940826,3.895170998410012e-07,2.692154173155718e-07,5.526021376903185e-07,5.302841015399006e-07,3.045044909891894e-08,3.5906665074208225e-07,2.9186485208139685e-08,5.23415652482179e-07
0.07929998799688226,4.401095300794191e-07,4.1623858670351987e-07,5.635549347319567e-07,5.443135015783381e-07,1.6149620873910408e-08,4.2395990920550875e-07,2.9186485520971684e-08,5.34368449210985e-07
0.07939998799435626,5.690313308183596e-07,4.6436407726933215e-07,5.76762487601135e-07,4.564151118201362e-07,1.7796799205499999e-07,3.910633387633596e-07,9.773303810257127e-08,4.790294494985636e-07
0.07949998799183026,3.389956574412881e-07,4.798508478280184e-07,4.5487889878836076e-07,5.296857060900673e-07,4.521271881128408e-08,2.9378293863000404e-07,3.790882721244897e-09,4.510880160671158e-07
0.07959998798930426,6.165880605327586e-07,7.187926538810966e-07,7.449419285998716e-07,7.76050773704849e-07,5.8832715353246375e-08,5.577553451795121e-07,2.9749302509921087e-07,4.474489035006608e-07
0.07969998798677826,1.1471866391096153e-06,1.6110317233881127e-06,7.097577893408876e-07,7.35213577440187e-07,8.81425937238553e-08,1.05904404538576e-06,5.8292174798339504e-08,6.51465614542548e-07
0.07979998798425227,5.709751098107916e-07,4.801181423052197e-07,5.709041234833212e-07,3.7637058918260447e-07,2.9122593343052855e-08,5.41852516467739e-07,1.9703531220507387e-08,5.512005922628137e-07
0.07989998798172626,3.9541944195552803e-07,2.743369395627682e-07,4.293697040370335e-07,4.2873790446197175e-07,2.2766593575223146e-08,3.726528483803049e-07,1.9703529564449913e-08,4.096661744725836e-07
0.07999998797920026,3.0737115440187704e-07,1.9317383250311767e-07,5.487855578378435e-07,5.043896661371979e-07,1.2676503635372273e-08,2.9469465076650476e-07,5.973361885320774e-08,4.890519389846357e-07
0.08009998797667427,3.019657491670154e-07,2.9806282703217825e-07,8.328482310429889e-07,8.894654880972254e-07,8.892720189774679e-09,2.9307302897724075e-07,1.1260179946892908e-07,7.202464315740598e-07
0.08019998797414826,4.4717475502039046e-07,2.691367996899335e-07,4.298666475640627e-07,5.152903453871096e-07,5.506853805015004e-08,3.9210621697024037e-07,2.9122593294267433e-08,4.0074405426979536e-07
0.08029998797162226,5.848925832950039e-07,5.202560787612158e-07,7.482615896899133e-07,5.663452311517032e-07,5.097848454665227e-08,5.339140987483515e-07,3.430962047204869e-08,7.139519692178646e-07
0.08039998796909625,3.0281764437496506e-07,3.092972128224094e-07,3.795852098601452e-07,3.488022797852805e-07,8.892720310873259e-09,2.9392492406409175e-07,8.352179688261689e-09,3.7123303017188353e-07
0.08049998796657026,5.78040334792901e-07,5.543141599034954e-07,4.16615113411338e-07,3.260310695206279e-07,4.504504301531534e-09,5.735358304913694e-07,5.332082606484897e-08,3.632942873464889e-07
0.08059998796404426,3.259571027955295e-07,3.568694782601721e-07,3.820259257688828e-07,3.218689124169112e-07,2.7204503266764803e-08,2.9875259952876456e-07,3.719250330253305e-08,3.4483342246634974e-07
0.08069998796151825,3.658097136259998e-07,2.8945003074870597e-07,8.038334777175049e-07,5.652472333382435e-07,7.290637518835682e-08,2.9290333843764294e-07,4.04739441483308e-08,7.633595335691741e-07
0.08079998795899226,4.528641241221215e-07,6.028745596752064e-07,2.5006845752980765e-07,1.4897522417869268e-07,1.0233152700102554e-07,3.5053259712109596e-07,3.340871918824391e-08,2.1665973834156372e-07
0.08089998795646626,4.279228640038995e-07,4.493947059004175e-07,5.422172732343286e-07,5.396207031188717e-07,5.883271812518307e-08,3.6909014587871635e-07,1.10548824090194e-08,5.311623908253092e-07
0.08099998795394026,7.007758017385053e-07,7.739557921935665e-07,3.96724306778862e-07,3.1252299494836715e-07,3.7908821135913545e-09,6.969849196249139e-07,8.476006834131694e-08,3.1196423843754505e-07
0.08109998795141427,3.315044899422126e-07,4.3226806672299505e-07,5.722089769227953e-07,4.923366395527976e-07,9.949394161619573e-08,2.320105483260169e-07,1.8018017220000008e-08,5.541909597027955e-07
0.08119998794888826,2.1374845915163323e-07,1.5074126121356184e-07,4.1128070254878854e-07,4.4132594599790905e-07,7.207206972612604e-10,2.1302773845437197e-07,6.694082590776098e-08,3.443398766410275e-07
0.08129998794636226,2.675895379980232e-07,9.129884455414577e-08,7.398204954372383e-07,7.655916284882305e-07,4.6113619707386284e-08,2.2147591829063687e-07,1.0233152405993216e-07,6.374889713773061e-07
0.08139998794383627,7.894629941842656e-07,9.513456858016825e-07,4.51488264930456e-07,4.591143022499391e-07,3.812180018310929e-09,7.856508141659548e-07,5.2536211753002755e-09,4.4623464375515576e-07
0.08149998794131026,2.806990833753065e-07,2.7442419675971737e-07,7.760695116497918e-07,7.449801889585249e-07,1.4708179606912053e-08,2.6599090376839447e-07,3.862244958468358e-08,7.374470620651082e-07
0.08159998793878426,3.9478051981699046e-07,3.5883284146770494e-07,6.02200673846387e-07,5.819361960569562e-07,6.201037438778145e-08,3.3277014542920904e-07,1.4658485020765708e-08,5.875421888256213e-07
0.08169998793625827,2.915098972081158e-07,2.299176619335081e-07,4.5343203509985706e-07,7.329027563372586e-07,4.504504303153157e-09,2.870053929049626e-07,3.254601522093308e-08,4.208860198789239e-07
0.08179998793373226,5.968392357743198e-07,6.991259311741564e-07,5.399185279032486e-07,4.3523683421023096e-07,1.2439530667681438e-08,5.843997051066384e-07,1.3363487710736756e-07,4.062836507958811e-07
0.08189998793120626,7.02506632001517e-07,1.1077994714984671e-06,2.9366665374793845e-07,2.756483562483295e-07,9.342731214278924e-08,6.090793198587276e-07,2.529621494164663e-09,2.911370322537738e-07
0.08199998792868025,3.154302564335237e-07,3.213269577401584e-07,6.058752684231337e-07,6.361371094760383e-07,1.2676503955991396e-08,3.027537524775323e-07,4.4172536521460196e-08,5.617027319016735e-07
0.08209998792615426,3.787062895976008e-07,4.6431364282129647e-07,5.889931269481593e-07,5.257897149130338e-07,4.5045042845945995e-09,3.742017853130061e-07,9.53045002448387e-08,4.936886267033206e-07
0.08219998792362826,4.0803205402543785e-07,2.478560301347046e-07,7.030745679253221e-07,6.268080115801121e-07,8.892720368255138e-09,3.9913933365718277e-07,2.1328330678181325e-07,4.897912611435089e-07
0.08229998792110226,3.678244882195395e-07,3.0159128362761635e-07,2.994270138786819e-07,3.466520235935726e-07,1.970353064578171e-08,3.481209575737579e-07,5.8292177646188734e-08,2.4113483623249314e-07
0.08239998791857626,8.853134538289609e-07,8.131786176659427e-07,9.459357811760317e-07,9.514586849761187e-07,2.9973800202299926e-08,8.553396536266613e-07,3.2687998573168806e-08,9.13247782602863e-07
0.08249998791605026,3.0843602246805124e-07,3.150185709622725e-07,3.454219567872157e-07,2.561737053098787e-07,2.1014485560206708e-08,2.874215369078445e-07,3.408244633307885e-08,3.113395104541369e-07
0.08259998791352426,5.65498710283181e-07,4.3588829093948105e-07,4.2583709498086034e-07,4.836533864138086e-07,5.9086592578072485e-08,5.064121177051085e-07,9.242161733025077e-08,3.334154776506096e-07
0.08269998791099827,1.0564846219860384e-06,6.587500238479949e-07,7.484745659468071e-07,1.0141447487780312e-06,1.2788600868808598e-07,9.285986132979526e-07,2.5582882061569975e-08,7.228916838852373e-07
0.08279998790847226,4.784442827974721e-07,6.765739763473174e-07,9.232222843296851e-07,7.772207375190712e-07,1.700082959413186e-08,4.6144345320334007e-07,3.0878657479764003e-07,6.144357095320448e-07
0.08289998790594626,4.6734952542142757e-07,4.633944182529141e-07,2.4098845806203326e-07,1.3643854991306615e-07,2.997379975008301e-08,4.373757256713446e-07,8.171999648604003e-09,2.3281645841342924e-07
0.08299998790342027,4.881192637815624e-07,4.635118403556604e-07,5.98215105182727e-07,5.914254947216362e-07,6.595304337563432e-08,4.221662204059281e-07,1.1004817533061216e-07,4.881669298521149e-07
0.08309998790089426,3.4440106255854546e-07,2.9812049885029226e-07,4.7102412328782393e-07,2.929270454599054e-07,1.0881800624631318e-09,3.433128824960823e-07,4.624293373986106e-27,4.7102412328782393e-07
0.08319998789836826,5.929516685420146e-07,7.138801076480799e-07,8.036644687360503e-07,5.600245597794897e-07,3.4117943401202343e-08,5.588337251408122e-07,2.1078647701672612e-07,5.928779917193242e-07
0.08329998789584227,3.3690988835911e-07,2.964435765609678e-07,4.75408627591289e-07,4.976756834537166e-07,2.2709799267029603e-08,3.142000890920803e-07,9.793621240571447e-09,4.6561500635071743e-07
0.08339998789331626,5.551848234082941e-07,7.622823870348564e-07,3.339452104868595e-07,3.790085427821757e-07,3.340872133945564e-08,5.217761020688385e-07,7.207206918918922e-10,3.3322448979496757e-07
0.08349998789079026,6.832547241454644e-07,6.741197184383237e-07,6.201206729714541e-07,6.729065969362582e-07,1.9032504677662578e-08,6.64222219467802e-07,9.793619969768432e-09,6.103270530016855e-07
0.08359998788826425,6.01747700786116e-07,7.791472612536767e-07,4.840626779140592e-07,4.579539550301626e-07,3.917448236091098e-08,5.625732184252051e-07,6.694082632177632e-08,4.171218515922829e-07
0.08369998788573826,4.0075385614093013e-07,4.484242280730183e-07,6.627250203421835e-07,5.904084806930265e-07,5.2536213770129555e-09,3.9550023476391717e-07,2.1650017695827796e-08,6.410750026463556e-07
0.08379998788321226,4.390886123743147e-07,6.963504763256628e-07,6.222064588095262e-07,5.395582647987931e-07,7.516961518508681e-08,3.639189971892279e-07,7.043794274357307e-08,5.51768516065953e-07
0.08389998788068626,7.283707797185189e-07,6.792167834472454e-07,5.296756488992768e-07,6.565650529043656e-07,1.0881802722994637e-09,7.272825994462192e-07,1.6606730695404643e-07,3.6360834194523035e-07
0.08399998787816026,4.251271816396073e-07,3.0037421227480736e-07,2.350151215972161e-07,1.3779574075193876e-07,7.322853729014476e-08,3.5189864434946247e-07,2.5296217085350315e-09,2.324854998886811e-07
0.08409998787563426,4.220915127980312e-07,3.571470419242123e-07,5.60519254412323e-07,4.4633315022552426e-07,2.1801800818738753e-08,4.0028971197929233e-07,8.892720339891798e-09,5.51626534072431e-07
0.08419998787310826,3.5694268695944287e-07,4.548790584558616e-07,9.727228633184192e-07,1.3817847543794663e-06,2.3356827779355167e-08,3.335858591800877e-07,3.660828732981062e-07,6.06639990020313e-07
0.08429998787058227,4.2453223352868044e-07,3.953699634155258e-07,7.368558062727694e-07,8.206240261717407e-07,1.1437249936276764e-07,3.1015973416591274e-07,2.6403360399541254e-07,4.7282220227735667e-07
0.08439998786805626,4.390176383067984e-07,5.856131432351319e-07,5.795581691203656e-07,4.849839227675342e-07,1.844544784909549e-07,2.5456315981584355e-07,6.486485779459481e-09,5.73071683340906e-07
0.08449998786553026,8.295995688842282e-07,8.972220066472407e-07,3.6450484885025625e-07,3.7167773530007984e-07,3.790882714156821e-09,8.258086861700715e-07,7.3944861584447714e-09,3.5711036269181145e-07
0.08459998786300427,3.0108683356295954e-07,4.793233998452769e-07,6.493044587654404e-07,6.6827073130133e-07,3.268799851324081e-08,2.683988350497187e-07,1.4877000712496822e-07,5.005344516404723e-07
0.08469998786047826,5.190778147435475e-07,3.237590730455096e-07,1.8089008227338892e-07,1.4301143766059378e-07,8.352179799601514e-09,5.10725634943946e-07,6.514882593547174e-09,1.743751996798417e-07
0.08479998785795226,1.0392475211375404e-06,1.1512716872209898e-06,6.19836725760705e-07,6.125120122222295e-07,7.270659134811748e-08,9.66540929789423e-07,3.322924894222399e-07,2.8754423633846527e-07
0.08489998785542625,5.10876730769762e-07,3.0405267146672344e-07,4.2339638241428477e-07,5.25845291866348e-07,2.52962171105772e-09,5.083471090587043e-07,3.729459349616641e-08,3.861017889181183e-07
0.08499998785290026,7.467437236274393e-07,7.696053007028195e-07,7.1855382504951e-07,7.76363468488053e-07,3.917448230330434e-08,7.075692413241351e-07,2.4321618847575864e-08,6.942322062019341e-07
0.08509998785037426,6.019606906777685e-07,6.32086676917527e-07,4.5077835177768797e-07,2.664361792142218e-07,1.2446258859225206e-07,4.774981020855163e-07,1.2460828263799094e-08,4.383175235138889e-07
0.08519998784784825,4.4392609967093735e-07,3.727768947113503e-07,3.5241620196474333e-07,3.0232839918537035e-07,1.892601581766171e-08,4.250000838532756e-07,7.3944861520485485e-09,3.4502171581269474e-07
0.08529998784532226,8.862634090175314e-07,1.4748856322610236e-06,2.3731386352478602e-07,2.91978483685843e-07,7.354799979488285e-08,8.127154092226486e-07,4.151682702502761e-08,1.9579703649975837e-07
0.08539998784279626,2.8423169593383837e-07,2.4427285235625483e-07,6.911008532653901e-07,6.870666970705578e-07,4.521271862409103e-08,2.390189773097474e-07,1.1058871220184518e-07,5.805121410635447e-07
0.08549998784027026,5.995909643614664e-07,4.6574375142415555e-07,5.56702674601993e-07,3.94693948911096e-07,2.118303690361235e-07,3.8776059532534283e-07,1.6149620689091568e-08,5.405530539129014e-07
0.08559998783774427,4.603552915735425e-07,5.162419869936334e-07,3.5881547966390373e-07,5.430507449715604e-07,1.741088182966148e-08,4.42944409743881e-07,9.73682840111878e-09,3.4907865126278496e-07
0.08569998783521826,4.880212396928413e-07,1.042417993263554e-06,4.0962088273893165e-07,4.2922311289943373e-07,1.5417271409021272e-07,3.338485256026286e-07,4.352720535800746e-09,4.052681622031308e-07
0.08579998783269226,3.892331292977118e-07,2.7987817617635283e-07,7.984010286155186e-07,7.674549684638472e-07,6.313844593291958e-08,3.260946833647922e-07,2.2709800465997415e-08,7.756912281495211e-07
0.08589998783016627,4.747697086628718e-07,2.937661928343449e-07,6.354850100616004e-07,6.434456530954312e-07,7.613001464865193e-08,3.9863969401421986e-07,2.2699999010279987e-08,6.127850110513203e-07
0.08599998782764026,2.7320791592370537e-07,2.1044499905017595e-07,4.413434052264939e-07,5.790328172467738e-07,9.530450042284003e-08,1.7790341550086532e-07,1.0118486806613595e-08,4.3122491841988023e-07
0.08609998782511426,2.6455386226039466e-07,2.4880206870810354e-07,4.1452935583379073e-07,4.1682466471746796e-07,2.2880179119311054e-08,2.416736831410836e-07,2.6190017580706096e-08,3.8833933825308463e-07
0.08619998782258827,3.279718741588326e-07,4.2658159166718747e-07,4.112097115798062e-07,3.686713410749781e-07,1.4708179488295422e-08,3.1326369467053716e-07,1.5417271400630498e-07,2.570369975735012e-07
0.08629998782006226,7.567026556182497e-07,9.202114418554808e-07,9.52974011459275e-07,1.0075844371669261e-06,4.4219528414335e-08,7.124831272039148e-07,2.3420719658544242e-08,9.29553291800731e-07
0.08639998781753626,3.68987367744943e-07,1.9244526683392258e-07,4.7505366936639837e-07,4.830714569694869e-07,4.6126122997621705e-08,3.228612447473213e-07,6.514882309934925e-09,4.685387870564634e-07
0.08649998781501025,9.257339790155283e-07,8.839258930385199e-07,6.612071744716694e-07,5.12642502133469e-07,3.557087726028684e-08,8.901631017552413e-07,5.448979860264728e-08,6.067173758690221e-07
0.08659998781248426,9.028345387850081e-07,6.431219089208815e-07,4.3449114520854893e-07,3.639806560014023e-07,3.632000531180018e-09,8.99202538253828e-07,3.1528827449379114e-08,4.0296231775916973e-07
0.08669998780995826,8.128864165339555e-07,8.574987793350045e-07,3.969372764618048e-07,4.074424995571263e-07,9.15207166368644e-08,7.213656998970911e-07,7.354799668380245e-08,3.2338927977800243e-07
0.08679998780743226,4.1523926093863095e-07,4.994128107254389e-07,3.978871862348093e-07,4.799910638198915e-07,1.0986799509689082e-07,3.053712658417402e-07,1.5040853301980036e-07,2.474786532150089e-07
0.08689998780490626,4.941635751047545e-07,6.241933593958245e-07,7.123675325598798e-07,6.85852274321998e-07,9.9628824502187e-08,3.9453475060256764e-07,2.1801801568720713e-08,6.90565730991159e-07
0.08699998780238026,5.603062645853951e-07,6.798854308900685e-07,6.709260760746298e-07,7.932430499156278e-07,5.253622056191385e-09,5.550526425292039e-07,9.368287504415776e-08,5.772432010304721e-07
0.08709998779985426,4.99356004484585e-07,5.669917049161015e-07,3.532680925574877e-07,3.437133088075316e-07,7.477206641020633e-08,4.245839380743786e-07,1.1054882374260648e-08,3.42213210183227e-07
0.08719998779732827,6.477866209469514e-07,7.182051850380029e-07,7.971941629662102e-07,9.057013666870873e-07,1.3958081858302613e-07,5.082058023639253e-07,6.099488057121845e-08,7.361992823949918e-07
0.08729998779480226,3.624190797181382e-07,5.036249931320416e-07,5.217585354557512e-07,3.6671820580032966e-07,5.3320825976072506e-08,3.090982537420656e-07,4.975812389549347e-08,4.7200041156025766e-07
0.08739998779227626,2.4610989590007517e-07,1.782198741743801e-07,2.3738485453978414e-07,2.3579680500073582e-07,2.720450297784759e-08,2.1890539292222762e-07,7.394486130813312e-09,2.2999036840897087e-07
0.08749998778975027,5.792032141084543e-07,5.010640738278109e-07,4.202187168538605e-07,3.755010453194329e-07,2.997380118389078e-08,5.492294129245635e-07,5.90865926756958e-08,3.611321241781646e-07
0.08759998778722426,4.6900934850717665e-07,4.64260659905585e-07,4.904179976303938e-07,3.940965496445677e-07,1.6287206455717245e-09,4.67380627861605e-07,1.1260179677576532e-07,3.778162008546285e-07
0.08769998778469826,7.398204671481683e-07,9.616015793794309e-07,5.493534722875807e-07,6.875628589093506e-07,2.3893446526169303e-07,5.008860018864755e-07,9.09801726875434e-08,4.5837329960003734e-07
0.08779998778217227,6.927606898009071e-07,4.5452522114514615e-07,6.264050218981634e-07,4.582601389520016e-07,1.088180133144969e-09,6.91672509667762e-07,1.3018406761849377e-07,4.962209542796696e-07
0.08789998777964626,5.896320457951884e-07,4.771531802137435e-07,5.045924099370817e-07,1.0029690225129446e-06,7.643087950523773e-08,5.132011662899507e-07,3.5570881255849815e-08,4.690215286812319e-07
0.08799998777712026,3.746767369664705e-07,2.6123121722697485e-07,6.950594285681732e-07,5.657978003991891e-07,1.9032503259770307e-08,3.5564423370670026e-07,5.8292177617787064e-08,6.367672509503862e-07
0.08809998777459425,4.1626016191656016e-07,2.9490947184750964e-07,8.206885723518389e-07,1.0202653122163008e-06,1.524872000388103e-08,4.010114419126791e-07,1.9957810733232004e-07,6.211104650195191e-07
0.08819998777206826,2.953264702327335e-07,2.659458552909778e-07,3.3899566075764443e-07,2.584198209990464e-07,2.9186484836634668e-08,2.6613998539609884e-07,1.2439530981075407e-08,3.2655612977656904e-07
0.08829998776954226,4.821898851469491e-07,3.49951694485314e-07,7.709480737537158e-07,1.1019800507171814e-06,2.2880179092135017e-08,4.59309706054814e-07,1.1054882419815e-08,7.598931913339009e-07
0.08839998776701626,3.1140070363913353e-07,2.593836498602178e-07,4.768554743778429e-07,4.6882651560336095e-07,4.467217825553567e-08,2.667285253835979e-07,5.9733619027797e-08,4.1712185535004587e-07
0.08849998776449026,5.004208787383432e-07,3.736926900715175e-07,6.426922331595078e-07,5.730265787711625e-07,6.964352844054249e-08,4.3077735029780066e-07,1.1275087780335739e-07,5.299413553561503e-07
0.08859998776196426,6.465087798340678e-07,7.983368222864823e-07,3.188918744310949e-07,3.393638739655349e-07,8.476006749671773e-08,5.6174871233735e-07,9.793620965630033e-09,3.090982534654649e-07
0.08869998775943826,5.272349194085493e-07,6.923636708245719e-07,6.653077148147749e-07,5.917505330137872e-07,8.5079525287303e-08,4.4215539412124626e-07,2.2699999004832016e-08,6.426077158099428e-07
0.08879998775691227,4.1336646814467397e-07,3.2899465935168956e-07,5.815729471953802e-07,5.23538958616298e-07,3.55708813549205e-08,3.7779558678975344e-07,1.2439530974707034e-08,5.691334162206731e-07
0.08889998775438626,5.521052021283876e-07,3.2457961806556067e-07,6.198367291542584e-07,5.655489790292362e-07,1.8018003866669403e-10,5.519250220897209e-07,2.7204503249058803e-08,5.926322259051996e-07
0.08899998775186026,4.875242994238594e-07,2.966085418809473e-07,4.3169546974863727e-07,3.7760767735551105e-07,6.694082521472609e-08,4.2058347420913326e-07,4.864594541566167e-08,3.830495243329756e-07
0.08909998774933427,5.399895087144949e-07,7.176516426521641e-07,3.929077304756325e-07,4.4473048699520135e-07,1.186968198566427e-07,4.2129268885785225e-07,1.465848584058697e-08,3.7824924463504553e-07
0.08919998774680826,6.040024910276477e-07,5.300306419780208e-07,8.25215094950475e-07,4.823102747461283e-07,4.467217836891663e-08,5.59330312658731e-07,1.3093217440257096e-07,6.942829205479042e-07
0.08929998774428226,4.2555313098012355e-07,2.9582063159409173e-07,7.060392525713059e-07,5.056667045590535e-07,6.694082542217073e-08,3.586123055579528e-07,7.516961842915674e-08,6.308696341421493e-07
0.08939998774175627,5.311224955793977e-07,5.486841267922083e-07,4.875952903987876e-07,4.3209415867221784e-07,2.619001622085075e-08,5.049324793585469e-07,1.892601645742194e-08,4.686692739413656e-07
0.08949998773923026,3.730879081313617e-07,3.6834415116068485e-07,3.7899025357131065e-07,4.4491983824771223e-07,2.720450296852572e-08,3.4588340516283593e-07,6.26165016739512e-08,3.1637375189735943e-07
0.08959998773670426,5.765224935596906e-07,5.206762925600785e-07,8.738637279917849e-07,8.03110024950948e-07,5.811199737115841e-08,5.184104961885322e-07,1.2611530628950637e-07,7.477484217022787e-07
0.08969998773417825,5.260720487788764e-07,4.4101065509786714e-07,4.5056539020325344e-07,4.1052239522762275e-07,2.1014485558456225e-08,5.050575632204202e-07,1.4562006711234882e-07,3.0494532309090465e-07
0.08979998773165226,7.730608403262426e-07,7.949794987503088e-07,9.992528912671275e-07,8.772664443868553e-07,1.2460828955028882e-08,7.606000113712139e-07,4.8645942990085674e-08,9.506069482770419e-07
0.08989998772912626,6.231563654151598e-07,3.9982941404098887e-07,3.875733128453491e-07,2.9518766031532445e-07,8.81425901924375e-08,5.350137752227223e-07,6.201037439116855e-08,3.255629384541806e-07
0.08999998772660026,4.436421391341508e-07,4.560970718117801e-07,3.4101043544048323e-07,3.536138050496371e-07,1.1058871570134314e-07,3.330534234328077e-07,4.3527205210062934e-09,3.3665771491947705e-07
0.09009998772407427,7.199296774610489e-07,8.915560938193948e-07,3.730169138007748e-07,3.662261161504012e-07,8.892719147929575e-09,7.110369583131191e-07,2.1014485527305132e-08,3.5200242827346966e-07
0.09019998772154826,4.468197980522632e-07,3.7713140538923705e-07,2.2823386387663467e-07,2.562768041845168e-07,6.655037417095243e-08,3.802694238813107e-07,2.288017915678367e-08,2.0535368471985097e-07
0.09029998771902226,5.439480839375286e-07,4.945517131724769e-07,7.143822936702385e-07,7.646592420864079e-07,1.4527999383286418e-08,5.294200845542422e-07,1.550259355215809e-08,6.988797001180802e-07
0.09039998771649627,2.641279131000752e-07,1.7561749300183003e-07,2.2809188202926424e-07,2.3233866696447015e-07,2.529621719031354e-09,2.615982913810438e-07,5.315044812161336e-08,1.7494143390765087e-07
0.09049998771397026,4.835657375946678e-07,3.975058207904249e-07,4.76926465324426e-07,3.9194349063824606e-07,2.6190016848935847e-08,4.5737572074573185e-07,3.790882726734883e-09,4.731355825976911e-07
0.09059998771144426,5.073441217222775e-07,5.768097936792333e-07,5.291077120805778e-07,9.678971326340798e-07,3.557088134537293e-08,4.7177324037690456e-07,2.165001840794246e-08,5.074576936726354e-07
0.09069998770891827,4.217365518422428e-07,4.690137962015428e-07,9.94131453430707e-07,8.508482406986904e-07,1.1054882122639545e-08,4.106816697196033e-07,2.1312880921681439e-07,7.810026442138928e-07
0.09079998770639226,7.076990675992175e-07,7.094899905951433e-07,4.0449943822849744e-07,4.921663163740088e-07,5.4298123760344264e-08,6.534009438388732e-07,1.3093217450051078e-07,2.7356726372798665e-07
0.09089998770386626,4.421243015055883e-07,5.216771001800554e-07,4.860064615958376e-07,4.6679231386697516e-07,1.6804658670679198e-07,2.740777147987964e-07,2.882883033513513e-09,4.831235785623243e-07
0.09099998770134025,4.408194231251692e-07,6.835409086223385e-07,4.0810302817258024e-07,6.843387456230801e-07,6.261649890212741e-08,3.782029242230418e-07,3.2868176708963986e-08,3.752348514636163e-07
0.09109998769881426,4.0905295495198567e-07,4.890833127869246e-07,4.585534899165123e-07,5.84076415277061e-07,3.340871923385444e-08,3.7564423571813116e-07,5.4489798574267866e-08,4.040636913422444e-07
0.09119998769628826,6.789141702801728e-07,8.724042750171936e-07,6.077480791980214e-07,8.027318410660936e-07,2.044801607734882e-07,4.7443400950668455e-07,7.516961803136999e-08,5.325784611666513e-07
0.09129998769376226,4.6215709670498055e-07,5.520642855826219e-07,6.322363615703617e-07,5.826021177128267e-07,8.828828421819828e-09,4.5332826828316075e-07,5.448979785678947e-08,5.777465637135723e-07
0.09139998769123626,6.98308060085123e-07,8.308621955367715e-07,2.9684430799401864e-07,2.553355942698019e-07,1.5345198885938502e-07,5.448560712257379e-07,1.5502593303535715e-08,2.813417146904829e-07
0.09149998768871026,5.78253307681756e-07,5.815997453501796e-07,6.365498647395349e-07,7.924097384467527e-07,1.5633487590649834e-07,4.219184317752576e-07,1.3525649431018346e-07,5.012933704293514e-07
0.09159998768618426,6.339671789531443e-07,4.2431107714247317e-07,6.126295270900041e-07,6.284828116791084e-07,3.1528827459391414e-08,6.024383514937528e-07,1.839024430532165e-07,4.2872708403678755e-07
0.09169998768365827,4.1438736303983057e-07,6.852527273488891e-07,6.824028451491328e-07,7.138822825343737e-07,4.3487312423710184e-08,3.709000506161204e-07,6.694082327613062e-08,6.154620218730022e-07
0.09179998768113226,5.597383501453708e-07,4.2898099233761777e-07,3.9456755160768815e-07,3.7650930286776343e-07,2.3356827340549742e-08,5.36381522804821e-07,5.908659196108083e-08,3.3548095964660734e-07
0.09189998767860626,5.942565434508858e-07,4.670870547387757e-07,7.860284179059783e-07,7.457790748408729e-07,2.1014485530500968e-08,5.732420579203848e-07,1.7491303357486862e-07,6.111153843311097e-07
0.09199998767608027,8.198096763595328e-07,6.972025494708055e-07,7.66563557336448e-07,7.530641463739064e-07,6.514883270367552e-09,8.132947930891653e-07,5.973361605566221e-08,7.068299412807858e-07
0.09209998767355426,5.681084526445608e-07,4.830080107466363e-07,8.902929617015813e-07,1.317717763945115e-06,9.736828394607103e-09,5.583716242499537e-07,3.4117946209110356e-08,8.561750154924709e-07
0.09219998767102826,6.429052061073688e-07,7.018918983737849e-07,3.9679529781818464e-07,3.0656846704972853e-07,4.417254057949812e-08,5.987326655278706e-07,5.4298123698357275e-08,3.4249717411982734e-07
0.09229998766850227,4.005408831762725e-07,3.423012497715984e-07,2.2600611634658528e-07,1.9161744294265466e-07,1.8926017194246746e-08,3.8161486598202576e-07,1.1054882395847248e-08,2.1495123395073808e-07
0.09239998766597626,3.6351096496753244e-07,2.6501576642707885e-07,3.189628688971709e-07,2.66096055067045e-07,9.079999590492079e-10,3.6260296500848323e-07,3.340871925513572e-08,2.855541496420351e-07
0.09249998766345026,6.512752864167192e-07,5.313429756594598e-07,7.22228436283198e-07,5.014273326060847e-07,3.135844905515734e-08,6.199168373615618e-07,6.099488020023284e-08,6.612335560829654e-07
0.09259998766092425,4.956104285666235e-07,4.020311540335353e-07,7.130064785489934e-07,1.3490898979628524e-06,6.32405376844367e-08,4.323698908821869e-07,1.1054883406005713e-08,7.019515951429874e-07
0.09269998765839826,8.632219241042158e-07,4.894712761595665e-07,5.262140307171844e-07,6.017695717821433e-07,7.980731086746294e-08,7.834146132367529e-07,2.439795207123253e-07,2.8223451000485907e-07
0.09279998765587226,2.5950341210401777e-07,2.4529701218361543e-07,2.4077548495649813e-07,1.6287852845713674e-07,3.812180018431375e-09,2.5569123208558633e-07,8.136504154231858e-09,2.3263898080226625e-07
0.09289998765334626,3.897300727830325e-07,3.6852265445100747e-07,3.3359025557422093e-07,2.525594945833686e-07,2.6190016840465884e-08,3.635400559425666e-07,3.135844906327394e-08,3.0223180651094696e-07
0.09299998765082026,2.967023259704154e-07,1.639920195505298e-07,5.292497062534783e-07,4.931541086794274e-07,1.1352060588118378e-07,1.8318172008923163e-07,2.1014485591813626e-08,5.082352206616646e-07
0.09309998764829426,2.9101295685800683e-07,1.825044330094288e-07,6.939945434842469e-07,6.807624783024503e-07,3.790882441589928e-09,2.8722207441641686e-07,1.4658484386416083e-08,6.793360590978307e-07
0.09319998764576826,3.513952998925261e-07,4.781833423727959e-07,6.506093336637919e-07,9.533670602615937e-07,2.9577944622220524e-08,3.2181735527030557e-07,2.2231800698351686e-07,4.28291326680275e-07
0.09329998764324227,3.768334935749818e-07,4.464230586487883e-07,3.424572822342444e-07,3.1770022279539825e-07,8.237682567320625e-08,2.9445666790177545e-07,7.354799675408163e-08,2.6890928548016275e-07
0.09339998764071626,7.755725713344876e-07,4.166183409494767e-07,6.054222952188653e-07,8.324801216486674e-07,2.101448474411197e-08,7.545580865903756e-07,4.467217575368968e-08,5.607501194651756e-07
0.09349998763819026,5.711880827851392e-07,4.954265597210096e-07,3.009448516760898e-07,2.781209342345972e-07,2.9186485229521358e-08,5.420015975556178e-07,4.352720554179799e-09,2.9659213112191e-07
0.09359998763566427,5.316194359464436e-07,4.989110332776852e-07,5.273769135941025e-07,5.067146559983009e-07,1.3958082275499922e-07,3.920386131914443e-07,1.628720653160319e-09,5.257481929409421e-07
0.09369998763313826,4.860774390494265e-07,6.53543992543799e-07,6.253841130159098e-07,4.5557495262943184e-07,1.2676502901803453e-08,4.7340093614762307e-07,1.6287205224369353e-09,6.237553924934729e-07
0.09379998763061226,4.3505907979417987e-07,3.235080164756956e-07,6.420972653719484e-07,3.234147470811195e-07,3.862244880685677e-08,3.96436630987323e-07,1.1674594005162948e-07,5.253513253203188e-07
0.09389998762808627,8.362389020186987e-07,1.3999940456916361e-06,2.0986089172372915e-07,1.4741123777028653e-07,2.5582883161965895e-08,8.106560188567325e-07,2.8828827537297317e-09,2.0697800896999936e-07
0.09399998762556026,4.541689830051823e-07,8.734979856487747e-07,4.842756542177759e-07,4.977189334716707e-07,7.3944857581329656e-09,4.4677449724704926e-07,2.0718287370039378e-07,2.770927805173821e-07
0.09409998762303426,4.6720755157320956e-07,3.0219261883025243e-07,7.139563443522845e-07,8.02874600887294e-07,5.332082700278933e-08,4.1388672457042013e-07,9.736827589993104e-09,7.042195167622915e-07
0.09419998762050825,3.845376406382274e-07,4.598895083031056e-07,4.073931284022862e-07,2.27398513839468e-07,3.254601658656502e-08,3.519916240516623e-07,3.4309620162690246e-08,3.7308350823959594e-07
0.09429998761798226,3.1535926547721087e-07,4.429292167744447e-07,4.3261836391201563e-07,4.741066158027428e-07,1.5163530827082057e-08,3.001957346501288e-07,3.632980094332648e-08,3.9628856296868915e-07
0.09439998761545626,3.9015601882093306e-07,3.450757164946964e-07,7.568176239973115e-07,6.17364522678844e-07,1.6287206591130926e-09,3.8852729816182e-07,7.64308795855605e-08,6.803867444117511e-07
0.09449998761293026,5.722799712476164e-07,5.080520682674747e-07,5.629160157866028e-07,3.9898337845134687e-07,5.412504592591753e-09,5.668674666550247e-07,6.660007022409391e-08,4.963159455625087e-07
0.09459998761040427,5.36172939096903e-07,4.128675708476107e-07,2.3385224199804897e-07,4.354438788917611e-07,6.51488233070034e-09,5.296580567662026e-07,1.6149620897625438e-08,2.1770262110042354e-07
0.09469998760787826,3.152172800574848e-07,4.4403896923100623e-07,5.657116832236546e-07,5.14336000052549e-07,6.964352795833758e-08,2.455737520991472e-07,2.1014485163824326e-08,5.446971980598303e-07
0.09479998760535226,3.9340466728559823e-07,3.882433288769218e-07,6.227304093933826e-07,5.420653173053717e-07,7.99137983908748e-08,3.134908688947235e-07,2.529621515848011e-09,6.202007878775347e-07
0.09489998760282627,3.856295291523996e-07,3.3972315844391085e-07,5.282558337867902e-07,4.157739536267212e-07,4.15168264536703e-08,3.4411270269872927e-07,2.957794300841045e-08,4.986778907783797e-07
0.09499998760030026,3.2825584149862845e-07,4.1914699651453715e-07,6.202626750900501e-07,4.656830963904511e-07,8.828828452972976e-09,3.194270130456555e-07,1.1437249930429615e-07,5.058901757857541e-07
0.09509998759777426,6.900359986696876e-07,3.8248130163098245e-07,5.714010387207101e-07,7.432425581645215e-07,8.856244471333341e-08,6.014735539563543e-07,8.136504839947797e-09,5.632645338807621e-07
0.09519998759524827,1.0779372695446611e-06,1.3026881925792085e-06,1.029271661811295e-06,1.084985669019883e-06,5.811199472778893e-08,1.0198252748168724e-06,2.4065919652385026e-07,7.886124652874448e-07
0.09529998759272226,5.117286260074815e-07,4.949478649598756e-07,3.753866500991986e-07,2.7699469984493436e-07,2.720450328700753e-08,4.84524122720474e-07,1.2460828273565193e-08,3.629258218256334e-07
0.09539998759019626,3.366969188356601e-07,1.7175245639442137e-07,6.029106085664953e-07,2.9909039274858935e-07,2.1650016380410408e-08,3.1504690245524965e-07,3.4231530557841024e-08,5.686790780086543e-07
0.09549998758767027,5.874042914471918e-07,5.691325700155151e-07,5.996619553933147e-07,6.489535031206704e-07,1.1437249869766738e-07,4.730317927495242e-07,9.9628824352213e-08,5.000331310411015e-07
0.09559998758514426,4.997109655161757e-07,4.813135490835592e-07,1.0193567078887382e-06,9.082261193082472e-07,9.152071681093537e-08,4.081902487052402e-07,1.579564971832244e-07,8.614002107055139e-07
0.09569998758261826,2.763855748701458e-07,2.8394083039849875e-07,4.1756502316345835e-07,3.1419315369816446e-07,3.40824489484334e-08,2.4230312592171245e-07,5.4298122642754726e-08,3.6326690052070363e-07
0.09579998758009226,3.89233132647982e-07,2.747241723968368e-07,3.296316973102542e-07,2.443372334269213e-07,2.5433799925116094e-08,3.637993327228658e-07,8.405794224883211e-08,2.4557375506142197e-07
0.09589998757756626,4.222334948354149e-07,2.975547748777406e-07,4.1092574414926987e-07,2.4333442513141516e-07,9.242161742240565e-08,3.298118774130092e-07,8.00344825914345e-08,3.308912615578353e-07
0.09599998757504026,3.4259926077161173e-07,3.2698514180084953e-07,6.952994264921477e-07,9.593055281181334e-07,1.892601647328198e-08,3.236732442983298e-07,5.8633942510661674e-08,6.366654839814858e-07
0.09609998757251426,4.2166556690591296e-07,4.40132154381412e-07,3.676115200674412e-07,3.939860791585e-07,3.632980021642625e-08,3.8533576668948665e-07,7.991379906554146e-08,2.876977210018997e-07
0.09619998756998827,2.732789069614063e-07,2.748772032720692e-07,5.185808610068603e-07,7.06805926754827e-07,1.9703530633373814e-08,2.5357537632803244e-07,1.3363487305858771e-07,3.849459879482726e-07
0.09629998756746226,5.894900605221058e-07,3.960052654878921e-07,7.96812199838702e-07,1.141065944678529e-06,1.2439530452246934e-08,5.770505300698589e-07,4.151682483298741e-08,7.552953750057143e-07
0.09639998756493626,3.7192502867883787e-07,3.4089643267000144e-07,4.43642142580747e-07,6.585916276176238e-07,1.3093217438160387e-07,2.4099285429723394e-07,3.411794437333826e-08,4.095241982074088e-07
0.09649998756241027,2.5187025924818603e-07,1.5623867130944099e-07,6.455588732549037e-07,7.21622177322492e-07,4.4172538610665974e-08,2.0769772063752006e-07,2.8828827568288614e-09,6.426759904980747e-07
0.09659998755988426,2.8416070491325466e-07,3.649857622515458e-07,6.04046439346659e-07,7.194952907894919e-07,4.504504634864865e-09,2.796562002783898e-07,8.892719176445584e-09,5.951537201702136e-07
0.09669998755735826,6.996129350815384e-07,3.8556453376228857e-07,4.620861023003931e-07,2.518078022097958e-07,7.207206875675686e-10,6.988922143939708e-07,4.8645942995962316e-08,4.1344015930443065e-07
0.09679998755483227,5.40273469311862e-07,8.199223114398822e-07,5.896590824257956e-07,5.465616971948186e-07,4.467217581089364e-08,4.956012935009682e-07,1.3647178103237188e-07,4.5318730139342356e-07
0.09689998755230626,3.398035867404357e-07,3.6157121320711457e-07,4.638879007805031e-07,2.9826157460622584e-07,1.2676504262826746e-08,3.2712708247760895e-07,3.135844731258116e-08,4.325294534679219e-07
0.09699998754978026,2.696753034600581e-07,2.537207452025205e-07,5.797711501339921e-07,5.562740808605734e-07,8.892720298844252e-09,2.607825831612139e-07,1.550259447471772e-08,5.642685556592743e-07
0.09709998754725425,4.575596159947424e-07,4.418583263327296e-07,5.169210548323736e-07,3.3244067925517313e-07,8.828827964864885e-09,4.487307880298774e-07,2.542497897381159e-07,2.626712650942577e-07
0.09719998754472826,4.7268394768795756e-07,4.31522172247837e-07,5.200987157442361e-07,4.954442798253201e-07,1.8247249681565347e-07,2.90211450872304e-07,1.395808227210713e-07,3.8051789302316466e-07
0.09729998754220226,2.8999205928897627e-07,2.4940157728566356e-07,4.893970920679369e-07,2.7341247013667096e-07,9.152071668515435e-08,1.9847134260382194e-07,1.1437249920165436e-07,3.750245928662824e-07
0.09739998753967626,2.699592641184997e-07,2.308277348543177e-07,4.897520334722657e-07,7.222554343438228e-07,1.2439530442815161e-08,2.575197336756845e-07,4.421952748845351e-08,4.455325059838122e-07
0.09749998753715027,4.4961547229196406e-07,5.519655926197163e-07,3.893041269632534e-07,3.117686461985168e-07,4.899650274875514e-08,4.0061896954320897e-07,7.980731189731424e-08,3.094968150659392e-07
0.09759998753462426,4.1128070246343647e-07,3.7839413965252466e-07,5.927386921967465e-07,6.841699566824904e-07,3.408244895158323e-08,3.7719825351185325e-07,3.719250056796392e-08,5.555461916287828e-07
0.09769998753209826,8.813548987177774e-07,6.601955867005324e-07,9.186957777507332e-07,8.891242427309878e-07,2.1014484213958042e-08,8.603404145038191e-07,6.251001593587548e-08,8.561857618148579e-07
0.09779998752957227,3.714990793592226e-07,3.2289216434920047e-07,7.077700680572788e-07,6.74717848400365e-07,5.973361881889144e-08,3.1176546054033104e-07,1.8421952712457011e-07,5.235505409327083e-07
0.09789998752704626,5.088619526527825e-07,3.330356231777191e-07,5.912918656244879e-07,5.352333766668324e-07,1.4708179487881034e-08,4.941537731649014e-07,1.1004817530451075e-07,4.812436903199772e-07
0.09799998752452026,4.314554730586311e-07,5.096329558195525e-07,8.908608274085925e-07,9.232515959507263e-07,4.6113619428471245e-08,3.8534185363015994e-07,3.2778797241405263e-07,5.630728549945399e-07
0.09809998752199427,4.134374557635494e-07,4.4843707515428593e-07,5.733718597994464e-07,4.856863272013009e-07,8.35217987579269e-09,4.050852758877568e-07,1.0469177589776996e-07,4.6868008390167623e-07
0.09819998751946826,7.364298399980112e-07,8.710492821043535e-07,6.258100623808071e-07,5.714477435764186e-07,1.622808132116173e-07,5.741490267863941e-07,1.1058871582989329e-07,5.152213465509139e-07
0.09829998751694226,6.432601481722767e-07,4.962109666267108e-07,7.272788663470114e-07,6.933536475953717e-07,3.411794365446238e-08,6.091422045178141e-07,2.3420717891372794e-08,7.038581484556386e-07
0.09839998751441627,2.92885754303095e-07,2.854561767886355e-07,7.427141877140114e-07,6.969222778747444e-07,2.9577944666002608e-08,2.633078096370924e-07,1.3723848035221644e-07,6.05475707361795e-07
0.09849998751189026,6.348900617726859e-07,5.967573550341055e-07,6.725149128517438e-07,7.628216636822691e-07,1.4877001141693525e-07,4.861200503557504e-07,8.507952524442614e-08,5.874353876073178e-07
0.09859998750936426,4.128695244542048e-07,3.027790133616223e-07,2.9158088808219646e-07,2.8337163052943144e-07,5.298006744908535e-08,3.5988945700511943e-07,1.628720633868193e-09,2.899521674483283e-07
0.09869998750683825,5.96413286496413e-07,7.445766039975835e-07,4.442100502753264e-07,6.680967441746541e-07,1.1635447804113276e-07,4.800588084552801e-07,2.3420717933393595e-08,4.207893323419328e-07
0.09879998750431226,2.3897367985956134e-07,1.48737950348443e-07,4.001859214641813e-07,3.371550491626426e-07,2.8828824821621775e-09,2.3609079737739913e-07,8.136504138989603e-09,3.920494173251917e-07
0.09889998750178626,5.603062645434132e-07,7.372564463171662e-07,4.814799754384919e-07,4.890198257303959e-07,1.6149619542428557e-08,5.441566450009845e-07,9.793621020130004e-09,4.716863544183617e-07
0.09899998749926026,5.560637591328417e-07,5.855749194808013e-07,5.131754727461075e-07,5.224255949649388e-07,3.411794437648294e-08,5.219458147563586e-07,1.4594593941567577e-08,4.985808788045398e-07
0.09909998749673427,6.678194297102996e-07,1.045236902523615e-06,4.7621655206852496e-07,3.1527994295011225e-07,4.467217829201638e-08,6.231472514182833e-07,2.3420719746931833e-08,4.5279583232159316e-07
0.09919998749420826,9.533560079349851e-07,1.3081541720499282e-06,7.686493350441066e-07,5.404307945221637e-07,8.81425925925601e-08,8.65213415342425e-07,1.8913036996786015e-07,5.795189650762463e-07
0.09929998749168226,8.435880332995679e-07,8.258430041577716e-07,2.88048272314312e-07,2.5642348498144464e-07,1.628720511183687e-09,8.419593127883841e-07,2.9122592698858017e-08,2.589256796154539e-07
0.09939998748915627,4.875242858923998e-07,9.12177337178291e-07,7.577675169448495e-07,7.509906757633707e-07,1.5584503484139125e-07,3.316792510510085e-07,1.3166979223778745e-07,6.260977247070621e-07
0.09949998748663026,5.113026630884387e-07,7.28151687345931e-07,4.4781367045041274e-07,5.792347594924627e-07,1.0881804671462687e-09,5.102144826212924e-07,1.1054882665639036e-08,4.3675878778477374e-07
0.09959998748410426,8.692662688973702e-07,6.627551844398334e-07,3.6782448828957626e-07,4.59819874790081e-07,5.883271782795261e-08,8.104335510694177e-07,1.8926017189991994e-08,3.4889847109958425e-07
0.09969998748157827,7.319743798430066e-07,4.395569418211788e-07,5.577945698099154e-07,5.404537404176005e-07,6.62937996167385e-08,6.65680580226268e-07,5.070601575542598e-08,5.070885540544894e-07
0.09979998747905226,3.3733584096602564e-07,3.4311167320784626e-07,6.916687980084507e-07,9.440960456957018e-07,2.720450333996799e-08,3.1013133762605753e-07,4.7374880764025916e-08,6.442939172444248e-07
0.09989998747652626,6.052803212240036e-07,7.828518779661987e-07,6.208305860677858e-07,6.504297999250155e-07,1.550259416911321e-08,5.897777270548905e-07,1.7000827054849002e-08,6.038297590129366e-07
0.09999998747400027,2.8914017210670534e-07,3.910365378688353e-07,5.541199721529521e-07,4.4655353595216583e-07,3.917448521447403e-08,2.499656868922313e-07,1.0881800553693746e-09,5.530317920975826e-07
0.10009998747147426,7.104947479608071e-07,5.447010947460298e-07,5.711170714858489e-07,7.378695105216279e-07,4.899650262333628e-08,6.614982453374707e-07,7.991379483109564e-08,4.912032766547533e-07
0.10019998746894826,6.905329322773677e-07,5.585590758867047e-07,4.802461015505226e-07,4.756200932372219e-07,8.024406442839548e-08,6.102888678489723e-07,7.043794192266913e-08,4.0980815962785357e-07
0.10029998746642226,5.577235802328252e-07,3.7035693014982173e-07,7.179149230317312e-07,6.588496336728893e-07,1.0215945496715888e-07,4.5556412526566613e-07,7.613001460779906e-08,6.417849084239322e-07
0.10039998746389626,4.637459253977137e-07,3.7347952035864665e-07,5.706201481311498e-07,6.070434791209274e-07,5.3150448155818996e-08,4.105954772418946e-07,1.6824636853535298e-07,4.023737795957968e-07
0.10049998746137026,6.00584821244333e-07,7.36357744731397e-07,6.571066341548235e-07,6.088192300401197e-07,8.003447987590212e-08,5.20550341368431e-07,1.892601649009695e-08,6.381806176647264e-07
0.10059998745884426,9.042813943006166e-07,9.288731274170078e-07,2.7508070526654477e-07,3.4606873720913847e-07,9.079999585044249e-10,9.033733943421121e-07,3.862244787602043e-08,2.364582573905243e-07
0.10069998745631827,7.401044715741432e-07,1.0238157393185548e-06,4.995689834200133e-07,4.926644691836787e-07,1.4527999325537604e-08,7.255764722486056e-07,2.605953094280462e-08,4.7350945247720865e-07
0.10079998745379226,5.25007181914848e-07,4.3256027759094593e-07,4.551628627661579e-07,3.693843476086052e-07,8.503253566993278e-08,4.399746462449151e-07,2.2699998963972007e-08,4.324628638021859e-07
0.10089998745126626,5.435931257182466e-07,4.668688448451943e-07,1.4305224616077625e-07,1.1228002889225702e-07,1.5795649715873397e-07,3.8563662855951275e-07,2.9122593344948766e-08,1.1392965281582748e-07
0.10099998744874027,7.016987042135331e-07,4.816092365561334e-07,4.747697087442599e-07,4.580070477807478e-07,1.3958082202325153e-07,5.621178821902815e-07,4.421952954704262e-08,4.305501791972173e-07
0.10109998744621426,7.723239260992858e-07,9.824784899303398e-07,6.343931127156916e-07,7.633694728469995e-07,8.352179711544662e-09,7.63971746387741e-07,6.02440695181688e-08,5.741490431975229e-07
0.10119998744368826,4.0068284835535e-07,6.912655761847953e-07,4.1099673855385736e-07,4.723859515142595e-07,4.521271644735892e-08,3.554701319079912e-07,1.280033095425702e-07,2.829934290112871e-07
0.10129998744116227,6.092388750365824e-07,7.276826564967897e-07,4.1106772291606304e-07,4.344657769709511e-07,9.72864787953459e-08,5.119523962412365e-07,1.8926015840971694e-08,3.921417070750914e-07
0.10139998743863626,5.14267369348928e-07,4.2250421406256695e-07,7.43637063807208e-07,7.758187624655402e-07,2.6059530868242072e-08,4.882078384806859e-07,5.9086593731632144e-08,6.84550470075576e-07
0.10149998743611026,6.435440920463557e-07,7.175704091320509e-07,4.914118667164715e-07,4.5048604920577217e-07,2.558288347029953e-08,6.179612085760561e-07,3.4309620292812354e-08,4.57102246423659e-07
0.10159998743358427,5.712150964416761e-07,5.866120472303581e-07,5.663506054967165e-07,4.906956986086401e-07,7.570406592787025e-08,4.955110305138058e-07,2.0448017085254755e-07,3.618704346441689e-07
0.10169998743105826,5.648597913392685e-07,4.154656962561516e-07,2.1735206252145626e-07,2.6357620797573626e-07,1.0741577738612685e-07,4.5744401395314156e-07,1.5248720087311762e-08,2.0210334243414453e-07
0.10179998742853226,4.7413079111845865e-07,4.403424735531284e-07,3.4217331162678775e-07,2.5233795394239047e-07,4.4501801325811544e-08,4.296289897926471e-07,4.348731150909109e-08,2.986860001176967e-07
0.10189998742600626,6.378547294694257e-07,7.161284297093337e-07,4.256241253414278e-07,3.195833485351612e-07,2.2709800467867134e-08,6.151449290015585e-07,7.394486162490815e-09,4.1822963917893705e-07
0.10199998742348027,6.50325369007514e-07,6.787695968517397e-07,7.618680707484076e-07,9.59676106883532e-07,1.1054883390786533e-08,6.392704856167274e-07,1.7410881816736105e-08,7.444571889316714e-07
0.10209998742095426,6.68769336331822e-07,5.970520047154664e-07,8.933995876254795e-07,9.64132413616695e-07,7.043794195733447e-08,5.983313943744876e-07,4.7282591027259386e-08,8.461169965982201e-07
0.10219998741842826,3.5895746168827465e-07,3.2576933305235574e-07,4.981931277644401e-07,4.909084402153348e-07,9.736828407391375e-09,3.492206332808832e-07,3.408244805196863e-08,4.641106797124715e-07
0.10229998741590227,3.0267566235280335e-07,2.536905854824941e-07,5.552558312091725e-07,4.877981370238059e-07,7.643087962613565e-08,2.2624478272666766e-07,2.5296214936366284e-09,5.52726209715536e-07
0.10239998741337626,4.4961547229196406e-07,5.179861656181132e-07,5.984280815851989e-07,7.068801286885148e-07,2.288017929026095e-08,4.267352930017031e-07,1.741088216709358e-08,5.810171994181053e-07
0.10249998741085026,4.094789008345543e-07,4.3748051709230716e-07,3.989790746651277e-07,2.1017437168077542e-07,7.881412264711575e-08,3.3066477818743854e-07,1.4658485860687579e-08,3.843205888044401e-07
0.10259998740832427,2.517992683183428e-07,2.56413877024195e-07,5.39705561640933e-07,5.319992555928379e-07,1.892601719227477e-08,2.3287325112606802e-07,1.403184442416525e-07,3.9938711739928064e-07
0.10269998740579826,4.0248466696576825e-07,4.896822824736954e-07,3.183239400355706e-07,2.913794725641859e-07,4.8996502251300916e-08,3.534881647144673e-07,3.1528826997769814e-08,2.8679511303780086e-07
0.10279998740327226,6.322363649457241e-07,4.3800395221009315e-07,3.8325979624613455e-07,1.830294536423657e-07,9.098017622653904e-08,5.412561887191848e-07,6.065412128630022e-08,3.226056749598343e-07
0.10289998740074627,1.021043568685642e-06,1.2707004105712682e-06,8.719909724809316e-07,1.3832929628866587e-06,2.345357798250722e-07,7.865077888605699e-07,5.602353085054922e-08,8.159674416303825e-07
0.10299998739822026,3.7301691714131525e-07,3.143627959263515e-07,8.484255321637275e-07,8.08196995263535e-07,3.340871938857716e-08,3.3960819775273804e-07,8.352178671733903e-09,8.400733534919937e-07
0.10309998739569426,6.690532866702622e-07,7.817394161067297e-07,7.429271707125494e-07,4.0786071116300343e-07,3.790883047606219e-09,6.652624036226559e-07,4.611361978734738e-08,6.96813550925202e-07
0.10319998739316825,8.915978186166042e-07,1.3209620303675723e-06,6.744587135510774e-07,6.528029769944727e-07,1.4917837388922616e-07,7.424194447273778e-07,1.5502594512789282e-08,6.589561190382881e-07
0.10329998739064226,5.18651868914172e-07,4.788883376766384e-07,5.623210561588493e-07,5.648124298530798e-07,2.2766593551970877e-08,4.95885275362201e-07,2.4321620497941684e-08,5.379994356609076e-07
0.10339998738811626,3.3114953506757523e-07,4.1704896634094913e-07,6.369048197554101e-07,7.590253838161893e-07,1.6216215532432448e-09,3.29527913514332e-07,4.071801447768695e-08,5.961868052777233e-07
0.10349998738559026,3.706471874973989e-07,3.8817438427871697e-07,3.905380006403083e-07,4.1077103851130733e-07,7.945945447810821e-08,2.911877330192907e-07,2.529621516572554e-09,3.880083791237357e-07
0.10359998738306427,7.532849776882833e-07,8.606735622856442e-07,3.429542191278472e-07,3.1928793437104397e-07,6.261649636588698e-08,6.906684813223965e-07,3.7192502895986516e-08,3.057617162318608e-07
0.10369998738053826,6.108277173780589e-07,6.257740019849174e-07,5.730608754066942e-07,4.2120153015479615e-07,7.426871734859815e-08,5.365590000294608e-07,1.5248720039247053e-08,5.57812155367447e-07
0.10379998737801226,6.724439387335172e-07,4.5832294705615975e-07,7.97123195525374e-07,9.161462000326894e-07,4.728259308924182e-08,6.251613456442753e-07,3.495897805291278e-07,4.47533414996246e-07
0.10389998737548627,6.587394301957645e-07,6.007635148407738e-07,7.014147402043517e-07,9.746343405006727e-07,3.632980013688939e-08,6.224096300588753e-07,2.5433799978315153e-08,6.759809402260368e-07
0.10399998737296026,3.892331359829367e-07,2.924324054921354e-07,6.246741795627837e-07,7.202420047682569e-07,1.3093217449452687e-07,2.5830096148840986e-07,1.196741166383121e-07,5.050000629244716e-07
0.10409998737043426,7.122965245897386e-07,8.065184881165619e-07,7.750756457949394e-07,1.0320923881812036e-06,1.9703529072525182e-08,6.925929955172134e-07,2.276659297859419e-08,7.523090528163453e-07
0.10419998736790827,3.651707993802383e-07,3.4074431798608676e-07,5.00207899058027e-07,3.157820493307235e-07,2.2880179308864024e-08,3.4229062007137423e-07,1.186968234891316e-07,3.815110755688955e-07
0.10429998736538226,3.842536766932531e-07,2.3099751629263914e-07,6.013927674091273e-07,4.607380689861156e-07,2.1650017067980936e-08,3.6260365962527217e-07,2.276659480196387e-08,5.786261726071635e-07
0.10439998736285626,4.842046632314964e-07,3.7731204329737377e-07,5.365279006903017e-07,4.824071887438551e-07,7.991379835478997e-08,4.042908648767063e-07,4.899650198264908e-08,4.875313987076527e-07
0.10449998736033027,3.238713371563609e-07,2.8442018165313284e-07,7.165390638777633e-07,6.887149592829145e-07,5.429812380376919e-08,2.695732133525916e-07,1.4708179477205049e-08,7.018308844005582e-07
0.10459998735780426,2.951844881688633e-07,2.5698784744668626e-07,4.5798556197007335e-07,4.936322916852855e-07,4.0718015495455236e-08,2.54466472673408e-07,3.408244805969836e-08,4.2390311391037496e-07
0.10469998735527826,4.84630592295305e-07,6.793430847266554e-07,4.816929562926254e-07,5.097090848518292e-07,3.719250082350352e-08,4.474380914718015e-07,6.459848389790385e-08,4.170944723947214e-07
0.10479998735275226,4.84488627121853e-07,4.64098001962746e-07,7.073170822609467e-07,5.362487014214981e-07,3.4309620034591163e-08,4.5017900708726173e-07,7.516961798642402e-08,6.321474642745226e-07
0.10489998735022626,6.867163456625287e-07,7.396779588052391e-07,4.2929871297280617e-07,3.13788350297222e-07,1.3958081896923046e-07,5.471355266932981e-07,4.151682602113181e-08,3.877818869516743e-07
0.10499998734770026,7.566046475658847e-07,1.0880775726294943e-06,2.951135005344924e-07,1.7150715593661333e-07,2.335682733091501e-08,7.332478202349695e-07,2.5433800692089376e-08,2.69679699842403e-07
0.10509998734517426,9.666075243839242e-07,9.046361713159324e-07,6.757635499346945e-07,6.973204429022898e-07,2.0841844116850235e-07,7.581890832154219e-07,3.408244828199513e-08,6.416811016526993e-07
0.10519998734264827,6.810269833570753e-07,4.950569964748249e-07,4.51062322375595e-07,4.322815304390518e-07,8.405794071548408e-08,5.96969042641591e-07,1.4534658830518346e-07,3.057157340704116e-07
0.10529998734012226,4.981221367954748e-07,4.093969362818878e-07,4.3181043135059575e-07,3.6884054712568453e-07,4.521271865297137e-08,4.529094181425034e-07,1.7410882104067164e-08,4.143995492465286e-07
0.10539998733759626,6.384936652642573e-07,5.980617248415162e-07,6.431891484317014e-07,8.482156319341086e-07,2.1014485521849694e-08,6.174791797424075e-07,6.261649879809462e-08,5.805726496336069e-07
0.10549998733507027,3.928367393907778e-07,3.726855354893568e-07,4.63816916423883e-07,4.7461411231701963e-07,5.448979929567029e-08,3.3834694009510743e-07,3.8947313602359316e-08,4.248696028215237e-07
0.10559998733254426,3.9297871803025387e-07,4.600336866097441e-07,3.8411169140246586e-07,3.451770561569188e-07,8.13650381878543e-09,3.848422142114685e-07,7.881412144705275e-08,3.0529756995541307e-07
0.10569998733001826,4.3657691424694323e-07,4.6811212035393413e-07,5.306255554026386e-07,4.777381624883872e-07,3.790882427528366e-09,4.327860318194149e-07,2.1801799330468546e-08,5.088237560721701e-07
0.10579998732749227,6.707131030600323e-07,8.054113122021063e-07,6.585264403196077e-07,7.475076947469483e-07,5.412504286844478e-09,6.653005987731879e-07,8.892719321473108e-09,6.496337209981346e-07
0.10589998732496626,5.941145695689909e-07,4.3831922844009717e-07,3.5011746000663614e-07,3.1594728999322187e-07,1.153153209787388e-08,5.825830374711169e-07,4.352720125583274e-09,3.457647398810529e-07
0.10599998732244026,7.589304165546917e-07,5.122612517117255e-07,4.778763719147614e-07,4.3136700533776494e-07,1.71292532932779e-07,5.876378836219126e-07,1.700082764063354e-08,4.608755442741279e-07
0.10609998731991427,8.51745171707802e-07,7.250613785701248e-07,4.0163277176588674e-07,2.3179090398312963e-07,7.516961481963186e-08,7.765755568881703e-07,1.0881800643009702e-09,4.005445917015858e-07
0.10619998731738826,4.272839382439744e-07,5.008291365509993e-07,4.3880466520140365e-07,4.577086147762651e-07,5.412503592090298e-09,4.218714346518842e-07,1.0881801397825974e-09,4.37716485061621e-07
0.10629998731486226,7.454388655087897e-07,7.304571043555219e-07,6.695502066862793e-07,9.046760003492462e-07,4.071801383336266e-08,7.047208516754272e-07,1.3958081432920335e-07,5.29969392357076e-07
0.10639998731233626,4.82118880616434e-07,7.099136531128228e-07,3.317174629243777e-07,2.9605526886542733e-07,3.557087924373379e-08,4.4654800137270025e-07,5.8292177781423294e-08,2.7342528514295436e-07
0.10649998730981027,4.878352904026675e-07,5.66052369751309e-07,8.358839313361008e-07,7.650155463254298e-07,1.524395227972299e-07,3.3539576760543755e-07,9.398745667070654e-08,7.418964746653941e-07
0.10659998730728426,3.9290773520117814e-07,3.05674400692067e-07,5.699542090090954e-07,5.830523100916485e-07,4.864594457869359e-08,3.4426179062248453e-07,2.4321620479868777e-08,5.456325885292267e-07
0.10669998730475826,7.093318602080709e-07,9.666059306360647e-07,5.884961697853996e-07,7.30229554558686e-07,1.4708179550933684e-08,6.946236806571372e-07,3.62233130874985e-08,5.52272856697901e-07
0.10679998730223227,5.330662826377357e-07,4.5063813642925907e-07,5.910078847043806e-07,7.45428770366015e-07,1.5502593921139465e-08,5.175636887165961e-07,1.1408853237076697e-07,4.769193523336136e-07
0.10689998729970626,7.836316972010914e-07,1.3848665107866377e-06,1.0772273189889167e-06,7.51216909782037e-07,6.5148835177652795e-09,7.771168136833261e-07,6.514882187484593e-09,1.0707124368014318e-06
0.10699998729718026,6.542839281540815e-07,5.598211490259064e-07,2.693203486803223e-07,1.0757657688021572e-07,3.286817868565523e-08,6.214157494684262e-07,4.504504307747748e-09,2.648158443725745e-07
0.10709998729465427,3.1147169469773537e-07,2.668415612792441e-07,6.040734765862266e-07,4.1462727510504227e-07,6.514882884250215e-09,3.0495681181348517e-07,3.557088212346009e-08,5.685025944627665e-07
0.10719998729212826,3.330223243671484e-07,2.3089347492967083e-07,4.475297098169229e-07,5.432291104514828e-07,3.862244780457453e-08,2.9439987656257384e-07,1.3581393987072869e-07,3.117157699461942e-07
0.10729998728960226,5.253621388216271e-07,5.085691862694359e-07,7.218024903734063e-07,9.690414252016887e-07,4.3527205519342084e-09,5.210094182696928e-07,5.8832718147798214e-08,6.629697722256082e-07
0.10739998728707627,2.3876071030179036e-07,2.1768365929363632e-07,8.373307533028439e-07,6.641905116595148e-07,9.736828385173844e-09,2.2902388191661654e-07,1.088179862345265e-09,8.362425734404987e-07
0.10749998728455026,3.8771529819093417e-07,2.9620229900321544e-07,5.454659184838756e-07,4.3802625333382243e-07,1.4527999381833608e-08,3.731872988091006e-07,1.8226593169409724e-08,5.272393253144657e-07
0.10759998728202426,4.912698881073526e-07,3.929643953505538e-07,3.081520585053723e-07,3.329287978360018e-07,4.7282592514198785e-08,4.439872955931537e-07,1.336348771222825e-07,1.7451718138308976e-07
0.10769998727949827,3.7711746085005307e-07,2.2162014403237605e-07,5.438770896166546e-07,3.666543637035386e-07,8.81425906670216e-08,2.8897487018303144e-07,8.352179837168074e-09,5.355249097794866e-07
0.10779998727697226,4.3961258980595674e-07,2.640973171225481e-07,3.384987204340449e-07,2.7885665464258025e-07,1.1058871601971018e-07,3.290238737862465e-07,8.136503827242541e-09,3.303622166068023e-07
0.10789998727444626,5.815019528003422e-07,3.9429639014040493e-07,1.3992698272097984e-06,1.8184953407460478e-06,2.543379994301837e-08,5.560681528573238e-07,2.335682591497716e-08,1.3759130012948213e-06
0.10799998727192026,7.94824470453721e-07,7.092156601031425e-07,3.279008830528967e-07,3.1035925991141734e-07,8.309145570981051e-08,7.117330147439104e-07,5.097848458949844e-08,2.7692239846339826e-07
0.10809998726939427,6.112536665174376e-07,4.548201447101005e-07,2.900630501856195e-07,4.608246761808573e-07,1.5417271383968928e-07,4.570809526777483e-07,6.629379880753636e-08,2.237692513780831e-07
0.10819998726686826,4.6699456724142485e-07,5.545391503355794e-07,2.767405285089039e-07,1.2031770205565087e-07,1.1531529927495557e-08,4.5546303731392945e-07,3.42315300466764e-08,2.4250899846222745e-07
0.10829998726434226,4.74059798813497e-07,4.068559387600921e-07,6.69337264172933e-07,9.705619231643523e-07,1.5163530875416047e-08,4.5889626793808097e-07,4.7374880569006195e-08,6.219623836039267e-07
0.10839998726181627,6.002298798946219e-07,4.980836080985272e-07,3.3705187697539586e-07,2.982667149301107e-07,3.4309619807563126e-08,5.659202600870585e-07,5.332082643912123e-08,2.837310505362745e-07
0.10849998725929026,8.959112742719032e-07,8.714300729427711e-07,6.563697005326399e-07,1.02520709999252e-06,1.153153156093706e-08,8.843797427109664e-07,8.405794226279449e-08,5.723117582698452e-07
0.10859998725676426,4.718759981099065e-07,7.614629144144764e-07,4.7441475844275897e-07,3.523608278861902e-07,4.4219527510040095e-08,4.2765647059986636e-07,1.1437249969340199e-07,3.6004225874935716e-07
0.10869998725423827,6.392305955284938e-07,4.3976493195927107e-07,9.844125248872386e-07,8.924319921752614e-07,4.7034121873070176e-08,5.921964736554235e-07,1.541727140363942e-07,8.302398108508447e-07
0.10879998725171226,5.747916693273335e-07,6.69645648605703e-07,5.020097041279768e-07,4.6902395434099455e-07,1.196741177429036e-07,4.551175515844298e-07,4.521271862253775e-08,4.56796985505439e-07
0.10889998724918626,4.094079031803471e-07,3.4574116320875906e-07,4.4601186881985214e-07,4.067705051962897e-07,2.5296215128151364e-09,4.068782816675319e-07,1.0881800652198886e-09,4.4492368875463227e-07
0.10899998724666027,6.118486228021678e-07,4.682558842977466e-07,4.306745722160901e-07,3.154553162218922e-07,1.0423812141786115e-07,5.076105013843066e-07,1.741088181872857e-08,4.132636903973615e-07
0.10909998724413426,3.5528286728799783e-07,4.1665411439293536e-07,6.564406747123708e-07,7.685854648019755e-07,9.152071672419836e-08,2.6376215056379947e-07,2.288018087258698e-08,6.335604938397839e-07
0.10919998724160826,4.933556504873688e-07,5.617931331910572e-07,5.06181238811626e-07,4.826278618876586e-07,1.3075199425780801e-07,3.626036562295607e-07,7.394486156835658e-09,4.987867526547902e-07
0.10929998723908226,2.7197403876126853e-07,4.483381625163074e-07,5.691733047516927e-07,5.826877207463675e-07,1.1531530499459482e-08,2.6044250826180916e-07,7.881412150365529e-08,4.903591832480375e-07
0.10939998723655626,1.0968341833364187e-06,1.7411938313198971e-06,4.54665922399309e-07,4.86586970137749e-07,1.264837764533568e-07,9.703504068830619e-07,8.309145435294295e-08,3.7157446804636615e-07
0.10949998723403026,3.822388986308911e-07,4.0490160892158295e-07,3.6775349385989674e-07,5.03277928742513e-07,3.79088243658058e-09,3.784480161943105e-07,5.253621191211843e-09,3.624998726686848e-07
0.10959998723150426,1.5054341700994168e-07,1.3231796376700734e-07,5.639098814771282e-07,3.292399459594794e-07,3.286817876414574e-08,1.176752382457959e-07,1.4708179590226693e-08,5.492017018869015e-07
0.10969998722897827,4.2007673813773784e-07,3.464577837434404e-07,4.3325727812313554e-07,4.5465908008173605e-07,3.1528827435379116e-08,3.8854791070235857e-07,4.5212718699567984e-08,3.880445594235675e-07
0.10979998722645226,4.2555313422019366e-07,3.345508102451689e-07,4.297246623819176e-07,5.121586681850843e-07,2.9122593304351526e-08,3.964305409158421e-07,1.1260179615824105e-07,3.1712286622367656e-07
0.10989998722392626,3.8491961928442633e-07,4.2141354546420016e-07,7.305985307423023e-07,9.844484830526815e-07,1.1624460569873643e-07,2.686750135856898e-07,7.394486550439703e-09,7.232040441918624e-07
0.10999998722140027,5.587174492810821e-07,6.345507244894343e-07,3.343981735161116e-07,2.637676097410917e-07,9.793620991813195e-09,5.489238282892687e-07,4.7374880591461574e-08,2.8702329292465003e-07
0.11009998721887426,5.877592363540196e-07,6.715739271359819e-07,2.58935480862891e-07,2.355517085481423e-07,6.099488296147621e-08,5.267643533925435e-07,9.098017622770484e-08,1.6795530463518616e-07
0.11019998721634826,3.332353007598037e-07,3.258847414112905e-07,7.435660930368055e-07,4.893913789196407e-07,5.811199744234562e-08,2.751233033174581e-07,5.070601578119176e-08,6.928600772556137e-07
0.11029998721382227,6.746006873681085e-07,1.1029658210269745e-06,4.00327910239763e-07,3.3097569395591327e-07,6.629379807574767e-08,6.083068892923607e-07,5.253621404071355e-09,3.9507428883569165e-07
0.11039998721129626,5.913628229131908e-07,9.727574053196884e-07,6.799350879266318e-07,7.500559084193975e-07,1.3363486889769374e-07,4.5772795401549716e-07,3.430961811159661e-08,6.456254698150352e-07
0.11049998720877026,8.776803043095257e-07,8.000405627512945e-07,5.317614178366276e-07,1.0096543557424796e-06,1.5502594229194817e-08,8.62177710080331e-07,3.719250280017414e-08,4.945689150364533e-07
0.11059998720624427,5.223974341377142e-07,6.892405702210355e-07,7.315923828986583e-07,7.160025173506296e-07,4.871253642258425e-08,4.7368489771512987e-07,7.643088254947739e-08,6.551615003491811e-07
0.11069998720371826,3.516082694787656e-07,4.2286473236038057e-07,4.508493427524191e-07,2.9727769887899615e-07,4.8712537444454376e-08,3.0289573203431116e-07,6.251001389441423e-08,3.883393288580049e-07
0.11079998720119226,3.790612445125052e-07,4.2248812016403283e-07,4.241062841822183e-07,3.6313254795876503e-07,7.3944861622442395e-09,3.71666758350261e-07,6.629379808832292e-08,3.5781248609389537e-07
0.11089998719866626,4.843026826211593e-07,5.03232525746752e-07,3.5125331788169887e-07,3.7709397077304393e-07,2.165001573201736e-08,4.6265266688914193e-07,3.3408719224864435e-08,3.178445986568344e-07
0.11099998719614027,6.932576267331155e-07,9.891524937999393e-07,3.0433548207586684e-07,2.295662591043766e-07,2.605953033831708e-08,6.671980963947984e-07,2.529621509291785e-09,3.0180586056657504e-07
0.11109998719361426,3.663066504221316e-07,4.149378600258316e-07,2.8250088838819254e-07,3.89937390891444e-07,2.2880179157702587e-08,3.434264712644289e-07,5.070601574515273e-08,2.317948726430397e-07
0.11119998719108826,9.559386839124574e-07,7.820926773177874e-07,3.9715025275955863e-07,3.7778079319579993e-07,8.13650516253705e-09,9.478021787499202e-07,1.3525649851374804e-07,2.6189375424581053e-07
0.11129998718856227,6.63008972855093e-07,4.788888219092529e-07,6.494464407441559e-07,6.653920585793603e-07,3.5570881392098625e-08,6.274380914629943e-07,1.524872136938964e-08,6.341977193747663e-07
0.11139998718603626,5.258590724865112e-07,4.796186576147934e-07,6.983080601518766e-07,7.281654372222114e-07,2.4321620762431808e-08,5.015374517240793e-07,7.3944865166462715e-09,6.909135736352304e-07
0.11149998718351026,5.584334854800243e-07,4.5402013586399293e-07,4.344911566680949e-07,3.253651545367877e-07,1.0881800721097706e-09,5.573453054079146e-07,6.024407054089282e-08,3.742470861272021e-07
0.11159998718098427,4.0025691585197215e-07,3.822927678180602e-07,4.441390759633026e-07,3.354799884875215e-07,2.3420719518242287e-08,3.768361963337299e-07,3.408244807718686e-08,4.1005662788611563e-07
0.11169998717845826,3.5687169587431477e-07,2.7666070124665323e-07,5.287527660709534e-07,3.676014891058178e-07,2.685394471455289e-08,3.300177511597618e-07,1.0953703894573072e-07,4.1921572712522273e-07
0.11179998717593226,5.144803309432223e-07,4.671967851099153e-07,5.747206749868766e-07,7.538149447407099e-07,4.450179839604777e-08,4.699785325471746e-07,5.5068538477804086e-08,5.196521365090725e-07
0.11189998717340627,7.382316585609552e-07,6.791282911939553e-07,8.114666116496019e-07,7.349705435337184e-07,1.1058871218553335e-07,6.276429463754219e-07,3.3408717084983964e-08,7.78057894564618e-07
0.11199998717088026,5.335192463299638e-07,4.6880506198778304e-07,5.148352755233504e-07,6.83602641181684e-07,2.9122593292334825e-08,5.043966530376289e-07,3.34087171981492e-08,4.814265583252012e-07
0.11209998716835426,5.091459233383838e-07,4.879768719611699e-07,4.811250170805947e-07,3.6315670716804556e-07,5.973361892007732e-08,4.4941230441830663e-07,1.042381214706633e-07,3.768868956099313e-07
0.11219998716582827,6.758345611888997e-07,4.871094256564008e-07,5.505163653489882e-07,4.7487521876420725e-07,9.156601464113423e-08,5.842685465477655e-07,3.7294592883877266e-08,5.132217724651109e-07
0.11229998716330226,3.6616466845158824e-07,2.6440121477771137e-07,5.052583526628021e-07,4.090101617060194e-07,4.899650226683616e-08,3.17168166184752e-07,9.894730941147716e-08,4.0631104325132485e-07
0.11239998716077626,5.77827344855576e-07,6.689648530224669e-07,3.353920574157723e-07,3.49956880929057e-07,5.602352674563356e-08,5.218038181099424e-07,1.892601716804821e-08,3.164660402477241e-07
0.11249998715825026,5.27376918224426e-07,4.098653882458919e-07,5.319304202139006e-07,5.415701585584471e-07,2.3420719870635512e-08,5.039561983537905e-07,8.036745300594773e-08,4.5156296720795285e-07
0.11259998715572427,4.5293511973872476e-07,4.7643686335217576e-07,3.916028655446974e-07,3.459801371770216e-07,3.729459357824591e-08,4.1564052616047874e-07,6.514882589890837e-09,3.850879829548065e-07
0.11269998715319826,4.297246623135026e-07,3.2866762672910966e-07,4.517012412854138e-07,3.51944912974079e-07,3.812179934123418e-09,4.2591248237937916e-07,1.2439530985536031e-08,4.392617102998777e-07
0.11279998715067226,4.769264653872156e-07,3.3183783336456733e-07,4.20502684164287e-07,3.488953398060933e-07,4.521271876355048e-08,4.317137466236651e-07,2.270980080486103e-08,3.9779288335942593e-07
0.11289998714814627,6.357689773745493e-07,5.743795076602074e-07,3.115426890685893e-07,2.951972855474443e-07,1.4658485439739157e-08,6.211104919348101e-07,5.412504262859183e-09,3.0613018480573007e-07
0.11299998714562026,4.0696718252944725e-07,2.389686365636973e-07,4.335412420441059e-07,4.912099872394662e-07,6.313844586608577e-08,3.438287366633615e-07,2.3420719649355576e-08,4.1012052239475045e-07
0.11309998714309426,6.750266604349627e-07,1.3799430463508855e-06,5.895610548148717e-07,4.3862530039456515e-07,1.1004817894415286e-07,5.649784814908096e-07,3.71925028200146e-08,5.523685519948572e-07
0.11319998714056827,5.623210561476383e-07,4.199795198407446e-07,2.243462965286372e-07,1.8564277538935407e-07,2.529621492771768e-09,5.597914346548664e-07,2.270980079094128e-08,2.0163649573769594e-07
0.11329998713804226,3.3150448991406465e-07,2.2489706748723414e-07,4.2813583696855703e-07,5.679583627578941e-07,3.790882729391882e-09,3.2771360718467274e-07,1.24462589105569e-07,3.036732478629881e-07
0.11339998713551626,4.6742051311444394e-07,4.594419772602773e-07,7.017696815835716e-07,6.116892058568019e-07,4.352720283002979e-09,4.63067792831441e-07,3.6223313362968914e-08,6.655463682206028e-07
0.11349998713299027,4.7254196244841145e-07,5.071921974580316e-07,3.9724826465904467e-07,4.5099163485522777e-07,1.280033097337894e-07,3.4453865271462197e-07,4.9758122841675014e-08,3.4749014181736967e-07
0.11359998713046426,5.306965530230724e-07,4.072724806541021e-07,7.728918236757378e-07,8.83758913930838e-07,1.4658485833656084e-08,5.160380671894162e-07,4.611361953301195e-08,7.26778204142726e-07
0.11369998712793826,5.981441175467175e-07,5.494865347575382e-07,3.0730016336435627e-07,1.666788239392562e-07,4.352720551177451e-09,5.937913969955399e-07,1.0741577739547688e-07,1.9988438596887947e-07
0.11379998712541227,4.3339926011714923e-07,3.3503116740801895e-07,7.896320416858924e-07,7.436921982390051e-07,4.5212718708184314e-08,3.8818654140896496e-07,4.871253932090633e-08,7.409195023649863e-07
0.11389998712288626,1.06966514370997e-06,7.488415702403439e-07,4.7441475512492133e-07,5.225895344126747e-07,9.656406770290385e-08,9.73101076007066e-07,1.2395145404676215e-07,3.5046330107815916e-07
0.11399998712036026,7.467437505969563e-07,6.630308243746877e-07,5.636969085648197e-07,5.311340230316495e-07,1.4527999282316812e-08,7.322157513146397e-07,3.622331278078898e-08,5.274735957840306e-07
0.11409998711783426,6.46153847911941e-07,5.372909247884749e-07,9.334921905361078e-07,4.7338339825262854e-07,1.892601583785473e-08,6.272278320740862e-07,2.997379899463062e-08,9.035183915414773e-07
0.11419998711530827,5.340871881906599e-07,5.834396361902024e-07,6.239372493462016e-07,7.942511431826214e-07,1.4594593345135163e-08,5.194925948455247e-07,3.927034828244209e-23,6.239372493462016e-07
0.11429998711278226,8.320673333742482e-07,6.79166962972032e-07,3.2069367957388446e-07,2.5992630341320544e-07,4.521271639289366e-08,7.868546169813545e-07,8.171999610195603e-09,3.125216799636888e-07
0.11439998711025626,7.156161674898323e-07,7.762831043341008e-07,3.98029171647328e-07,3.4254073157810793e-07,7.043794036580098e-08,6.451782271240313e-07,2.2880179200040057e-08,3.75148992447288e-07
0.11449998710773027,3.1030881522413044e-07,3.134803758659561e-07,4.0962088273496764e-07,3.704492140182724e-07,8.892720361768653e-09,3.014160948623618e-07,6.964352844033154e-08,3.399773542946361e-07
0.11459998710520426,6.748846377798043e-07,7.233129779684425e-07,5.110897037189242e-07,5.882097438535079e-07,5.3320824111706985e-08,6.215638136680974e-07,6.964352794651775e-08,4.414461757724064e-07
0.11469998710267826,6.12274567436558e-07,4.934460645588494e-07,8.219224812898005e-07,8.395021850416701e-07,1.9598600927536046e-07,4.162885581611975e-07,4.871253529106812e-08,7.732099459987324e-07
0.11479998710015227,4.527221387177109e-07,5.325385338457152e-07,9.999628451257316e-07,1.3985752991555365e-06,9.152071654394446e-08,3.612014221737664e-07,8.507953381287334e-08,9.148833113128583e-07
0.11489998709762626,4.366479051444944e-07,3.2473895236644286e-07,3.370518770661363e-07,3.57288672151587e-07,1.2460827813511495e-08,4.241870773309828e-07,4.46721782705551e-08,2.9237969879558125e-07
0.11499998709510026,3.54927912276407e-07,2.843017431852545e-07,8.882781384016951e-07,8.210030321180606e-07,2.2880179205343906e-08,3.32047733071063e-07,2.785741073243411e-07,6.09704031077354e-07
0.11509998709257427,2.738468348450556e-07,2.2659427054093096e-07,4.96249343989579e-07,5.150741962397131e-07,9.156601394545403e-08,1.8228082089960148e-07,3.254601589084805e-08,4.6370332809873085e-07
0.11519998709004826,6.58100504538699e-07,5.13817951955067e-07,3.1500431044868306e-07,2.833483318134382e-07,7.42687176763219e-08,5.838317868623773e-07,2.2766593604712624e-08,2.9223771684397034e-07
0.11529998708752226,3.931207033814245e-07,5.311666650569434e-07,6.077210169757834e-07,9.14562814072558e-07,3.812180035381327e-09,3.8930852334604327e-07,3.719249838966924e-08,5.705285185861141e-07
0.11539998708499627,8.108716721838757e-07,1.1141252328683605e-06,6.653786855456212e-07,6.832557022591173e-07,2.3420719504866906e-08,7.874509526790086e-07,6.261649904522173e-08,6.027621865003996e-07
0.11549998708247027,6.916958083062263e-07,8.577964876351674e-07,4.295116893505235e-07,4.103157812677628e-07,1.801801718198203e-08,6.736777911242442e-07,1.1275087773062251e-07,3.167608116199009e-07
0.11559998707994426,4.1827493321955623e-07,3.47574193343738e-07,6.165880637475565e-07,8.703684620897077e-07,3.622331278280702e-08,3.820516204367493e-07,1.3147271068706634e-07,4.851153530604901e-07
0.11569998707741826,4.477426829547103e-07,4.145482446265112e-07,6.794381444872402e-07,6.903506421083373e-07,1.822659380429292e-08,4.2951608915041733e-07,1.5633487150302196e-07,5.231032729842182e-07
0.11579998707489227,4.606392555362214e-07,5.179350440127112e-07,7.160421100446931e-07,7.346805792812815e-07,3.254601586782035e-08,4.2809323966840107e-07,1.6287208599530714e-09,7.144133891847402e-07
0.11589998707236626,7.496813911403231e-07,7.109270402899999e-07,6.336831995984592e-07,6.805487853257793e-07,9.53045035489655e-08,6.543768875913577e-07,2.5296222580570267e-09,6.311535773404018e-07
0.11599998706984026,3.7351385740608917e-07,2.6588348249748323e-07,7.122255472279146e-07,3.5989896979831797e-07,2.529621496705201e-09,3.709842359093839e-07,3.0450447346144234e-08,6.817750998817704e-07
0.11609998706731427,9.071480745778485e-07,1.462765095908582e-06,3.719520522101726e-07,3.915160981641611e-07,2.039139367733041e-07,7.032341378045443e-07,1.5502594506382706e-08,3.5644945770378986e-07
0.11619998706478826,3.8548755530980687e-07,3.6074237347066626e-07,3.681794433094155e-07,4.55609056171759e-07,1.621621748162166e-09,3.8386593356164476e-07,3.8121800064367175e-09,3.6436726330297876e-07
0.11629998706226226,4.787282502280083e-07,7.103551542000318e-07,5.133884457107649e-07,6.455829309035168e-07,2.2709800447697814e-08,4.560184497803106e-07,7.643087931238203e-08,4.36957566398383e-07
0.11639998705973627,3.8965908175253886e-07,3.489315791398642e-07,7.139563612242845e-07,5.460982349849125e-07,1.4594593928918926e-08,3.750644878236199e-07,1.893274495569594e-07,5.246289116673251e-07
0.11649998705721026,4.041444833538769e-07,4.3180150898782195e-07,4.4371313019255554e-07,5.433909734219432e-07,2.342071951991414e-08,3.807237638339629e-07,4.4172537521546895e-08,3.995405926710087e-07
0.11659998705468426,9.506752391143079e-07,9.792942154230089e-07,6.321653604699668e-07,7.295557749690795e-07,2.882882762666667e-09,9.477923563516411e-07,8.02440674937254e-08,5.519212929762414e-07
0.11669998705215827,3.552118762729996e-07,4.072143272978432e-07,5.998749216278256e-07,3.055106113709853e-07,9.793621227697564e-09,3.4541825504530213e-07,3.7908827020844104e-09,5.960840389257412e-07
0.11679998704963226,4.0234268488906535e-07,2.919455769495861e-07,3.45563945473161e-07,2.8366962464589614e-07,2.2766593606712118e-08,3.7957609128235316e-07,1.0539459070452228e-07,2.4016935476863867e-07
0.11689998704710626,3.9160286555586855e-07,3.9161088787328365e-07,5.888511213712783e-07,7.249555140500324e-07,1.5163530900378005e-08,3.764393346554905e-07,1.8018017381985028e-10,5.886709411974584e-07
0.11699998704458026,8.260940119411976e-07,6.324694619447333e-07,4.747697087538094e-07,4.578335406874615e-07,2.997379747738645e-08,7.961202144638111e-07,2.882882747531532e-09,4.718868260062779e-07
0.11709998704205427,5.169210547751696e-07,3.985611333661063e-07,6.790832142929375e-07,5.897269139945396e-07,3.2868178566191786e-08,4.840528762089777e-07,3.430962050551608e-08,6.447735937874213e-07
0.11719998703952826,5.202406975575125e-07,3.919367557214619e-07,4.39186651879134e-07,3.9368988929970386e-07,4.151682696464425e-08,4.787238705928683e-07,8.892720450069991e-09,4.3029393142906384e-07
0.11729998703700226,5.601642960560874e-07,4.842883092762969e-07,6.944204927564047e-07,7.16993734202305e-07,3.4082448073860185e-08,5.260818479822272e-07,5.0978481864930356e-08,6.434420108914742e-07
0.11739998703447627,3.642918724059994e-07,4.3428153230739746e-07,7.179149027989707e-07,8.117909301907471e-07,8.136503799896195e-09,3.561553686061032e-07,9.152071302785839e-08,6.263941897711124e-07
0.11749998703195026,6.55659787366828e-07,5.980643876072141e-07,3.6386592650483236e-07,3.0737861661325784e-07,9.342731213206596e-08,5.622324752347619e-07,2.3356827304764615e-08,3.4050909920006774e-07
0.11759998702942426,7.104237252550308e-07,7.775170418017528e-07,7.194327486236791e-07,7.741244708376093e-07,1.5163531002814004e-08,6.952601942522167e-07,7.322853625002407e-08,6.462042123736549e-07
0.11769998702689827,5.956323891648323e-07,7.891342581805224e-07,4.331862703656635e-07,7.552560932353281e-07,1.8226593102108582e-08,5.774057960627238e-07,5.829217490671723e-08,3.7489409545894635e-07
0.11779998702437226,2.788972849974686e-07,2.829892737252368e-07,7.524330993975988e-07,7.691846263868408e-07,2.1014485604823315e-08,2.578827993926452e-07,6.660006659272291e-08,6.858330328048759e-07
0.11789998702184626,4.257661040284546e-07,3.40893821264562e-07,3.627030469572837e-07,4.890572590801432e-07,2.342071958564367e-08,4.0234538444281097e-07,2.5296215184063997e-09,3.601734254388772e-07
0.11799998701932027,2.1000287378201377e-07,1.6228661426716426e-07,5.745787098989169e-07,5.094563908622963e-07,6.099488029511035e-08,1.490079934869034e-07,7.322853625937e-08,5.013501736395469e-07
0.11809998701679426,8.105167003466938e-07,8.160560155325959e-07,5.695992370804195e-07,6.91102169063919e-07,4.417253690699316e-08,7.663441634397007e-07,1.4877000715729455e-07,4.208292299231251e-07
0.11819998701426826,5.729188982404981e-07,4.40351757221118e-07,5.881412365492886e-07,5.138410885913593e-07,1.5163531375767415e-08,5.577553668647305e-07,4.7282591293117756e-08,5.408586452561708e-07
0.11829998701174227,6.980241130893456e-07,5.608185223049401e-07,7.452529411625714e-07,6.977170649403437e-07,8.892720338342247e-09,6.891313927510033e-07,1.1004817504489081e-07,6.352047661176806e-07
0.11839998700921626,4.769974564417131e-07,4.5534376088772757e-07,5.095718693190804e-07,4.457757075776846e-07,9.962882447000508e-08,3.77368631971708e-07,1.4708179521030843e-08,4.948636897980495e-07
0.11849998700669026,5.06110244447839e-07,5.896091706285614e-07,7.09331860273312e-07,6.101628071012841e-07,1.2460827777635286e-08,4.936494166702037e-07,3.430962006576139e-08,6.750222402075506e-07
0.11859998700416426,3.2256647232419797e-07,2.3514162419894733e-07,4.2431926054313885e-07,2.63075304332555e-07,1.1531531015495505e-08,3.110349413087024e-07,6.09948802286572e-08,3.633243803144816e-07
0.11869998700163827,3.6407889618037083e-07,3.1094623030284927e-07,5.314774538995102e-07,4.799106177670538e-07,4.0718014865913165e-08,3.233608813144576e-07,7.322853732984041e-08,4.5824891656966984e-07
0.11879998699911226,5.397055515201428e-07,5.491254694294649e-07,5.2550411412469e-07,6.402518081549428e-07,8.237682563253812e-08,4.5732872588760473e-07,2.1328330402584065e-07,3.1222081009884943e-07
0.11889998699658626,4.096918703580041e-07,4.635003220599536e-07,4.226594408242196e-07,3.1945202535820595e-07,2.5296213069799806e-09,4.0716224905102416e-07,5.4489799373599206e-08,3.6816964145062027e-07
0.11899998699406027,6.356979878828111e-07,6.390354833954402e-07,1.82975847960212e-07,1.3797517426861811e-07,5.2536215746939754e-09,6.304443663081172e-07,3.812179994788758e-09,1.7916366796542318e-07
0.11909998699153426,5.874042949092834e-07,5.116555254176045e-07,6.109696992334042e-07,4.37960825677756e-07,7.372817682068227e-08,5.136761180886013e-07,1.2788601166953777e-07,4.830836875638665e-07
0.11919998698900826,4.3873365741744525e-07,6.788386202051752e-07,4.094788974350551e-07,3.3073970316061374e-07,4.352719859082861e-09,4.343809375583624e-07,1.0233152646832554e-07,3.071473709667295e-07
0.11929998698648227,4.3205042455909057e-07,2.791223659742888e-07,5.289657356458415e-07,3.907673553408073e-07,1.0984330734867795e-07,3.2220711721041256e-07,1.808508743318276e-07,3.48114861314014e-07
0.11939998698395626,7.800990474793091e-07,8.416146060315383e-07,8.763754395893247e-07,7.061219784145988e-07,5.412504617042324e-09,7.746865428622669e-07,3.430961803850955e-08,8.420658215508152e-07
0.11949998698143026,2.1353548620953814e-07,1.5013203810715858e-07,7.557527388491142e-07,8.229070745708914e-07,6.024406940807499e-08,1.5329141680146312e-07,2.470425776468363e-07,5.087101612022779e-07
0.11959998697890427,3.447560208462256e-07,2.9935062618490585e-07,3.8944610557314007e-07,2.6717684350343644e-07,3.3408719180300913e-08,3.1134730166592475e-07,3.411794526595586e-08,3.553281603071842e-07
0.11969998697637826,2.4279025953868654e-07,2.676301496674368e-07,4.966043023328415e-07,4.218408331779693e-07,4.450179979295071e-08,1.9828845974573583e-07,9.79362116448291e-09,4.868106811683586e-07
0.11979998697385226,7.366428333362598e-07,8.124904363335327e-07,2.828558434569874e-07,4.526690377945858e-07,2.165001776086304e-08,7.14992815575397e-07,9.793621190695075e-09,2.730622222662923e-07
0.11989998697132627,4.0386052271313997e-07,3.030276485555248e-07,2.9179386100339075e-07,4.4122255160571603e-07,8.892720324909802e-09,3.9496780238823016e-07,2.335682777281865e-08,2.684370332305721e-07
0.11999998696880027,4.5148826828631174e-07,4.6361591669448213e-07,5.096428433864563e-07,7.407100939697143e-07,3.71925028190577e-08,4.1429576546725407e-07,1.5417270954486158e-07,3.554701338415948e-07
0.12009998696627426,3.252471942652139e-07,2.979848225613166e-07,8.410763488512099e-07,5.969001476158181e-07,5.412503594941306e-09,3.198346906702727e-07,2.5296213183411686e-09,8.385467275328689e-07
0.12019998696374826,3.8584250541971975e-07,3.086416926343062e-07,6.436860805772897e-07,7.052606523172906e-07,7.354799668053364e-08,3.1229450873918606e-07,1.2139952240204985e-07,5.222865581752397e-07
0.12029998696122227,7.759275330311401e-07,5.581106961593087e-07,3.914608801836168e-07,3.01068214726197e-07,2.669164926612078e-07,5.090110403699323e-07,7.207205527207304e-10,3.9074015963089604e-07
0.12039998695869626,4.992850195161601e-07,3.4947211479574104e-07,5.929516853851158e-07,4.0613517435066727e-07,4.047394335772291e-08,4.588110761584371e-07,1.358139398670187e-07,4.57137745518097e-07
0.12049998695617026,4.2865979877866313e-07,3.6064774652111983e-07,5.367408601244076e-07,7.438152510938944e-07,1.8926017845715866e-08,4.097337809329473e-07,1.0118486707041562e-08,5.266223734173661e-07
0.12059998695364427,3.405844895452791e-07,2.3868556222120607e-07,3.333062882555061e-07,2.752065994077498e-07,7.207206869549558e-10,3.398637688583241e-07,1.550259330014867e-08,3.178036949553575e-07
0.12069998695111826,2.8740936148719584e-07,2.985929132544851e-07,7.685073328837253e-07,7.151710305194835e-07,1.2439531503716043e-08,2.7496982998347973e-07,7.207205535135541e-10,7.677866123302118e-07
0.12079998694859226,4.221624971337504e-07,2.757623147487943e-07,4.544529528871937e-07,3.324892150783535e-07,1.4658485822873265e-08,4.0750401131087703e-07,4.737488080317092e-08,4.0707807208402277e-07
0.12089998694606627,3.9442556476361473e-07,2.638286486429768e-07,4.853675258539087e-07,6.865875752547485e-07,2.7204502946356965e-08,3.672210618172578e-07,5.3320823722638196e-08,4.320467021312707e-07
0.12099998694354026,5.252201569099858e-07,3.464679588903019e-07,4.0947889759628595e-07,5.273584567288098e-07,7.570406871824825e-08,4.495160881917375e-07,6.486485805297314e-09,4.029924117909886e-07
0.12109998694101426,3.841116913967001e-07,3.581262702967745e-07,6.889440932802154e-07,7.072185947179344e-07,2.165001638610674e-08,3.624616750105932e-07,1.1531530480864918e-08,6.774125627993506e-07
0.12119998693848827,8.124604841539875e-07,7.617232549887451e-07,4.509913280424388e-07,4.2874510266038796e-07,1.7410880484680836e-08,7.95049603669307e-07,5.9286374527240455e-08,3.917049535151982e-07
0.12129998693596226,7.182698611777686e-07,7.9391566919721e-07,7.087639291156789e-07,4.4598313730506376e-07,4.4501798163866947e-08,6.737680630139017e-07,1.8226593184004313e-08,6.905373359316744e-07
0.12139998693343626,4.222334915286081e-07,5.27632553916333e-07,4.974832179287023e-07,6.293449838715396e-07,3.8121800691561216e-09,4.1842131145945206e-07,5.2072070887891925e-08,4.4541114704081036e-07
0.12149998693091027,3.557088131304796e-07,4.922058057273954e-07,5.004918494149253e-07,6.954579340762064e-07,1.7410882127979808e-08,3.382979310024998e-07,1.1148961308033628e-07,3.8900223633458904e-07
0.12159998692838427,3.6962628667318e-07,4.6447656469406e-07,5.605192543437675e-07,4.934185823244086e-07,9.793621015751626e-09,3.5983266565742837e-07,7.394486174650309e-09,5.531247681691172e-07
0.12169998692585826,4.820479032954743e-07,6.20698876349008e-07,6.559437377641336e-07,8.826884207116747e-07,2.529621714006997e-09,4.795182815814675e-07,7.613001187878662e-08,5.798137258853469e-07
0.12179998692333226,3.694133137296035e-07,2.3594314487452033e-07,5.985700635203471e-07,3.9104579932951906e-07,9.342731034137934e-08,2.759860033882242e-07,4.423548634244875e-07,1.5621520009585968e-07
0.12189998692080627,5.145513252038763e-07,5.582315023100821e-07,5.893480650482509e-07,9.217134041701466e-07,5.811199734282883e-08,4.5643932786104745e-07,1.1054883406824054e-08,5.782931816414268e-07
0.12199998691828026,4.239643021869033e-07,2.698018520409173e-07,3.864814243619709e-07,3.6864142415566287e-07,2.270980004289543e-08,4.012545021440079e-07,4.728259242078638e-08,3.391988319411845e-07
0.12209998691575426,3.8562953248321026e-07,3.2190728139010884e-07,3.7870628963768766e-07,2.2939645762717934e-07,2.9122593288605074e-08,3.565069391946051e-07,9.530450037617169e-08,2.8340178926151596e-07
0.12219998691322827,5.096428602256334e-07,6.450563909767571e-07,7.801970696775722e-07,4.5803969676122163e-07,3.790882725716206e-09,5.058519774999173e-07,2.6853943951126985e-08,7.533431257264451e-07
0.12229998691070226,5.885671810751403e-07,5.604456647227012e-07,4.261920497451006e-07,4.812453965162066e-07,1.8226593775571856e-08,5.703405872995685e-07,2.3420719560896448e-08,4.027713301842043e-07
0.12239998690817626,3.748187222364502e-07,2.5280565324869947e-07,4.30816554211405e-07,5.166469550072683e-07,1.8226593773509827e-08,3.5659212846294044e-07,1.0233152651253037e-07,3.284850276988746e-07
0.12249998690565027,3.4188935438681135e-07,3.993363167794523e-07,5.962713181869815e-07,5.058989309240219e-07,4.34873133340515e-08,2.984020410527598e-07,8.003448274928291e-08,5.162368354376986e-07
0.12259998690312426,7.251931006111394e-07,7.701630181638086e-07,4.5502087734248487e-07,6.03816092877688e-07,2.5296209654553926e-09,7.226634796456842e-07,8.00344825057273e-08,3.7498639483675753e-07
0.12269998690059826,2.773084563144483e-07,2.956073414489782e-07,8.177239241102493e-07,1.0392253844598774e-06,4.8645943780620663e-08,2.2866251253382768e-07,2.3356828252394636e-08,7.943670958578546e-07
0.12279998689807227,4.5070736076268985e-07,3.525688979928437e-07,2.4812467054937755e-07,2.546684490922388e-07,8.892720326603497e-09,4.4181464043608634e-07,8.136503805943587e-09,2.399881667434339e-07
0.12289998689554626,1.1010766906919553e-06,6.530918011188627e-07,6.348460944711541e-07,7.54559677353018e-07,3.812179343705848e-09,1.0972645113482497e-06,9.24216177729704e-08,5.424244766981837e-07
0.12299998689302026,4.731098686557135e-07,6.548852029528928e-07,4.785862817197818e-07,5.005371540141049e-07,1.8226592497711862e-08,4.5488327615800164e-07,1.7000827629073472e-08,4.6158545409070825e-07
0.12309998689049426,4.801041195382709e-07,4.5252594879868167e-07,5.462028598992727e-07,3.818232675394009e-07,1.8926016517857546e-08,4.611781030204133e-07,1.5970352433844144e-07,3.8649933556083126e-07
0.12319998688796827,5.862684437403935e-07,3.9896204519889104e-07,7.080540132111291e-07,8.52628451950742e-07,2.4321620938357812e-08,5.619468228020359e-07,3.812180026833789e-09,7.042418331842953e-07
0.12329998688544226,3.70860160496698e-07,2.2865336477486908e-07,9.555837209467988e-07,7.665940130988467e-07,5.8015313718676404e-08,3.128448467780215e-07,4.7250004259576663e-07,4.830836783510324e-07
0.12339998688291626,5.197437574491686e-07,3.6803473504630244e-07,1.9371566392395268e-07,2.423700374518448e-07,1.628720519205862e-09,5.181150369299626e-07,7.3944857681124505e-09,1.8632117815584022e-07
0.12349998688039027,2.73349897985954e-07,1.593174155220691e-07,2.7370485292354426e-07,2.554705332804186e-07,4.7282592585664225e-08,2.2606730540028975e-07,2.619001687655046e-08,2.475148360469937e-07
0.12359998687786426,4.801041229376368e-07,4.1254556082648717e-07,2.422223365609997e-07,2.8056263743952815e-07,6.251001520569851e-08,4.1759410773193837e-07,2.5296217015620573e-09,2.396927148594377e-07
0.12369998687533826,4.90701953548208e-07,4.02026441652103e-07,6.957253541093418e-07,7.453470866648246e-07,5.2536209797273875e-09,4.854483325684807e-07,1.0118486288498698e-08,6.856068678208433e-07
0.12379998687281227,5.408684411462896e-07,5.26969941286669e-07,4.6936429139167943e-07,6.907776946352603e-07,3.045044821398204e-08,5.104179929323076e-07,1.4594594555837875e-08,4.547696968358416e-07
0.12389998687028626,3.735138404655338e-07,7.35244052001708e-07,6.589794200020176e-07,3.694268442803079e-07,9.736828036121882e-09,3.63777012429412e-07,1.042381182048656e-07,5.54741301797152e-07
0.12399998686776026,3.4440106585161157e-07,3.3165166184902996e-07,5.632709592547369e-07,4.492564684062216e-07,2.720450327559363e-08,3.171965625760179e-07,8.024406581363216e-08,4.830268934411048e-07
0.12409998686523427,4.2187853654773475e-07,2.409414554255015e-07,4.516302334025598e-07,7.193071443104173e-07,8.507952834732639e-08,3.367990082004083e-07,3.2868176677863875e-08,4.1876205672469594e-07
0.12419998686270826,6.992579836116424e-07,6.435822061032571e-07,5.175160177827824e-07,5.54823657105421e-07,1.1148961684149504e-07,5.877683667701473e-07,9.793620983144047e-09,5.077223967996383e-07
0.12429998686018226,6.125585326531812e-07,4.3336053990260763e-07,4.7635853411717323e-07,3.11827902736248e-07,4.975812390665262e-08,5.628004087465284e-07,3.6223312792706894e-08,4.401352213244663e-07
0.12439998685765627,5.19175832871198e-07,5.262238434950869e-07,3.90396005398524e-07,2.956971404364822e-07,3.423153001118855e-08,4.849443028600095e-07,2.2766591173955527e-08,3.676294142245685e-07
0.12449998685513027,4.181329545566736e-07,3.5844148364918104e-07,6.338252017307091e-07,3.9524571885137206e-07,7.298006883184205e-08,3.451528857248316e-07,4.4501800594328356e-08,5.893234011363807e-07
0.12459998685260426,3.763365532917896e-07,3.6074019219960177e-07,5.008468246296003e-07,4.68463351264705e-07,7.881412258534696e-08,2.975224307064427e-07,1.7410882164343485e-08,4.834359424652569e-07
0.12469998685007826,3.4620286428827525e-07,2.845789345617967e-07,5.238443010853871e-07,4.546632558327905e-07,1.1054882176067945e-08,3.3514798211220716e-07,5.253621395319939e-09,5.185906796900671e-07
0.12479998684755227,5.359599526289338e-07,7.401274961077486e-07,6.451329273387986e-07,6.52503022123948e-07,6.3240533964971e-08,4.727194186639629e-07,1.3147271078981104e-07,5.136602165489874e-07
0.12489998684502626,3.065632297904372e-07,2.4852158434094493e-07,5.961293442478826e-07,5.799932122712984e-07,4.5212718708184314e-08,2.6135051108225293e-07,8.50795276871387e-08,5.110498165607438e-07
