time_after_trigger_s,time_after_release_s,Vc_V,Vr_V,q_C,I_A,E_J
-0.500000027374999,-0.507200027374999,0.0,-0.00400000019,0.0,0.00018018018873873875,7.207207891891909e-10
-0.499600027385099,-0.506800027385099,0.0160000008,0.0200000014,7.2640003632e-06,-0.0009009009639639639,7.613002635174078e-08
-0.49920002739519903,-0.5064000273951991,0.0,-0.00400000019,0.0,0.00018018018873873875,7.207207891891909e-10
-0.498800027405299,-0.506000027405299,0.0,0.0120000001,0.0,-0.0005405405450450451,6.486486594594596e-09
-0.498400027415399,-0.505600027415399,0.0,0.0,0.0,-0.0,0.0
-0.49800002742549904,-0.5052000274254991,0.00800000038,0.00800000038,3.6320001725199998e-06,-0.0003603603774774775,1.7410884536916797e-08
-0.497600027435599,-0.504800027435599,0.0,-0.00400000019,0.0,0.00018018018873873875,7.207207891891909e-10
-0.497200027445699,-0.504400027445699,0.0,0.00800000038,0.0,-0.0003603603774774775,2.8828831567567637e-09
-0.496800027455799,-0.504000027455799,0.0,0.0120000001,0.0,-0.0005405405450450451,6.486486594594596e-09
-0.496400027465899,-0.503600027465899,0.0,-0.0200000014,0.0,0.0009009009639639639,1.801802054054063e-08
-0.49600002747599903,-0.503200027475999,0.1440000087,0.0160000008,6.537600394979999e-05,-0.0007207207567567568,4.7186041014559015e-06
-0.495600027486099,-0.502800027486099,0.1360000074,0.00800000038,6.17440033596e-05,-0.0003603603774774775,4.201475340062369e-06
-0.495200027496199,-0.502400027496199,0.32000002265,0.03200000152,0.0001452800102831,-0.00144144150990991,2.329092942110022e-05
-0.49480002750629903,-0.502000027506299,0.36800003052,-0.068000003695,0.00016707201385608,0.003063063229504505,3.094954140996198e-05
-0.494400027516399,-0.501600027516399,0.36000001431,0.092000007629,0.00016344000649674,-0.004144144487792793,2.980046366331906e-05
-0.494000027526499,-0.5012000275264991,0.36000001431,0.088000006974,0.00016344000649674,-0.003963964278108108,2.9768031222944644e-05
-0.49360002753659904,-0.500800027536599,0.35200002789,0.1080000028,0.00015980801266205998,-0.004864864990990991,2.8651617889693943e-05
-0.493200027546699,-0.500400027546699,0.544000029564,0.1440000087,0.000246976013422056,-0.006486486878378378,6.811153346851756e-05
-0.492800027556799,-0.5000000275567991,1.008,0.16400000453,0.00045763199999999997,-0.007387387591441441,0.00023185805959846127
-0.492400027566899,-0.499600027566899,1.016,0.22000001371,0.00046126399999999997,-0.009909910527477478,0.00023650229245190992
-0.492000027576999,-0.499200027576999,1.016,0.26800000668,0.00046126399999999997,-0.012072072372972973,0.0002375574274765982
-0.49160002758709903,-0.498800027587099,1.0,0.30400002003,0.000454,-0.013693694595945946,0.00023116288343145227
-0.491200027597199,-0.498400027597199,1.016,0.34400001168,0.00046126399999999997,-0.015495496021621622,0.00023965256281242525
-0.490800027607299,-0.498000027607299,1.016,0.36400002241,0.00046126399999999997,-0.016396397405855856,0.0002402904010231748
-0.49040002761739904,-0.497600027617399,1.016,0.39200001955,0.00046126399999999997,-0.01765765853828829,0.00024124391449221625
-0.490000027627499,-0.497200027627499,1.008,0.404000014067,0.00045763199999999997,-0.018198198831846847,0.00023799860058406022
-0.489600027637599,-0.496800027637599,1.016,0.428000032902,0.00046126399999999997,-0.019279280761351353,0.00024257364480018527
-0.489200027647699,-0.49640002764769897,1.016,0.432000011206,0.00046126399999999997,-0.019459459964234236,0.00024272859892261192
-0.488800027657799,-0.496000027657799,1.016,0.448000013828,0.00046126399999999997,-0.020180180803063063,0.0002433628332788238
-0.48840002766789903,-0.495600027667899,1.008,0.436000019312,0.00045763199999999997,-0.01963964050954955,0.00023920941164144437
-0.488000027677999,-0.495200027677999,1.016,0.464000016451,0.00046126399999999997,-0.020900901641936937,0.00024402013070569948
-0.487600027688099,-0.494800027688099,1.016,0.460000008345,0.00046126399999999997,-0.02072072109662162,0.00024385364387736038
-0.48720002769819903,-0.494400027698199,1.016,0.468000024557,0.00046126399999999997,-0.021081082187252253,0.0002441880589813222
-0.486800027708299,-0.494000027708299,1.0,0.468000024557,0.000454,-0.021081082187252253,0.0002368659469813222
-0.486400027718399,-0.493600027718399,1.008,0.476000010967,0.00045763199999999997,-0.021441441935450452,0.00024085265459642273
-0.48600002772849904,-0.493200027728499,1.016,0.488000035286,0.00046126399999999997,-0.021981983571441443,0.0002450493207585197
-0.485600027738599,-0.492800027738599,1.008,0.472000032663,0.00045763199999999997,-0.02126126273256757,0.00024068184470422854
-0.485200027748699,-0.492400027748699,1.016,0.476000010967,0.00046126399999999997,-0.021441441935450452,0.0002445282385964227
-0.484800027758799,-0.492000027758799,1.008,0.48400002718,0.00045763199999999997,-0.021801803026126127,0.00024119860125721806
-0.484400027768899,-0.491600027768899,1.016,0.488000035286,0.00046126399999999997,-0.021981983571441443,0.0002450493207585197
-0.48400002777899903,-0.491200027778999,1.0,0.480000019073,0.000454,-0.021621622480765768,0.00023737837920315675
-0.483600027789099,-0.490800027789099,1.008,0.48400002718,0.00045763199999999997,-0.021801803026126127,0.00024119860125721806
-0.483200027799199,-0.490400027799199,1.016,0.49200001359,0.00046126399999999997,-0.022162162774324326,0.00024522589638615135
-0.48280002780929904,-0.490000027809299,1.024,0.488000035286,0.00046489599999999996,-0.021981983571441443,0.00024875396075851967
-0.482400027819399,-0.489600027819399,1.008,0.488000035286,0.00045763199999999997,-0.021981983571441443,0.00024137373675851972
-0.482000027829499,-0.489200027829499,1.008,0.476000010967,0.00045763199999999997,-0.021441441935450452,0.00024085265459642273
-0.481600027839599,-0.48880002783959897,1.008,0.488000035286,0.00045763199999999997,-0.021981983571441443,0.00024137373675851972
-0.481200027849699,-0.488400027849699,1.0,0.476000010967,0.000454,-0.021441441935450452,0.0002372061265964227
-0.48080002785979903,-0.488000027859799,1.008,0.480000019073,0.00045763199999999997,-0.021621622480765768,0.00024102490720315678
-0.480400027869899,-0.487600027869899,1.016,0.488000035286,0.00046126399999999997,-0.021981983571441443,0.0002450493207585197
-0.480000027879999,-0.487200027879999,1.016,0.48400002718,0.00046126399999999997,-0.021801803026126127,0.00024487418525721805
-0.47960002789009903,-0.486800027890099,1.008,0.496000021696,0.00045763199999999997,-0.022342343319639642,0.00024172833077128075
-0.479200027900199,-0.486400027900199,1.008,0.468000024557,0.00045763199999999997,-0.021081082187252253,0.0002405124749813222
-0.478800027910299,-0.486000027910299,1.008,0.49200001359,0.00045763199999999997,-0.022162162774324326,0.0002415503123861514
-0.478400027920399,-0.48560002792039897,1.008,0.480000019073,0.00045763199999999997,-0.021621622480765768,0.00024102490720315678
-0.478000027930499,-0.485200027930499,1.008,0.476000010967,0.00045763199999999997,-0.021441441935450452,0.00024085265459642273
-0.477600027940599,-0.484800027940599,1.024,0.496000021696,0.00046489599999999996,-0.022342343319639642,0.0002491085547712807
-0.477200027950699,-0.484400027950699,1.016,0.48400002718,0.00046126399999999997,-0.021801803026126127,0.00024487418525721805
-0.476800027960799,-0.484000027960799,1.008,0.488000035286,0.00045763199999999997,-0.021981983571441443,0.00024137373675851972
-0.47640002797089903,-0.483600027970899,1.016,0.48400002718,0.00046126399999999997,-0.021801803026126127,0.00024487418525721805
-0.476000027980999,-0.483200027980999,1.016,0.49200001359,0.00046126399999999997,-0.022162162774324326,0.00024522589638615135
-0.475600027991099,-0.482800027991099,1.008,0.48400002718,0.00045763199999999997,-0.021801803026126127,0.00024119860125721806
-0.47520002800119904,-0.482400028001199,1.008,0.48400002718,0.00045763199999999997,-0.021801803026126127,0.00024119860125721806
-0.474800028011299,-0.482000028011299,1.008,0.488000035286,0.00045763199999999997,-0.021981983571441443,0.00024137373675851972
-0.474400028021399,-0.481600028021399,1.016,0.488000035286,0.00046126399999999997,-0.021981983571441443,0.0002450493207585197
-0.474000028031499,-0.48120002803149897,1.016,0.496000021696,0.00046126399999999997,-0.022342343319639642,0.00024540391477128075
-0.473600028041599,-0.480800028041599,1.016,0.488000035286,0.00046126399999999997,-0.021981983571441443,0.0002450493207585197
-0.47320002805169903,-0.480400028051699,1.016,0.48400002718,0.00046126399999999997,-0.021801803026126127,0.00024487418525721805
-0.472800028061799,-0.480000028061799,1.008,0.488000035286,0.00045763199999999997,-0.021981983571441443,0.00024137373675851972
-0.472400028071899,-0.479600028071899,1.016,0.496000021696,0.00046126399999999997,-0.022342343319639642,0.00024540391477128075
-0.47200002808199903,-0.479200028081999,1.008,0.48400002718,0.00045763199999999997,-0.021801803026126127,0.00024119860125721806
-0.471600028092099,-0.478800028092099,1.016,0.496000021696,0.00046126399999999997,-0.022342343319639642,0.00024540391477128075
-0.471200028102199,-0.478400028102199,1.008,0.488000035286,0.00045763199999999997,-0.021981983571441443,0.00024137373675851972
-0.470800028112299,-0.47800002811229897,1.016,0.496000021696,0.00046126399999999997,-0.022342343319639642,0.00024540391477128075
-0.470400028122399,-0.477600028122399,1.016,0.488000035286,0.00046126399999999997,-0.021981983571441443,0.0002450493207585197
-0.470000028132499,-0.477200028132499,1.016,0.480000019073,0.00046126399999999997,-0.021621622480765768,0.0002447004912031568
-0.469600028142599,-0.476800028142599,1.016,0.496000021696,0.00046126399999999997,-0.022342343319639642,0.00024540391477128075
-0.469200028152699,-0.476400028152699,1.016,0.496000021696,0.00046126399999999997,-0.022342343319639642,0.00024540391477128075
-0.46880002816279903,-0.476000028162799,1.024,0.496000021696,0.00046489599999999996,-0.022342343319639642,0.0002491085547712807
-0.468400028172899,-0.475600028172899,1.008,0.476000010967,0.00045763199999999997,-0.021441441935450452,0.00024085265459642273
-0.468000028182999,-0.475200028182999,1.016,0.496000021696,0.00046126399999999997,-0.022342343319639642,0.00024540391477128075
-0.46760002819309904,-0.474800028193099,1.008,0.488000035286,0.00045763199999999997,-0.021981983571441443,0.00024137373675851972
-0.467200028203199,-0.474400028203199,1.008,0.480000019073,0.00045763199999999997,-0.021621622480765768,0.00024102490720315678
-0.466800028213299,-0.474000028213299,1.016,0.5,0.00046126399999999997,-0.022522522522522525,0.00024558337326126126
-0.466400028223399,-0.47360002822339897,1.016,0.488000035286,0.00046126399999999997,-0.021981983571441443,0.0002450493207585197
-0.466000028233499,-0.473200028233499,1.008,0.488000035286,0.00045763199999999997,-0.021981983571441443,0.00024137373675851972
-0.46560002824359903,-0.472800028243599,1.016,0.48400002718,0.00046126399999999997,-0.021801803026126127,0.00024487418525721805
-0.465200028253699,-0.472400028253699,1.016,0.488000035286,0.00046126399999999997,-0.021981983571441443,0.0002450493207585197
-0.464800028263799,-0.472000028263799,1.016,0.49200001359,0.00046126399999999997,-0.022162162774324326,0.00024522589638615135
-0.46440002827389903,-0.471600028273899,1.024,0.496000021696,0.00046489599999999996,-0.022342343319639642,0.0002491085547712807
-0.464000028283999,-0.471200028283999,1.008,0.488000035286,0.00045763199999999997,-0.021981983571441443,0.00024137373675851972
-0.463600028294099,-0.470800028294099,1.016,0.496000021696,0.00046126399999999997,-0.022342343319639642,0.00024540391477128075
-0.463200028304199,-0.47040002830419897,1.008,0.49200001359,0.00045763199999999997,-0.022162162774324326,0.0002415503123861514
-0.462800028314299,-0.470000028314299,1.0,0.476000010967,0.000454,-0.021441441935450452,0.0002372061265964227
-0.462400028324399,-0.469600028324399,1.016,0.488000035286,0.00046126399999999997,-0.021981983571441443,0.0002450493207585197
-0.462000028334499,-0.469200028334499,1.0,0.476000010967,0.000454,-0.021441441935450452,0.0002372061265964227
-0.461600028344599,-0.468800028344599,1.008,0.476000010967,0.00045763199999999997,-0.021441441935450452,0.00024085265459642273
-0.46120002835469903,-0.468400028354699,1.008,0.488000035286,0.00045763199999999997,-0.021981983571441443,0.00024137373675851972
-0.460800028364799,-0.468000028364799,1.008,0.488000035286,0.00045763199999999997,-0.021981983571441443,0.00024137373675851972
-0.460400028374899,-0.467600028374899,1.016,0.488000035286,0.00046126399999999997,-0.021981983571441443,0.0002450493207585197
-0.46000002838499904,-0.467200028384999,1.016,0.49200001359,0.00046126399999999997,-0.022162162774324326,0.00024522589638615135
-0.459600028395099,-0.466800028395099,1.024,0.49200001359,0.00046489599999999996,-0.022162162774324326,0.00024893053638615133
-0.459200028405199,-0.466400028405199,1.008,0.480000019073,0.00045763199999999997,-0.021621622480765768,0.00024102490720315678
-0.458800028415299,-0.466000028415299,1.008,0.48400002718,0.00045763199999999997,-0.021801803026126127,0.00024119860125721806
-0.458400028425399,-0.465600028425399,1.008,0.48400002718,0.00045763199999999997,-0.021801803026126127,0.00024119860125721806
-0.45800002843549903,-0.465200028435499,1.008,0.496000021696,0.00045763199999999997,-0.022342343319639642,0.00024172833077128075
-0.457600028445599,-0.464800028445599,1.008,0.48400002718,0.00045763199999999997,-0.021801803026126127,0.00024119860125721806
-0.457200028455699,-0.464400028455699,1.008,0.48400002718,0.00045763199999999997,-0.021801803026126127,0.00024119860125721806
-0.45680002846579904,-0.464000028465799,1.008,0.48400002718,0.00045763199999999997,-0.021801803026126127,0.00024119860125721806
-0.456400028475899,-0.463600028475899,1.016,0.49200001359,0.00046126399999999997,-0.022162162774324326,0.00024522589638615135
-0.456000028485999,-0.463200028485999,1.008,0.496000021696,0.00045763199999999997,-0.022342343319639642,0.00024172833077128075
-0.455600028496099,-0.46280002849609897,1.016,0.48400002718,0.00046126399999999997,-0.021801803026126127,0.00024487418525721805
-0.455200028506199,-0.462400028506199,1.016,0.496000021696,0.00046126399999999997,-0.022342343319639642,0.00024540391477128075
-0.454800028516299,-0.462000028516299,1.008,0.488000035286,0.00045763199999999997,-0.021981983571441443,0.00024137373675851972
-0.454400028526399,-0.461600028526399,1.0320001,0.504000008106,0.0004685280454,-0.022702703067837837,0.0002532026573830207
-0.454000028536499,-0.461200028536499,1.016,0.48400002718,0.00046126399999999997,-0.021801803026126127,0.00024487418525721805
-0.45360002854659903,-0.460800028546599,1.0320001,0.496000021696,0.0004685280454,-0.022342343319639642,0.00025284229762408307
-0.453200028556699,-0.460400028556699,1.016,0.488000035286,0.00046126399999999997,-0.021981983571441443,0.0002450493207585197
-0.452800028566799,-0.460000028566799,1.008,0.480000019073,0.00045763199999999997,-0.021621622480765768,0.00024102490720315678
-0.45240002857689904,-0.459600028576899,1.016,0.496000021696,0.00046126399999999997,-0.022342343319639642,0.00024540391477128075
-0.452000028586999,-0.459200028586999,1.008,0.488000035286,0.00045763199999999997,-0.021981983571441443,0.00024137373675851972
-0.451600028597099,-0.458800028597099,1.016,0.480000019073,0.00046126399999999997,-0.021621622480765768,0.0002447004912031568
-0.451200028607199,-0.458400028607199,1.016,0.488000035286,0.00046126399999999997,-0.021981983571441443,0.0002450493207585197
-0.450800028617299,-0.458000028617299,1.016,0.49200001359,0.00046126399999999997,-0.022162162774324326,0.00024522589638615135
-0.45040002862739903,-0.457600028627399,1.016,0.48400002718,0.00046126399999999997,-0.021801803026126127,0.00024487418525721805
-0.450000028637499,-0.457200028637499,1.008,0.480000019073,0.00045763199999999997,-0.021621622480765768,0.00024102490720315678
-0.449600028647599,-0.456800028647599,1.016,0.48400002718,0.00046126399999999997,-0.021801803026126127,0.00024487418525721805
-0.44920002865769904,-0.456400028657699,1.016,0.48400002718,0.00046126399999999997,-0.021801803026126127,0.00024487418525721805
-0.448800028667799,-0.456000028667799,1.008,0.488000035286,0.00045763199999999997,-0.021981983571441443,0.00024137373675851972
-0.448400028677899,-0.455600028677899,1.016,0.480000019073,0.00046126399999999997,-0.021621622480765768,0.0002447004912031568
-0.448000028687999,-0.45520002868799897,1.008,0.488000035286,0.00045763199999999997,-0.021981983571441443,0.00024137373675851972
-0.447600028698099,-0.454800028698099,1.008,0.488000035286,0.00045763199999999997,-0.021981983571441443,0.00024137373675851972
-0.447200028708199,-0.454400028708199,1.008,0.48400002718,0.00045763199999999997,-0.021801803026126127,0.00024119860125721806
-0.446800028718299,-0.454000028718299,1.008,0.476000010967,0.00045763199999999997,-0.021441441935450452,0.00024085265459642273
-0.446400028728399,-0.453600028728399,1.008,0.48400002718,0.00045763199999999997,-0.021801803026126127,0.00024119860125721806
-0.44600002873849903,-0.453200028738499,1.008,0.488000035286,0.00045763199999999997,-0.021981983571441443,0.00024137373675851972
-0.445600028748599,-0.452800028748599,1.008,0.488000035286,0.00045763199999999997,-0.021981983571441443,0.00024137373675851972
-0.445200028758699,-0.452400028758699,1.016,0.48400002718,0.00046126399999999997,-0.021801803026126127,0.00024487418525721805
-0.444800028768799,-0.45200002876879897,1.008,0.476000010967,0.00045763199999999997,-0.021441441935450452,0.00024085265459642273
-0.444400028778899,-0.451600028778899,1.008,0.488000035286,0.00045763199999999997,-0.021981983571441443,0.00024137373675851972
-0.444000028788999,-0.451200028788999,1.008,0.48400002718,0.00045763199999999997,-0.021801803026126127,0.00024119860125721806
-0.443600028799099,-0.450800028799099,1.024,0.488000035286,0.00046489599999999996,-0.021981983571441443,0.00024875396075851967
-0.443200028809199,-0.450400028809199,1.008,0.49200001359,0.00045763199999999997,-0.022162162774324326,0.0002415503123861514
-0.44280002881929903,-0.450000028819299,1.016,0.5,0.00046126399999999997,-0.022522522522522525,0.00024558337326126126
-0.442400028829399,-0.449600028829399,1.008,0.48400002718,0.00045763199999999997,-0.021801803026126127,0.00024119860125721806
-0.442000028839499,-0.449200028839499,1.016,0.49200001359,0.00046126399999999997,-0.022162162774324326,0.00024522589638615135
-0.44160002884959904,-0.448800028849599,1.008,0.48400002718,0.00045763199999999997,-0.021801803026126127,0.00024119860125721806
-0.441200028859699,-0.448400028859699,1.016,0.488000035286,0.00046126399999999997,-0.021981983571441443,0.0002450493207585197
-0.440800028869799,-0.448000028869799,1.008,0.488000035286,0.00045763199999999997,-0.021981983571441443,0.00024137373675851972
-0.440400028879899,-0.44760002887989897,1.016,0.476000010967,0.00046126399999999997,-0.021441441935450452,0.0002445282385964227
-0.440000028889999,-0.447200028889999,1.008,0.476000010967,0.00045763199999999997,-0.021441441935450452,0.00024085265459642273
-0.439600028900099,-0.446800028900099,1.016,0.488000035286,0.00046126399999999997,-0.021981983571441443,0.0002450493207585197
-0.439200028910199,-0.446400028910199,1.016,0.5,0.00046126399999999997,-0.022522522522522525,0.00024558337326126126
-0.438800028920299,-0.446000028920299,1.016,0.480000019073,0.00046126399999999997,-0.021621622480765768,0.0002447004912031568
-0.43840002893039903,-0.445600028930399,1.016,0.496000021696,0.00046126399999999997,-0.022342343319639642,0.00024540391477128075
-0.438000028940499,-0.445200028940499,1.016,0.496000021696,0.00046126399999999997,-0.022342343319639642,0.00024540391477128075
-0.437600028950599,-0.444800028950599,1.016,0.49200001359,0.00046126399999999997,-0.022162162774324326,0.00024522589638615135
-0.437200028960699,-0.44440002896069897,1.016,0.48400002718,0.00046126399999999997,-0.021801803026126127,0.00024487418525721805
-0.436800028970799,-0.444000028970799,1.016,0.488000035286,0.00046126399999999997,-0.021981983571441443,0.0002450493207585197
-0.436400028980899,-0.443600028980899,1.008,0.488000035286,0.00045763199999999997,-0.021981983571441443,0.00024137373675851972
-0.436000028990999,-0.443200028990999,1.008,0.480000019073,0.00045763199999999997,-0.021621622480765768,0.00024102490720315678
-0.435600029001099,-0.442800029001099,1.024,0.504000008106,0.00046489599999999996,-0.022702703067837837,0.00024946891453021835
-0.43520002901119903,-0.442400029011199,1.016,0.496000021696,0.00046126399999999997,-0.022342343319639642,0.00024540391477128075
-0.434800029021299,-0.442000029021299,1.016,0.48400002718,0.00046126399999999997,-0.021801803026126127,0.00024487418525721805
-0.434400029031399,-0.441600029031399,1.016,0.49200001359,0.00046126399999999997,-0.022162162774324326,0.00024522589638615135
-0.43400002904149904,-0.441200029041499,1.016,0.488000035286,0.00046126399999999997,-0.021981983571441443,0.0002450493207585197
-0.433600029051599,-0.440800029051599,1.024,0.496000021696,0.00046489599999999996,-0.022342343319639642,0.0002491085547712807
-0.433200029061699,-0.440400029061699,1.016,0.49200001359,0.00046126399999999997,-0.022162162774324326,0.00024522589638615135
-0.432800029071799,-0.44000002907179897,1.008,0.480000019073,0.00045763199999999997,-0.021621622480765768,0.00024102490720315678
-0.432400029081899,-0.439600029081899,1.008,0.488000035286,0.00045763199999999997,-0.021981983571441443,0.00024137373675851972
-0.432000029091999,-0.439200029091999,1.016,0.488000035286,0.00046126399999999997,-0.021981983571441443,0.0002450493207585197
-0.431600029102099,-0.438800029102099,1.016,0.49200001359,0.00046126399999999997,-0.022162162774324326,0.00024522589638615135
-0.431200029112199,-0.438400029112199,1.008,0.496000021696,0.00045763199999999997,-0.022342343319639642,0.00024172833077128075
-0.43080002912229903,-0.438000029122299,1.016,0.480000019073,0.00046126399999999997,-0.021621622480765768,0.0002447004912031568
-0.430400029132399,-0.437600029132399,1.008,0.48400002718,0.00045763199999999997,-0.021801803026126127,0.00024119860125721806
-0.430000029142499,-0.437200029142499,1.008,0.488000035286,0.00045763199999999997,-0.021981983571441443,0.00024137373675851972
-0.429600029152599,-0.43680002915259897,1.016,0.48400002718,0.00046126399999999997,-0.021801803026126127,0.00024487418525721805
-0.429200029162699,-0.436400029162699,1.016,0.496000021696,0.00046126399999999997,-0.022342343319639642,0.00024540391477128075
-0.428800029172799,-0.436000029172799,1.016,0.48400002718,0.00046126399999999997,-0.021801803026126127,0.00024487418525721805
-0.428400029182899,-0.435600029182899,1.008,0.476000010967,0.00045763199999999997,-0.021441441935450452,0.00024085265459642273
-0.428000029192999,-0.435200029192999,1.016,0.472000032663,0.00046126399999999997,-0.02126126273256757,0.00024435742870422853
-0.42760002920309903,-0.434800029203099,1.016,0.5,0.00046126399999999997,-0.022522522522522525,0.00024558337326126126
-0.427200029213199,-0.434400029213199,1.016,0.488000035286,0.00046126399999999997,-0.021981983571441443,0.0002450493207585197
-0.426800029223299,-0.434000029223299,1.024,0.49200001359,0.00046489599999999996,-0.022162162774324326,0.00024893053638615133
-0.42640002923339904,-0.433600029233399,1.008,0.488000035286,0.00045763199999999997,-0.021981983571441443,0.00024137373675851972
-0.426000029243499,-0.433200029243499,1.016,0.48400002718,0.00046126399999999997,-0.021801803026126127,0.00024487418525721805
-0.425600029253599,-0.432800029253599,1.016,0.49200001359,0.00046126399999999997,-0.022162162774324326,0.00024522589638615135
-0.425200029263699,-0.43240002926369897,1.008,0.48400002718,0.00045763199999999997,-0.021801803026126127,0.00024119860125721806
-0.424800029273799,-0.432000029273799,1.016,0.476000010967,0.00046126399999999997,-0.021441441935450452,0.0002445282385964227
-0.424400029283899,-0.431600029283899,1.016,0.480000019073,0.00046126399999999997,-0.021621622480765768,0.0002447004912031568
-0.424000029293999,-0.431200029293999,1.016,0.49200001359,0.00046126399999999997,-0.022162162774324326,0.00024522589638615135
-0.423600029304099,-0.430800029304099,1.008,0.49200001359,0.00045763199999999997,-0.022162162774324326,0.0002415503123861514
-0.42320002931419903,-0.430400029314199,1.016,0.49200001359,0.00046126399999999997,-0.022162162774324326,0.00024522589638615135
-0.422800029324299,-0.430000029324299,1.008,0.48400002718,0.00045763199999999997,-0.021801803026126127,0.00024119860125721806
-0.422400029334399,-0.429600029334399,1.008,0.48400002718,0.00045763199999999997,-0.021801803026126127,0.00024119860125721806
-0.422000029344499,-0.42920002934449897,1.016,0.496000021696,0.00046126399999999997,-0.022342343319639642,0.00024540391477128075
-0.421600029354599,-0.428800029354599,1.008,0.488000035286,0.00045763199999999997,-0.021981983571441443,0.00024137373675851972
-0.421200029364699,-0.428400029364699,1.016,0.488000035286,0.00046126399999999997,-0.021981983571441443,0.0002450493207585197
-0.420800029374799,-0.428000029374799,1.016,0.488000035286,0.00046126399999999997,-0.021981983571441443,0.0002450493207585197
-0.420400029384899,-0.427600029384899,1.008,0.476000010967,0.00045763199999999997,-0.021441441935450452,0.00024085265459642273
-0.42000002939499903,-0.427200029394999,1.024,0.48400002718,0.00046489599999999996,-0.021801803026126127,0.00024857882525721804
-0.419600029405099,-0.426800029405099,1.024,0.496000021696,0.00046489599999999996,-0.022342343319639642,0.0002491085547712807
-0.419200029415199,-0.426400029415199,1.0,0.476000010967,0.000454,-0.021441441935450452,0.0002372061265964227
-0.418800029425299,-0.42600002942529896,1.016,0.480000019073,0.00046126399999999997,-0.021621622480765768,0.0002447004912031568
-0.418400029435399,-0.425600029435399,1.016,0.49200001359,0.00046126399999999997,-0.022162162774324326,0.00024522589638615135
-0.418000029445499,-0.425200029445499,1.008,0.488000035286,0.00045763199999999997,-0.021981983571441443,0.00024137373675851972
-0.417600029455599,-0.42480002945559897,1.016,0.49200001359,0.00046126399999999997,-0.022162162774324326,0.00024522589638615135
-0.417200029465699,-0.424400029465699,1.016,0.488000035286,0.00046126399999999997,-0.021981983571441443,0.0002450493207585197
-0.416800029475799,-0.424000029475799,1.016,0.48400002718,0.00046126399999999997,-0.021801803026126127,0.00024487418525721805
-0.416400029485899,-0.423600029485899,1.024,0.496000021696,0.00046489599999999996,-0.022342343319639642,0.0002491085547712807
-0.416000029495999,-0.423200029495999,1.016,0.488000035286,0.00046126399999999997,-0.021981983571441443,0.0002450493207585197
-0.41560002950609903,-0.422800029506099,1.016,0.48400002718,0.00046126399999999997,-0.021801803026126127,0.00024487418525721805
-0.415200029516199,-0.422400029516199,1.016,0.49200001359,0.00046126399999999997,-0.022162162774324326,0.00024522589638615135
-0.414800029526299,-0.422000029526299,1.008,0.48400002718,0.00045763199999999997,-0.021801803026126127,0.00024119860125721806
-0.414400029536399,-0.42160002953639897,1.016,0.48400002718,0.00046126399999999997,-0.021801803026126127,0.00024487418525721805
-0.414000029546499,-0.421200029546499,1.008,0.488000035286,0.00045763199999999997,-0.021981983571441443,0.00024137373675851972
-0.413600029556599,-0.420800029556599,1.008,0.488000035286,0.00045763199999999997,-0.021981983571441443,0.00024137373675851972
-0.413200029566699,-0.420400029566699,1.016,0.496000021696,0.00046126399999999997,-0.022342343319639642,0.00024540391477128075
-0.412800029576799,-0.420000029576799,1.016,0.48400002718,0.00046126399999999997,-0.021801803026126127,0.00024487418525721805
-0.41240002958689903,-0.419600029586899,1.016,0.476000010967,0.00046126399999999997,-0.021441441935450452,0.0002445282385964227
-0.412000029596999,-0.419200029596999,1.016,0.480000019073,0.00046126399999999997,-0.021621622480765768,0.0002447004912031568
-0.411600029607099,-0.418800029607099,1.008,0.488000035286,0.00045763199999999997,-0.021981983571441443,0.00024137373675851972
-0.411200029617199,-0.41840002961719897,1.008,0.48400002718,0.00045763199999999997,-0.021801803026126127,0.00024119860125721806
-0.410800029627299,-0.418000029627299,1.016,0.49200001359,0.00046126399999999997,-0.022162162774324326,0.00024522589638615135
-0.410400029637399,-0.417600029637399,1.008,0.49200001359,0.00045763199999999997,-0.022162162774324326,0.0002415503123861514
-0.410000029647499,-0.41720002964749897,1.008,0.49200001359,0.00045763199999999997,-0.022162162774324326,0.0002415503123861514
-0.409600029657599,-0.416800029657599,1.008,0.480000019073,0.00045763199999999997,-0.021621622480765768,0.00024102490720315678
-0.40920002966769903,-0.416400029667699,1.016,0.496000021696,0.00046126399999999997,-0.022342343319639642,0.00024540391477128075
-0.408800029677799,-0.416000029677799,1.008,0.480000019073,0.00045763199999999997,-0.021621622480765768,0.00024102490720315678
-0.408400029687899,-0.415600029687899,1.016,0.480000019073,0.00046126399999999997,-0.021621622480765768,0.0002447004912031568
-0.40800002969799903,-0.415200029697999,1.008,0.48400002718,0.00045763199999999997,-0.021801803026126127,0.00024119860125721806
-0.407600029708099,-0.414800029708099,1.008,0.488000035286,0.00045763199999999997,-0.021981983571441443,0.00024137373675851972
-0.407200029718199,-0.414400029718199,1.008,0.49200001359,0.00045763199999999997,-0.022162162774324326,0.0002415503123861514
-0.406800029728299,-0.41400002972829897,1.016,0.488000035286,0.00046126399999999997,-0.021981983571441443,0.0002450493207585197
-0.406400029738399,-0.413600029738399,1.008,0.488000035286,0.00045763199999999997,-0.021981983571441443,0.00024137373675851972
-0.406000029748499,-0.413200029748499,1.016,0.49200001359,0.00046126399999999997,-0.022162162774324326,0.00024522589638615135
-0.405600029758599,-0.412800029758599,1.008,0.480000019073,0.00045763199999999997,-0.021621622480765768,0.00024102490720315678
-0.405200029768699,-0.412400029768699,1.008,0.49200001359,0.00045763199999999997,-0.022162162774324326,0.0002415503123861514
-0.40480002977879903,-0.412000029778799,1.016,0.49200001359,0.00046126399999999997,-0.022162162774324326,0.00024522589638615135
-0.404400029788899,-0.411600029788899,1.008,0.472000032663,0.00045763199999999997,-0.02126126273256757,0.00024068184470422854
-0.404000029798999,-0.411200029798999,1.016,0.488000035286,0.00046126399999999997,-0.021981983571441443,0.0002450493207585197
-0.403600029809099,-0.41080002980909897,1.016,0.48400002718,0.00046126399999999997,-0.021801803026126127,0.00024487418525721805
-0.403200029819199,-0.410400029819199,1.008,0.480000019073,0.00045763199999999997,-0.021621622480765768,0.00024102490720315678
-0.402800029829299,-0.410000029829299,1.008,0.496000021696,0.00045763199999999997,-0.022342343319639642,0.00024172833077128075
-0.402400029839399,-0.40960002983939897,1.008,0.49200001359,0.00045763199999999997,-0.022162162774324326,0.0002415503123861514
-0.402000029849499,-0.409200029849499,1.016,0.49200001359,0.00046126399999999997,-0.022162162774324326,0.00024522589638615135
-0.40160002985959903,-0.408800029859599,1.016,0.49200001359,0.00046126399999999997,-0.022162162774324326,0.00024522589638615135
-0.401200029869699,-0.408400029869699,1.008,0.48400002718,0.00045763199999999997,-0.021801803026126127,0.00024119860125721806
-0.400800029879799,-0.408000029879799,1.016,0.496000021696,0.00046126399999999997,-0.022342343319639642,0.00024540391477128075
-0.40040002988989903,-0.407600029889899,1.008,0.48400002718,0.00045763199999999997,-0.021801803026126127,0.00024119860125721806
-0.400000029899999,-0.407200029899999,1.008,0.488000035286,0.00045763199999999997,-0.021981983571441443,0.00024137373675851972
-0.399600029910099,-0.406800029910099,1.016,0.496000021696,0.00046126399999999997,-0.022342343319639642,0.00024540391477128075
-0.399200029920199,-0.40640002992019897,1.016,0.49200001359,0.00046126399999999997,-0.022162162774324326,0.00024522589638615135
-0.398800029930299,-0.406000029930299,1.008,0.48400002718,0.00045763199999999997,-0.021801803026126127,0.00024119860125721806
-0.398400029940399,-0.405600029940399,1.008,0.476000010967,0.00045763199999999997,-0.021441441935450452,0.00024085265459642273
-0.398000029950499,-0.405200029950499,1.008,0.488000035286,0.00045763199999999997,-0.021981983571441443,0.00024137373675851972
-0.397600029960599,-0.404800029960599,1.016,0.488000035286,0.00046126399999999997,-0.021981983571441443,0.0002450493207585197
-0.39720002997069903,-0.404400029970699,1.024,0.504000008106,0.00046489599999999996,-0.022702703067837837,0.00024946891453021835
-0.396800029980799,-0.404000029980799,1.008,0.488000035286,0.00045763199999999997,-0.021981983571441443,0.00024137373675851972
-0.396400029990899,-0.403600029990899,1.016,0.496000021696,0.00046126399999999997,-0.022342343319639642,0.00024540391477128075
-0.396000030000999,-0.40320003000099897,1.016,0.49200001359,0.00046126399999999997,-0.022162162774324326,0.00024522589638615135
-0.395600030011099,-0.402800030011099,1.016,0.480000019073,0.00046126399999999997,-0.021621622480765768,0.0002447004912031568
-0.395200030021199,-0.402400030021199,1.008,0.49200001359,0.00045763199999999997,-0.022162162774324326,0.0002415503123861514
-0.394800030031299,-0.40200003003129897,1.008,0.49200001359,0.00045763199999999997,-0.022162162774324326,0.0002415503123861514
-0.394400030041399,-0.401600030041399,1.008,0.488000035286,0.00045763199999999997,-0.021981983571441443,0.00024137373675851972
-0.39400003005149903,-0.401200030051499,1.008,0.48400002718,0.00045763199999999997,-0.021801803026126127,0.00024119860125721806
-0.393600030061599,-0.400800030061599,1.024,0.49200001359,0.00046489599999999996,-0.022162162774324326,0.00024893053638615133
-0.393200030071699,-0.400400030071699,1.016,0.48400002718,0.00046126399999999997,-0.021801803026126127,0.00024487418525721805
-0.392800030081799,-0.40000003008179896,1.016,0.476000010967,0.00046126399999999997,-0.021441441935450452,0.0002445282385964227
-0.392400030091899,-0.399600030091899,1.016,0.49200001359,0.00046126399999999997,-0.022162162774324326,0.00024522589638615135
-0.392000030101999,-0.399200030101999,1.024,0.49200001359,0.00046489599999999996,-0.022162162774324326,0.00024893053638615133
-0.391600030112099,-0.39880003011209897,1.016,0.488000035286,0.00046126399999999997,-0.021981983571441443,0.0002450493207585197
-0.391200030122199,-0.398400030122199,1.008,0.49200001359,0.00045763199999999997,-0.022162162774324326,0.0002415503123861514
-0.390800030132299,-0.398000030132299,1.016,0.48400002718,0.00046126399999999997,-0.021801803026126127,0.00024487418525721805
-0.390400030142399,-0.397600030142399,1.008,0.496000021696,0.00045763199999999997,-0.022342343319639642,0.00024172833077128075
-0.390000030152499,-0.397200030152499,1.008,0.48400002718,0.00045763199999999997,-0.021801803026126127,0.00024119860125721806
-0.38960003016259903,-0.396800030162599,1.016,0.48400002718,0.00046126399999999997,-0.021801803026126127,0.00024487418525721805
-0.389200030172699,-0.396400030172699,1.024,0.49200001359,0.00046489599999999996,-0.022162162774324326,0.00024893053638615133
-0.388800030182799,-0.396000030182799,1.008,0.48400002718,0.00045763199999999997,-0.021801803026126127,0.00024119860125721806
-0.388400030192899,-0.39560003019289897,1.016,0.5,0.00046126399999999997,-0.022522522522522525,0.00024558337326126126
-0.388000030202999,-0.395200030202999,1.016,0.496000021696,0.00046126399999999997,-0.022342343319639642,0.00024540391477128075
-0.387600030213099,-0.394800030213099,1.008,0.480000019073,0.00045763199999999997,-0.021621622480765768,0.00024102490720315678
-0.387200030223199,-0.39440003022319897,1.016,0.476000010967,0.00046126399999999997,-0.021441441935450452,0.0002445282385964227
-0.386800030233299,-0.394000030233299,1.008,0.476000010967,0.00045763199999999997,-0.021441441935450452,0.00024085265459642273
-0.38640003024339903,-0.393600030243399,1.008,0.480000019073,0.00045763199999999997,-0.021621622480765768,0.00024102490720315678
-0.386000030253499,-0.393200030253499,1.008,0.48400002718,0.00045763199999999997,-0.021801803026126127,0.00024119860125721806
-0.385600030263599,-0.392800030263599,1.016,0.49200001359,0.00046126399999999997,-0.022162162774324326,0.00024522589638615135
-0.385200030273699,-0.39240003027369896,1.008,0.48400002718,0.00045763199999999997,-0.021801803026126127,0.00024119860125721806
-0.384800030283799,-0.392000030283799,1.008,0.48400002718,0.00045763199999999997,-0.021801803026126127,0.00024119860125721806
-0.384400030293899,-0.391600030293899,1.016,0.496000021696,0.00046126399999999997,-0.022342343319639642,0.00024540391477128075
-0.384000030303999,-0.39120003030399897,1.016,0.496000021696,0.00046126399999999997,-0.022342343319639642,0.00024540391477128075
-0.383600030314099,-0.390800030314099,1.024,0.496000021696,0.00046489599999999996,-0.022342343319639642,0.0002491085547712807
-0.383200030324199,-0.390400030324199,1.016,0.48400002718,0.00046126399999999997,-0.021801803026126127,0.00024487418525721805
-0.382800030334299,-0.390000030334299,1.016,0.488000035286,0.00046126399999999997,-0.021981983571441443,0.0002450493207585197
-0.382400030344399,-0.389600030344399,1.008,0.480000019073,0.00045763199999999997,-0.021621622480765768,0.00024102490720315678
-0.38200003035449903,-0.389200030354499,1.016,0.480000019073,0.00046126399999999997,-0.021621622480765768,0.0002447004912031568
-0.381600030364599,-0.388800030364599,1.016,0.48400002718,0.00046126399999999997,-0.021801803026126127,0.00024487418525721805
-0.381200030374699,-0.388400030374699,1.016,0.49200001359,0.00046126399999999997,-0.022162162774324326,0.00024522589638615135
-0.380800030384799,-0.38800003038479897,1.016,0.496000021696,0.00046126399999999997,-0.022342343319639642,0.00024540391477128075
-0.380400030394899,-0.387600030394899,1.016,0.496000021696,0.00046126399999999997,-0.022342343319639642,0.00024540391477128075
-0.380000030404999,-0.387200030404999,1.008,0.48400002718,0.00045763199999999997,-0.021801803026126127,0.00024119860125721806
-0.379600030415099,-0.38680003041509897,1.008,0.5,0.00045763199999999997,-0.022522522522522525,0.00024190778926126127
-0.379200030425199,-0.386400030425199,1.008,0.476000010967,0.00045763199999999997,-0.021441441935450452,0.00024085265459642273
-0.37880003043529903,-0.386000030435299,1.024,0.488000035286,0.00046489599999999996,-0.021981983571441443,0.00024875396075851967
-0.378400030445399,-0.385600030445399,1.008,0.48400002718,0.00045763199999999997,-0.021801803026126127,0.00024119860125721806
-0.378000030455499,-0.385200030455499,1.008,0.496000021696,0.00045763199999999997,-0.022342343319639642,0.00024172833077128075
-0.377600030465599,-0.38480003046559896,1.008,0.480000019073,0.00045763199999999997,-0.021621622480765768,0.00024102490720315678
-0.377200030475699,-0.384400030475699,1.016,0.49200001359,0.00046126399999999997,-0.022162162774324326,0.00024522589638615135
-0.376800030485799,-0.384000030485799,1.016,0.488000035286,0.00046126399999999997,-0.021981983571441443,0.0002450493207585197
-0.376400030495899,-0.38360003049589897,1.008,0.48400002718,0.00045763199999999997,-0.021801803026126127,0.00024119860125721806
-0.376000030505999,-0.383200030505999,1.008,0.488000035286,0.00045763199999999997,-0.021981983571441443,0.00024137373675851972
-0.375600030516099,-0.382800030516099,1.008,0.48400002718,0.00045763199999999997,-0.021801803026126127,0.00024119860125721806
-0.375200030526199,-0.382400030526199,1.0,0.48400002718,0.000454,-0.021801803026126127,0.00023755207325721803
-0.374800030536299,-0.382000030536299,1.016,0.48400002718,0.00046126399999999997,-0.021801803026126127,0.00024487418525721805
-0.37440003054639903,-0.381600030546399,1.008,0.480000019073,0.00045763199999999997,-0.021621622480765768,0.00024102490720315678
-0.374000030556499,-0.381200030556499,1.008,0.488000035286,0.00045763199999999997,-0.021981983571441443,0.00024137373675851972
-0.373600030566599,-0.380800030566599,1.008,0.488000035286,0.00045763199999999997,-0.021981983571441443,0.00024137373675851972
-0.373200030576699,-0.38040003057669897,1.016,0.480000019073,0.00046126399999999997,-0.021621622480765768,0.0002447004912031568
-0.372800030586799,-0.380000030586799,1.008,0.49200001359,0.00045763199999999997,-0.022162162774324326,0.0002415503123861514
-0.372400030596899,-0.379600030596899,1.016,0.48400002718,0.00046126399999999997,-0.021801803026126127,0.00024487418525721805
-0.372000030606999,-0.379200030606999,1.024,0.5,0.00046489599999999996,-0.022522522522522525,0.00024928801326126125
-0.371600030617099,-0.378800030617099,1.008,0.48400002718,0.00045763199999999997,-0.021801803026126127,0.00024119860125721806
-0.37120003062719903,-0.378400030627199,1.016,0.49200001359,0.00046126399999999997,-0.022162162774324326,0.00024522589638615135
-0.370800030637299,-0.378000030637299,1.016,0.488000035286,0.00046126399999999997,-0.021981983571441443,0.0002450493207585197
-0.370400030647399,-0.377600030647399,1.008,0.476000010967,0.00045763199999999997,-0.021441441935450452,0.00024085265459642273
-0.370000030657499,-0.37720003065749896,1.016,0.496000021696,0.00046126399999999997,-0.022342343319639642,0.00024540391477128075
-0.369600030667599,-0.376800030667599,1.008,0.476000010967,0.00045763199999999997,-0.021441441935450452,0.00024085265459642273
-0.369200030677699,-0.376400030677699,1.008,0.48400002718,0.00045763199999999997,-0.021801803026126127,0.00024119860125721806
-0.368800030687799,-0.37600003068779897,1.008,0.48400002718,0.00045763199999999997,-0.021801803026126127,0.00024119860125721806
-0.368400030697899,-0.375600030697899,1.008,0.48400002718,0.00045763199999999997,-0.021801803026126127,0.00024119860125721806
-0.368000030707999,-0.375200030707999,1.008,0.496000021696,0.00045763199999999997,-0.022342343319639642,0.00024172833077128075
-0.367600030718099,-0.374800030718099,1.016,0.488000035286,0.00046126399999999997,-0.021981983571441443,0.0002450493207585197
-0.367200030728199,-0.374400030728199,1.016,0.496000021696,0.00046126399999999997,-0.022342343319639642,0.00024540391477128075
-0.36680003073829903,-0.374000030738299,1.024,0.496000021696,0.00046489599999999996,-0.022342343319639642,0.0002491085547712807
-0.366400030748399,-0.373600030748399,1.008,0.472000032663,0.00045763199999999997,-0.02126126273256757,0.00024068184470422854
-0.366000030758499,-0.373200030758499,1.008,0.476000010967,0.00045763199999999997,-0.021441441935450452,0.00024085265459642273
-0.365600030768599,-0.37280003076859897,1.0,0.48400002718,0.000454,-0.021801803026126127,0.00023755207325721803
-0.365200030778699,-0.372400030778699,1.016,0.49200001359,0.00046126399999999997,-0.022162162774324326,0.00024522589638615135
-0.364800030788799,-0.372000030788799,1.016,0.49200001359,0.00046126399999999997,-0.022162162774324326,0.00024522589638615135
-0.364400030798899,-0.371600030798899,1.016,0.496000021696,0.00046126399999999997,-0.022342343319639642,0.00024540391477128075
-0.364000030808999,-0.371200030808999,1.016,0.49200001359,0.00046126399999999997,-0.022162162774324326,0.00024522589638615135
-0.36360003081909903,-0.370800030819099,1.016,0.496000021696,0.00046126399999999997,-0.022342343319639642,0.00024540391477128075
-0.363200030829199,-0.370400030829199,1.016,0.504000008106,0.00046126399999999997,-0.022702703067837837,0.00024576427453021837
-0.362800030839299,-0.370000030839299,1.008,0.48400002718,0.00045763199999999997,-0.021801803026126127,0.00024119860125721806
-0.362400030849399,-0.36960003084939896,1.016,0.49200001359,0.00046126399999999997,-0.022162162774324326,0.00024522589638615135
-0.362000030859499,-0.369200030859499,1.016,0.480000019073,0.00046126399999999997,-0.021621622480765768,0.0002447004912031568
-0.361600030869599,-0.368800030869599,1.008,0.48400002718,0.00045763199999999997,-0.021801803026126127,0.00024119860125721806
-0.361200030879699,-0.36840003087969897,1.008,0.49200001359,0.00045763199999999997,-0.022162162774324326,0.0002415503123861514
-0.360800030889799,-0.368000030889799,1.016,0.488000035286,0.00046126399999999997,-0.021981983571441443,0.0002450493207585197
-0.360400030899899,-0.367600030899899,1.024,0.508000016212,0.00046489599999999996,-0.022882883613153153,0.0002496512572464591
-0.360000030909999,-0.367200030909999,1.0,0.488000035286,0.000454,-0.021981983571441443,0.0002377272087585197
-0.359600030920099,-0.366800030920099,1.008,0.488000035286,0.00045763199999999997,-0.021981983571441443,0.00024137373675851972
-0.359200030930199,-0.36640003093019896,1.008,0.48400002718,0.00045763199999999997,-0.021801803026126127,0.00024119860125721806
-0.358800030940299,-0.366000030940299,1.008,0.48400002718,0.00045763199999999997,-0.021801803026126127,0.00024119860125721806
-0.358400030950399,-0.365600030950399,1.024,0.504000008106,0.00046489599999999996,-0.022702703067837837,0.00024946891453021835
-0.358000030960499,-0.36520003096049897,1.016,0.49200001359,0.00046126399999999997,-0.022162162774324326,0.00024522589638615135
-0.357600030970599,-0.364800030970599,1.008,0.48400002718,0.00045763199999999997,-0.021801803026126127,0.00024119860125721806
-0.357200030980699,-0.364400030980699,1.016,0.504000008106,0.00046126399999999997,-0.022702703067837837,0.00024576427453021837
-0.356800030990799,-0.364000030990799,1.016,0.5,0.00046126399999999997,-0.022522522522522525,0.00024558337326126126
-0.356400031000899,-0.363600031000899,1.008,0.488000035286,0.00045763199999999997,-0.021981983571441443,0.00024137373675851972
-0.35600003101099903,-0.363200031010999,1.008,0.496000021696,0.00045763199999999997,-0.022342343319639642,0.00024172833077128075
-0.355600031021099,-0.362800031021099,1.016,0.5,0.00046126399999999997,-0.022522522522522525,0.00024558337326126126
-0.355200031031199,-0.362400031031199,1.016,0.480000019073,0.00046126399999999997,-0.021621622480765768,0.0002447004912031568
-0.354800031041299,-0.36200003104129896,1.008,0.48400002718,0.00045763199999999997,-0.021801803026126127,0.00024119860125721806
-0.354400031051399,-0.361600031051399,1.024,0.49200001359,0.00046489599999999996,-0.022162162774324326,0.00024893053638615133
-0.354000031061499,-0.361200031061499,1.016,0.476000010967,0.00046126399999999997,-0.021441441935450452,0.0002445282385964227
-0.353600031071599,-0.36080003107159897,1.016,0.480000019073,0.00046126399999999997,-0.021621622480765768,0.0002447004912031568
-0.353200031081699,-0.360400031081699,1.024,0.496000021696,0.00046489599999999996,-0.022342343319639642,0.0002491085547712807
-0.352800031091799,-0.360000031091799,1.024,0.488000035286,0.00046489599999999996,-0.021981983571441443,0.00024875396075851967
-0.352400031101899,-0.359600031101899,1.016,0.496000021696,0.00046126399999999997,-0.022342343319639642,0.00024540391477128075
-0.352000031111999,-0.359200031111999,1.016,0.488000035286,0.00046126399999999997,-0.021981983571441443,0.0002450493207585197
-0.351600031122099,-0.35880003112209896,1.008,0.496000021696,0.00045763199999999997,-0.022342343319639642,0.00024172833077128075
-0.351200031132199,-0.358400031132199,1.008,0.488000035286,0.00045763199999999997,-0.021981983571441443,0.00024137373675851972
-0.350800031142299,-0.358000031142299,1.016,0.488000035286,0.00046126399999999997,-0.021981983571441443,0.0002450493207585197
-0.350400031152399,-0.35760003115239897,1.016,0.49200001359,0.00046126399999999997,-0.022162162774324326,0.00024522589638615135
-0.350000031162499,-0.357200031162499,1.008,0.48400002718,0.00045763199999999997,-0.021801803026126127,0.00024119860125721806
-0.349600031172599,-0.356800031172599,1.016,0.496000021696,0.00046126399999999997,-0.022342343319639642,0.00024540391477128075
-0.349200031182699,-0.356400031182699,1.016,0.49200001359,0.00046126399999999997,-0.022162162774324326,0.00024522589638615135
-0.348800031192799,-0.356000031192799,1.016,0.496000021696,0.00046126399999999997,-0.022342343319639642,0.00024540391477128075
-0.34840003120289903,-0.355600031202899,1.008,0.488000035286,0.00045763199999999997,-0.021981983571441443,0.00024137373675851972
-0.348000031212999,-0.355200031212999,1.016,0.496000021696,0.00046126399999999997,-0.022342343319639642,0.00024540391477128075
-0.347600031223099,-0.354800031223099,1.016,0.504000008106,0.00046126399999999997,-0.022702703067837837,0.00024576427453021837
-0.347200031233199,-0.35440003123319896,1.0,0.472000032663,0.000454,-0.02126126273256757,0.0002370353167042285
-0.346800031243299,-0.354000031243299,1.016,0.480000019073,0.00046126399999999997,-0.021621622480765768,0.0002447004912031568
-0.346400031253399,-0.353600031253399,1.016,0.49200001359,0.00046126399999999997,-0.022162162774324326,0.00024522589638615135
-0.346000031263499,-0.35320003126349897,1.024,0.5,0.00046489599999999996,-0.022522522522522525,0.00024928801326126125
-0.345600031273599,-0.352800031273599,1.016,0.48400002718,0.00046126399999999997,-0.021801803026126127,0.00024487418525721805
-0.345200031283699,-0.352400031283699,1.016,0.5,0.00046126399999999997,-0.022522522522522525,0.00024558337326126126
-0.344800031293799,-0.352000031293799,1.016,0.48400002718,0.00046126399999999997,-0.021801803026126127,0.00024487418525721805
-0.344400031303899,-0.351600031303899,1.016,0.488000035286,0.00046126399999999997,-0.021981983571441443,0.0002450493207585197
-0.344000031313999,-0.35120003131399896,1.0,0.476000010967,0.000454,-0.021441441935450452,0.0002372061265964227
-0.343600031324099,-0.350800031324099,1.016,0.488000035286,0.00046126399999999997,-0.021981983571441443,0.0002450493207585197
-0.343200031334199,-0.350400031334199,1.008,0.488000035286,0.00045763199999999997,-0.021981983571441443,0.00024137373675851972
-0.342800031344299,-0.35000003134429897,1.016,0.49200001359,0.00046126399999999997,-0.022162162774324326,0.00024522589638615135
-0.342400031354399,-0.349600031354399,1.016,0.48400002718,0.00046126399999999997,-0.021801803026126127,0.00024487418525721805
-0.342000031364499,-0.349200031364499,1.016,0.496000021696,0.00046126399999999997,-0.022342343319639642,0.00024540391477128075
-0.341600031374599,-0.348800031374599,1.008,0.476000010967,0.00045763199999999997,-0.021441441935450452,0.00024085265459642273
-0.341200031384699,-0.348400031384699,1.016,0.48400002718,0.00046126399999999997,-0.021801803026126127,0.00024487418525721805
-0.34080003139479903,-0.348000031394799,1.016,0.480000019073,0.00046126399999999997,-0.021621622480765768,0.0002447004912031568
-0.340400031404899,-0.347600031404899,1.016,0.496000021696,0.00046126399999999997,-0.022342343319639642,0.00024540391477128075
-0.340000031414999,-0.347200031414999,1.016,0.5,0.00046126399999999997,-0.022522522522522525,0.00024558337326126126
-0.339600031425099,-0.34680003142509896,1.016,0.496000021696,0.00046126399999999997,-0.022342343319639642,0.00024540391477128075
-0.339200031435199,-0.346400031435199,1.008,0.488000035286,0.00045763199999999997,-0.021981983571441443,0.00024137373675851972
-0.338800031445299,-0.346000031445299,1.008,0.488000035286,0.00045763199999999997,-0.021981983571441443,0.00024137373675851972
-0.338400031455399,-0.34560003145539897,1.024,0.49200001359,0.00046489599999999996,-0.022162162774324326,0.00024893053638615133
-0.338000031465499,-0.345200031465499,1.016,0.5,0.00046126399999999997,-0.022522522522522525,0.00024558337326126126
-0.337600031475599,-0.344800031475599,1.016,0.488000035286,0.00046126399999999997,-0.021981983571441443,0.0002450493207585197
-0.337200031485699,-0.344400031485699,1.008,0.488000035286,0.00045763199999999997,-0.021981983571441443,0.00024137373675851972
-0.336800031495799,-0.344000031495799,1.016,0.49200001359,0.00046126399999999997,-0.022162162774324326,0.00024522589638615135
-0.336400031505899,-0.34360003150589896,1.016,0.488000035286,0.00046126399999999997,-0.021981983571441443,0.0002450493207585197
-0.336000031515999,-0.343200031515999,1.008,0.49200001359,0.00045763199999999997,-0.022162162774324326,0.0002415503123861514
-0.335600031526099,-0.342800031526099,1.016,0.476000010967,0.00046126399999999997,-0.021441441935450452,0.0002445282385964227
-0.335200031536199,-0.34240003153619897,1.008,0.488000035286,0.00045763199999999997,-0.021981983571441443,0.00024137373675851972
-0.334800031546299,-0.342000031546299,1.008,0.488000035286,0.00045763199999999997,-0.021981983571441443,0.00024137373675851972
-0.334400031556399,-0.341600031556399,1.016,0.496000021696,0.00046126399999999997,-0.022342343319639642,0.00024540391477128075
-0.334000031566499,-0.341200031566499,1.016,0.488000035286,0.00046126399999999997,-0.021981983571441443,0.0002450493207585197
-0.333600031576599,-0.340800031576599,1.016,0.49200001359,0.00046126399999999997,-0.022162162774324326,0.00024522589638615135
-0.333200031586699,-0.34040003158669896,1.024,0.49200001359,0.00046489599999999996,-0.022162162774324326,0.00024893053638615133
-0.332800031596799,-0.340000031596799,1.008,0.48400002718,0.00045763199999999997,-0.021801803026126127,0.00024119860125721806
-0.332400031606899,-0.339600031606899,1.016,0.488000035286,0.00046126399999999997,-0.021981983571441443,0.0002450493207585197
-0.332000031616999,-0.33920003161699896,1.024,0.49200001359,0.00046489599999999996,-0.022162162774324326,0.00024893053638615133
-0.331600031627099,-0.338800031627099,1.008,0.48400002718,0.00045763199999999997,-0.021801803026126127,0.00024119860125721806
-0.331200031637199,-0.338400031637199,1.016,0.480000019073,0.00046126399999999997,-0.021621622480765768,0.0002447004912031568
-0.330800031647299,-0.33800003164729897,1.016,0.496000021696,0.00046126399999999997,-0.022342343319639642,0.00024540391477128075
-0.330400031657399,-0.337600031657399,1.016,0.48400002718,0.00046126399999999997,-0.021801803026126127,0.00024487418525721805
-0.330000031667499,-0.337200031667499,1.016,0.496000021696,0.00046126399999999997,-0.022342343319639642,0.00024540391477128075
-0.329600031677599,-0.336800031677599,1.016,0.488000035286,0.00046126399999999997,-0.021981983571441443,0.0002450493207585197
-0.329200031687699,-0.336400031687699,1.008,0.476000010967,0.00045763199999999997,-0.021441441935450452,0.00024085265459642273
-0.328800031697799,-0.33600003169779896,1.008,0.472000032663,0.00045763199999999997,-0.02126126273256757,0.00024068184470422854
-0.328400031707899,-0.335600031707899,1.0,0.480000019073,0.000454,-0.021621622480765768,0.00023737837920315675
-0.328000031717999,-0.335200031717999,1.008,0.480000019073,0.00045763199999999997,-0.021621622480765768,0.00024102490720315678
-0.327600031728099,-0.33480003172809897,1.008,0.488000035286,0.00045763199999999997,-0.021981983571441443,0.00024137373675851972
-0.327200031738199,-0.334400031738199,1.016,0.488000035286,0.00046126399999999997,-0.021981983571441443,0.0002450493207585197
-0.326800031748299,-0.334000031748299,1.016,0.49200001359,0.00046126399999999997,-0.022162162774324326,0.00024522589638615135
-0.326400031758399,-0.333600031758399,1.0,0.488000035286,0.000454,-0.021981983571441443,0.0002377272087585197
-0.326000031768499,-0.333200031768499,1.008,0.48400002718,0.00045763199999999997,-0.021801803026126127,0.00024119860125721806
-0.325600031778599,-0.33280003177859896,1.008,0.488000035286,0.00045763199999999997,-0.021981983571441443,0.00024137373675851972
-0.325200031788699,-0.332400031788699,1.016,0.49200001359,0.00046126399999999997,-0.022162162774324326,0.00024522589638615135
-0.324800031798799,-0.332000031798799,1.016,0.49200001359,0.00046126399999999997,-0.022162162774324326,0.00024522589638615135
-0.324400031808899,-0.33160003180889897,1.008,0.48400002718,0.00045763199999999997,-0.021801803026126127,0.00024119860125721806
-0.324000031818999,-0.331200031818999,1.008,0.488000035286,0.00045763199999999997,-0.021981983571441443,0.00024137373675851972
-0.323600031829099,-0.330800031829099,1.016,0.488000035286,0.00046126399999999997,-0.021981983571441443,0.0002450493207585197
-0.323200031839199,-0.33040003183919897,1.016,0.488000035286,0.00046126399999999997,-0.021981983571441443,0.0002450493207585197
-0.322800031849299,-0.330000031849299,1.008,0.48400002718,0.00045763199999999997,-0.021801803026126127,0.00024119860125721806
-0.322400031859399,-0.329600031859399,1.008,0.480000019073,0.00045763199999999997,-0.021621622480765768,0.00024102490720315678
-0.322000031869499,-0.329200031869499,1.008,0.476000010967,0.00045763199999999997,-0.021441441935450452,0.00024085265459642273
-0.321600031879599,-0.328800031879599,1.008,0.496000021696,0.00045763199999999997,-0.022342343319639642,0.00024172833077128075
-0.321200031889699,-0.32840003188969896,1.024,0.496000021696,0.00046489599999999996,-0.022342343319639642,0.0002491085547712807
-0.320800031899799,-0.328000031899799,1.016,0.49200001359,0.00046126399999999997,-0.022162162774324326,0.00024522589638615135
-0.320400031909899,-0.327600031909899,1.008,0.476000010967,0.00045763199999999997,-0.021441441935450452,0.00024085265459642273
-0.320000031919999,-0.32720003191999897,1.016,0.488000035286,0.00046126399999999997,-0.021981983571441443,0.0002450493207585197
-0.319600031930099,-0.326800031930099,1.024,0.488000035286,0.00046489599999999996,-0.021981983571441443,0.00024875396075851967
-0.319200031940199,-0.326400031940199,1.008,0.48400002718,0.00045763199999999997,-0.021801803026126127,0.00024119860125721806
-0.318800031950299,-0.326000031950299,1.016,0.48400002718,0.00046126399999999997,-0.021801803026126127,0.00024487418525721805
-0.318400031960399,-0.325600031960399,1.008,0.480000019073,0.00045763199999999997,-0.021621622480765768,0.00024102490720315678
-0.318000031970499,-0.32520003197049896,1.008,0.488000035286,0.00045763199999999997,-0.021981983571441443,0.00024137373675851972
-0.317600031980599,-0.324800031980599,1.016,0.488000035286,0.00046126399999999997,-0.021981983571441443,0.0002450493207585197
-0.317200031990699,-0.324400031990699,1.008,0.496000021696,0.00045763199999999997,-0.022342343319639642,0.00024172833077128075
-0.316800032000799,-0.32400003200079897,1.016,0.496000021696,0.00046126399999999997,-0.022342343319639642,0.00024540391477128075
-0.316400032010899,-0.323600032010899,1.016,0.49200001359,0.00046126399999999997,-0.022162162774324326,0.00024522589638615135
-0.316000032020999,-0.323200032020999,1.008,0.480000019073,0.00045763199999999997,-0.021621622480765768,0.00024102490720315678
-0.315600032031099,-0.32280003203109897,1.008,0.48400002718,0.00045763199999999997,-0.021801803026126127,0.00024119860125721806
-0.315200032041199,-0.322400032041199,1.008,0.48400002718,0.00045763199999999997,-0.021801803026126127,0.00024119860125721806
-0.31480003205129903,-0.322000032051299,1.016,0.49200001359,0.00046126399999999997,-0.022162162774324326,0.00024522589638615135
-0.314400032061399,-0.321600032061399,1.016,0.496000021696,0.00046126399999999997,-0.022342343319639642,0.00024540391477128075
-0.314000032071499,-0.321200032071499,1.008,0.480000019073,0.00045763199999999997,-0.021621622480765768,0.00024102490720315678
-0.313600032081599,-0.32080003208159896,1.008,0.48400002718,0.00045763199999999997,-0.021801803026126127,0.00024119860125721806
-0.313200032091699,-0.320400032091699,1.016,0.48400002718,0.00046126399999999997,-0.021801803026126127,0.00024487418525721805
-0.312800032101799,-0.320000032101799,1.008,0.472000032663,0.00045763199999999997,-0.02126126273256757,0.00024068184470422854
-0.312400032111899,-0.31960003211189897,1.016,0.472000032663,0.00046126399999999997,-0.02126126273256757,0.00024435742870422853
-0.312000032121999,-0.319200032121999,1.016,0.48400002718,0.00046126399999999997,-0.021801803026126127,0.00024487418525721805
-0.311600032132099,-0.318800032132099,1.016,0.5,0.00046126399999999997,-0.022522522522522525,0.00024558337326126126
-0.311200032142199,-0.318400032142199,1.008,0.480000019073,0.00045763199999999997,-0.021621622480765768,0.00024102490720315678
-0.310800032152299,-0.318000032152299,1.016,0.48400002718,0.00046126399999999997,-0.021801803026126127,0.00024487418525721805
-0.310400032162399,-0.31760003216239896,1.008,0.48400002718,0.00045763199999999997,-0.021801803026126127,0.00024119860125721806
-0.310000032172499,-0.317200032172499,1.016,0.48400002718,0.00046126399999999997,-0.021801803026126127,0.00024487418525721805
-0.309600032182599,-0.316800032182599,1.016,0.5,0.00046126399999999997,-0.022522522522522525,0.00024558337326126126
-0.309200032192699,-0.31640003219269897,1.016,0.496000021696,0.00046126399999999997,-0.022342343319639642,0.00024540391477128075
-0.308800032202799,-0.316000032202799,1.008,0.496000021696,0.00045763199999999997,-0.022342343319639642,0.00024172833077128075
-0.308400032212899,-0.315600032212899,1.008,0.49200001359,0.00045763199999999997,-0.022162162774324326,0.0002415503123861514
-0.308000032222999,-0.31520003222299897,1.008,0.49200001359,0.00045763199999999997,-0.022162162774324326,0.0002415503123861514
-0.307600032233099,-0.314800032233099,1.008,0.480000019073,0.00045763199999999997,-0.021621622480765768,0.00024102490720315678
-0.30720003224319903,-0.314400032243199,1.008,0.480000019073,0.00045763199999999997,-0.021621622480765768,0.00024102490720315678
-0.306800032253299,-0.314000032253299,1.008,0.476000010967,0.00045763199999999997,-0.021441441935450452,0.00024085265459642273
-0.306400032263399,-0.313600032263399,1.016,0.488000035286,0.00046126399999999997,-0.021981983571441443,0.0002450493207585197
-0.306000032273499,-0.31320003227349896,1.016,0.49200001359,0.00046126399999999997,-0.022162162774324326,0.00024522589638615135
-0.305600032283599,-0.312800032283599,1.008,0.48400002718,0.00045763199999999997,-0.021801803026126127,0.00024119860125721806
-0.305200032293699,-0.312400032293699,1.016,0.49200001359,0.00046126399999999997,-0.022162162774324326,0.00024522589638615135
-0.304800032303799,-0.31200003230379897,1.016,0.488000035286,0.00046126399999999997,-0.021981983571441443,0.0002450493207585197
-0.304400032313899,-0.311600032313899,1.008,0.48400002718,0.00045763199999999997,-0.021801803026126127,0.00024119860125721806
-0.304000032323999,-0.311200032323999,1.016,0.496000021696,0.00046126399999999997,-0.022342343319639642,0.00024540391477128075
-0.303600032334099,-0.310800032334099,1.016,0.496000021696,0.00046126399999999997,-0.022342343319639642,0.00024540391477128075
-0.303200032344199,-0.310400032344199,1.008,0.496000021696,0.00045763199999999997,-0.022342343319639642,0.00024172833077128075
-0.302800032354299,-0.31000003235429896,1.016,0.49200001359,0.00046126399999999997,-0.022162162774324326,0.00024522589638615135
-0.302400032364399,-0.309600032364399,1.016,0.476000010967,0.00046126399999999997,-0.021441441935450452,0.0002445282385964227
-0.302000032374499,-0.309200032374499,1.016,0.496000021696,0.00046126399999999997,-0.022342343319639642,0.00024540391477128075
-0.301600032384599,-0.30880003238459897,1.008,0.48400002718,0.00045763199999999997,-0.021801803026126127,0.00024119860125721806
-0.301200032394699,-0.308400032394699,1.016,0.488000035286,0.00046126399999999997,-0.021981983571441443,0.0002450493207585197
-0.300800032404799,-0.308000032404799,1.016,0.5,0.00046126399999999997,-0.022522522522522525,0.00024558337326126126
-0.300400032414899,-0.30760003241489897,1.016,0.49200001359,0.00046126399999999997,-0.022162162774324326,0.00024522589638615135
-0.300000032424999,-0.307200032424999,1.008,0.488000035286,0.00045763199999999997,-0.021981983571441443,0.00024137373675851972
-0.299600032435099,-0.30680003243509896,1.008,0.48400002718,0.00045763199999999997,-0.021801803026126127,0.00024119860125721806
-0.299200032445199,-0.306400032445199,1.016,0.49200001359,0.00046126399999999997,-0.022162162774324326,0.00024522589638615135
-0.298800032455299,-0.306000032455299,1.008,0.48400002718,0.00045763199999999997,-0.021801803026126127,0.00024119860125721806
-0.298400032465399,-0.30560003246539896,1.008,0.480000019073,0.00045763199999999997,-0.021621622480765768,0.00024102490720315678
-0.298000032475499,-0.305200032475499,1.016,0.488000035286,0.00046126399999999997,-0.021981983571441443,0.0002450493207585197
-0.297600032485599,-0.304800032485599,1.008,0.48400002718,0.00045763199999999997,-0.021801803026126127,0.00024119860125721806
-0.297200032495699,-0.30440003249569897,1.016,0.49200001359,0.00046126399999999997,-0.022162162774324326,0.00024522589638615135
-0.296800032505799,-0.304000032505799,1.016,0.496000021696,0.00046126399999999997,-0.022342343319639642,0.00024540391477128075
-0.296400032515899,-0.303600032515899,1.016,0.5,0.00046126399999999997,-0.022522522522522525,0.00024558337326126126
-0.296000032525999,-0.303200032525999,1.024,0.496000021696,0.00046489599999999996,-0.022342343319639642,0.0002491085547712807
-0.295600032536099,-0.302800032536099,1.016,0.496000021696,0.00046126399999999997,-0.022342343319639642,0.00024540391477128075
-0.295200032546199,-0.30240003254619896,1.008,0.48400002718,0.00045763199999999997,-0.021801803026126127,0.00024119860125721806
-0.294800032556299,-0.302000032556299,1.0,0.496000021696,0.000454,-0.022342343319639642,0.00023808180277128072
-0.294400032566399,-0.301600032566399,1.016,0.496000021696,0.00046126399999999997,-0.022342343319639642,0.00024540391477128075
-0.294000032576499,-0.30120003257649897,1.016,0.496000021696,0.00046126399999999997,-0.022342343319639642,0.00024540391477128075
-0.293600032586599,-0.300800032586599,1.016,0.476000010967,0.00046126399999999997,-0.021441441935450452,0.0002445282385964227
-0.293200032596699,-0.300400032596699,1.008,0.496000021696,0.00045763199999999997,-0.022342343319639642,0.00024172833077128075
-0.292800032606799,-0.30000003260679897,1.008,0.472000032663,0.00045763199999999997,-0.02126126273256757,0.00024068184470422854
-0.292400032616899,-0.299600032616899,1.008,0.496000021696,0.00045763199999999997,-0.022342343319639642,0.00024172833077128075
-0.292000032626999,-0.29920003262699896,1.008,0.49200001359,0.00045763199999999997,-0.022162162774324326,0.0002415503123861514
-0.291600032637099,-0.298800032637099,1.016,0.49200001359,0.00046126399999999997,-0.022162162774324326,0.00024522589638615135
-0.291200032647199,-0.298400032647199,1.008,0.488000035286,0.00045763199999999997,-0.021981983571441443,0.00024137373675851972
-0.290800032657299,-0.29800003265729896,1.008,0.480000019073,0.00045763199999999997,-0.021621622480765768,0.00024102490720315678
-0.290400032667399,-0.297600032667399,1.008,0.488000035286,0.00045763199999999997,-0.021981983571441443,0.00024137373675851972
-0.290000032677499,-0.297200032677499,1.016,0.48400002718,0.00046126399999999997,-0.021801803026126127,0.00024487418525721805
-0.289600032687599,-0.29680003268759897,1.016,0.496000021696,0.00046126399999999997,-0.022342343319639642,0.00024540391477128075
-0.289200032697699,-0.296400032697699,1.008,0.496000021696,0.00045763199999999997,-0.022342343319639642,0.00024172833077128075
-0.288800032707799,-0.296000032707799,1.008,0.488000035286,0.00045763199999999997,-0.021981983571441443,0.00024137373675851972
-0.288400032717899,-0.295600032717899,1.016,0.480000019073,0.00046126399999999997,-0.021621622480765768,0.0002447004912031568
-0.288000032727999,-0.295200032727999,1.008,0.476000010967,0.00045763199999999997,-0.021441441935450452,0.00024085265459642273
-0.287600032738099,-0.29480003273809896,1.016,0.49200001359,0.00046126399999999997,-0.022162162774324326,0.00024522589638615135
-0.287200032748199,-0.294400032748199,1.008,0.488000035286,0.00045763199999999997,-0.021981983571441443,0.00024137373675851972
-0.286800032758299,-0.294000032758299,1.016,0.488000035286,0.00046126399999999997,-0.021981983571441443,0.0002450493207585197
-0.286400032768399,-0.29360003276839897,1.008,0.49200001359,0.00045763199999999997,-0.022162162774324326,0.0002415503123861514
-0.286000032778499,-0.293200032778499,1.016,0.49200001359,0.00046126399999999997,-0.022162162774324326,0.00024522589638615135
-0.285600032788599,-0.292800032788599,1.008,0.488000035286,0.00045763199999999997,-0.021981983571441443,0.00024137373675851972
-0.285200032798699,-0.29240003279869897,1.008,0.480000019073,0.00045763199999999997,-0.021621622480765768,0.00024102490720315678
-0.284800032808799,-0.292000032808799,1.0,0.48400002718,0.000454,-0.021801803026126127,0.00023755207325721803
-0.284400032818899,-0.29160003281889896,1.016,0.48400002718,0.00046126399999999997,-0.021801803026126127,0.00024487418525721805
-0.284000032828999,-0.291200032828999,1.008,0.488000035286,0.00045763199999999997,-0.021981983571441443,0.00024137373675851972
-0.283600032839099,-0.290800032839099,1.008,0.480000019073,0.00045763199999999997,-0.021621622480765768,0.00024102490720315678
-0.283200032849199,-0.29040003284919896,1.016,0.49200001359,0.00046126399999999997,-0.022162162774324326,0.00024522589638615135
-0.282800032859299,-0.290000032859299,1.008,0.49200001359,0.00045763199999999997,-0.022162162774324326,0.0002415503123861514
-0.282400032869399,-0.289600032869399,1.016,0.488000035286,0.00046126399999999997,-0.021981983571441443,0.0002450493207585197
-0.282000032879499,-0.28920003287949897,1.016,0.49200001359,0.00046126399999999997,-0.022162162774324326,0.00024522589638615135
-0.281600032889599,-0.288800032889599,1.008,0.488000035286,0.00045763199999999997,-0.021981983571441443,0.00024137373675851972
-0.281200032899699,-0.288400032899699,1.016,0.49200001359,0.00046126399999999997,-0.022162162774324326,0.00024522589638615135
-0.280800032909799,-0.288000032909799,1.016,0.49200001359,0.00046126399999999997,-0.022162162774324326,0.00024522589638615135
-0.280400032919899,-0.287600032919899,1.008,0.48400002718,0.00045763199999999997,-0.021801803026126127,0.00024119860125721806
-0.280000032929999,-0.28720003292999896,1.024,0.48400002718,0.00046489599999999996,-0.021801803026126127,0.00024857882525721804
-0.279600032940099,-0.286800032940099,1.008,0.488000035286,0.00045763199999999997,-0.021981983571441443,0.00024137373675851972
-0.279200032950199,-0.286400032950199,1.016,0.488000035286,0.00046126399999999997,-0.021981983571441443,0.0002450493207585197
-0.278800032960299,-0.28600003296029897,1.008,0.472000032663,0.00045763199999999997,-0.02126126273256757,0.00024068184470422854
-0.278400032970399,-0.285600032970399,1.008,0.480000019073,0.00045763199999999997,-0.021621622480765768,0.00024102490720315678
-0.278000032980499,-0.285200032980499,1.016,0.480000019073,0.00046126399999999997,-0.021621622480765768,0.0002447004912031568
-0.277600032990599,-0.284800032990599,1.024,0.49200001359,0.00046489599999999996,-0.022162162774324326,0.00024893053638615133
-0.277200033000699,-0.284400033000699,1.008,0.480000019073,0.00045763199999999997,-0.021621622480765768,0.00024102490720315678
-0.276800033010799,-0.28400003301079896,1.016,0.480000019073,0.00046126399999999997,-0.021621622480765768,0.0002447004912031568
-0.276400033020899,-0.283600033020899,1.016,0.488000035286,0.00046126399999999997,-0.021981983571441443,0.0002450493207585197
-0.276000033030999,-0.283200033030999,1.016,0.48400002718,0.00046126399999999997,-0.021801803026126127,0.00024487418525721805
-0.275600033041099,-0.28280003304109896,1.016,0.48400002718,0.00046126399999999997,-0.021801803026126127,0.00024487418525721805
-0.275200033051199,-0.282400033051199,1.008,0.480000019073,0.00045763199999999997,-0.021621622480765768,0.00024102490720315678
-0.274800033061299,-0.282000033061299,1.016,0.488000035286,0.00046126399999999997,-0.021981983571441443,0.0002450493207585197
-0.274400033071399,-0.28160003307139897,1.008,0.496000021696,0.00045763199999999997,-0.022342343319639642,0.00024172833077128075
-0.274000033081499,-0.281200033081499,1.008,0.476000010967,0.00045763199999999997,-0.021441441935450452,0.00024085265459642273
-0.27360003309159897,-0.28080003309159896,1.0,0.480000019073,0.000454,-0.021621622480765768,0.00023737837920315675
-0.273200033101699,-0.280400033101699,1.016,0.480000019073,0.00046126399999999997,-0.021621622480765768,0.0002447004912031568
-0.272800033111799,-0.280000033111799,1.016,0.49200001359,0.00046126399999999997,-0.022162162774324326,0.00024522589638615135
-0.272400033121899,-0.27960003312189896,1.016,0.49200001359,0.00046126399999999997,-0.022162162774324326,0.00024522589638615135
-0.272000033131999,-0.279200033131999,1.016,0.48400002718,0.00046126399999999997,-0.021801803026126127,0.00024487418525721805
-0.271600033142099,-0.278800033142099,1.008,0.476000010967,0.00045763199999999997,-0.021441441935450452,0.00024085265459642273
-0.271200033152199,-0.27840003315219897,1.016,0.480000019073,0.00046126399999999997,-0.021621622480765768,0.0002447004912031568
-0.270800033162299,-0.278000033162299,1.008,0.476000010967,0.00045763199999999997,-0.021441441935450452,0.00024085265459642273
-0.270400033172399,-0.277600033172399,1.016,0.49200001359,0.00046126399999999997,-0.022162162774324326,0.00024522589638615135
-0.270000033182499,-0.277200033182499,1.016,0.488000035286,0.00046126399999999997,-0.021981983571441443,0.0002450493207585197
-0.269600033192599,-0.276800033192599,1.016,0.488000035286,0.00046126399999999997,-0.021981983571441443,0.0002450493207585197
-0.269200033202699,-0.27640003320269896,1.008,0.480000019073,0.00045763199999999997,-0.021621622480765768,0.00024102490720315678
-0.268800033212799,-0.276000033212799,1.008,0.488000035286,0.00045763199999999997,-0.021981983571441443,0.00024137373675851972
-0.268400033222899,-0.275600033222899,1.016,0.48400002718,0.00046126399999999997,-0.021801803026126127,0.00024487418525721805
-0.268000033232999,-0.27520003323299896,1.008,0.488000035286,0.00045763199999999997,-0.021981983571441443,0.00024137373675851972
-0.267600033243099,-0.274800033243099,1.016,0.488000035286,0.00046126399999999997,-0.021981983571441443,0.0002450493207585197
-0.267200033253199,-0.274400033253199,1.008,0.488000035286,0.00045763199999999997,-0.021981983571441443,0.00024137373675851972
-0.266800033263299,-0.27400003326329897,1.008,0.468000024557,0.00045763199999999997,-0.021081082187252253,0.0002405124749813222
-0.266400033273399,-0.273600033273399,1.016,0.488000035286,0.00046126399999999997,-0.021981983571441443,0.0002450493207585197
-0.26600003328349897,-0.27320003328349896,1.008,0.49200001359,0.00045763199999999997,-0.022162162774324326,0.0002415503123861514
-0.265600033293599,-0.272800033293599,1.008,0.488000035286,0.00045763199999999997,-0.021981983571441443,0.00024137373675851972
-0.265200033303699,-0.272400033303699,1.008,0.496000021696,0.00045763199999999997,-0.022342343319639642,0.00024172833077128075
-0.264800033313799,-0.27200003331379896,1.008,0.48400002718,0.00045763199999999997,-0.021801803026126127,0.00024119860125721806
-0.264400033323899,-0.271600033323899,1.008,0.480000019073,0.00045763199999999997,-0.021621622480765768,0.00024102490720315678
-0.264000033333999,-0.271200033333999,1.016,0.496000021696,0.00046126399999999997,-0.022342343319639642,0.00024540391477128075
-0.263600033344099,-0.27080003334409897,1.016,0.496000021696,0.00046126399999999997,-0.022342343319639642,0.00024540391477128075
-0.263200033354199,-0.270400033354199,1.016,0.49200001359,0.00046126399999999997,-0.022162162774324326,0.00024522589638615135
-0.262800033364299,-0.270000033364299,1.008,0.476000010967,0.00045763199999999997,-0.021441441935450452,0.00024085265459642273
-0.262400033374399,-0.269600033374399,1.016,0.496000021696,0.00046126399999999997,-0.022342343319639642,0.00024540391477128075
-0.262000033384499,-0.269200033384499,1.016,0.488000035286,0.00046126399999999997,-0.021981983571441443,0.0002450493207585197
-0.261600033394599,-0.26880003339459896,0.992000043392,0.472000032663,0.000450368019699968,-0.02126126273256757,0.0002334178642465972
-0.261200033404699,-0.268400033404699,1.016,0.488000035286,0.00046126399999999997,-0.021981983571441443,0.0002450493207585197
-0.260800033414799,-0.268000033414799,1.008,0.496000021696,0.00045763199999999997,-0.022342343319639642,0.00024172833077128075
-0.260400033424899,-0.26760003342489896,1.016,0.480000019073,0.00046126399999999997,-0.021621622480765768,0.0002447004912031568
-0.260000033434999,-0.267200033434999,1.016,0.48400002718,0.00046126399999999997,-0.021801803026126127,0.00024487418525721805
-0.259600033445099,-0.266800033445099,1.016,0.488000035286,0.00046126399999999997,-0.021981983571441443,0.0002450493207585197
-0.259200033455199,-0.26640003345519897,1.016,0.49200001359,0.00046126399999999997,-0.022162162774324326,0.00024522589638615135
-0.258800033465299,-0.266000033465299,1.008,0.48400002718,0.00045763199999999997,-0.021801803026126127,0.00024119860125721806
-0.25840003347539897,-0.26560003347539896,1.016,0.480000019073,0.00046126399999999997,-0.021621622480765768,0.0002447004912031568
-0.258000033485499,-0.265200033485499,1.016,0.48400002718,0.00046126399999999997,-0.021801803026126127,0.00024487418525721805
-0.257600033495599,-0.264800033495599,1.016,0.488000035286,0.00046126399999999997,-0.021981983571441443,0.0002450493207585197
-0.257200033505699,-0.26440003350569896,1.016,0.5,0.00046126399999999997,-0.022522522522522525,0.00024558337326126126
-0.256800033515799,-0.264000033515799,1.016,0.488000035286,0.00046126399999999997,-0.021981983571441443,0.0002450493207585197
-0.256400033525899,-0.263600033525899,1.016,0.49200001359,0.00046126399999999997,-0.022162162774324326,0.00024522589638615135
-0.256000033535999,-0.26320003353599897,1.008,0.488000035286,0.00045763199999999997,-0.021981983571441443,0.00024137373675851972
-0.255600033546099,-0.262800033546099,1.008,0.48400002718,0.00045763199999999997,-0.021801803026126127,0.00024119860125721806
-0.255200033556199,-0.262400033556199,1.016,0.488000035286,0.00046126399999999997,-0.021981983571441443,0.0002450493207585197
-0.254800033566299,-0.262000033566299,1.016,0.496000021696,0.00046126399999999997,-0.022342343319639642,0.00024540391477128075
-0.254400033576399,-0.261600033576399,1.016,0.5,0.00046126399999999997,-0.022522522522522525,0.00024558337326126126
-0.254000033586499,-0.26120003358649896,1.016,0.48400002718,0.00046126399999999997,-0.021801803026126127,0.00024487418525721805
-0.253600033596599,-0.260800033596599,1.008,0.476000010967,0.00045763199999999997,-0.021441441935450452,0.00024085265459642273
-0.253200033606699,-0.260400033606699,1.024,0.504000008106,0.00046489599999999996,-0.022702703067837837,0.00024946891453021835
-0.252800033616799,-0.26000003361679896,1.008,0.49200001359,0.00045763199999999997,-0.022162162774324326,0.0002415503123861514
-0.252400033626899,-0.259600033626899,1.016,0.488000035286,0.00046126399999999997,-0.021981983571441443,0.0002450493207585197
-0.252000033636999,-0.259200033636999,1.016,0.49200001359,0.00046126399999999997,-0.022162162774324326,0.00024522589638615135
-0.251600033647099,-0.25880003364709897,1.016,0.488000035286,0.00046126399999999997,-0.021981983571441443,0.0002450493207585197
-0.251200033657199,-0.258400033657199,1.016,0.48400002718,0.00046126399999999997,-0.021801803026126127,0.00024487418525721805
-0.25080003366729897,-0.25800003366729896,1.008,0.49200001359,0.00045763199999999997,-0.022162162774324326,0.0002415503123861514
-0.250400033677399,-0.257600033677399,1.016,0.480000019073,0.00046126399999999997,-0.021621622480765768,0.0002447004912031568
-0.250000033687499,-0.257200033687499,1.016,0.488000035286,0.00046126399999999997,-0.021981983571441443,0.0002450493207585197
-0.249600033697599,-0.256800033697599,1.008,0.49200001359,0.00045763199999999997,-0.022162162774324326,0.0002415503123861514
-0.249200033707699,-0.256400033707699,1.016,0.48400002718,0.00046126399999999997,-0.021801803026126127,0.00024487418525721805
-0.248800033717799,-0.256000033717799,1.008,0.49200001359,0.00045763199999999997,-0.022162162774324326,0.0002415503123861514
-0.24840003372789898,-0.25560003372789897,1.008,0.480000019073,0.00045763199999999997,-0.021621622480765768,0.00024102490720315678
-0.248000033737999,-0.255200033737999,1.008,0.468000024557,0.00045763199999999997,-0.021081082187252253,0.0002405124749813222
-0.247600033748099,-0.254800033748099,1.016,0.488000035286,0.00046126399999999997,-0.021981983571441443,0.0002450493207585197
-0.247200033758199,-0.254400033758199,1.008,0.48400002718,0.00045763199999999997,-0.021801803026126127,0.00024119860125721806
-0.246800033768299,-0.254000033768299,1.016,0.496000021696,0.00046126399999999997,-0.022342343319639642,0.00024540391477128075
-0.246400033778399,-0.253600033778399,1.008,0.48400002718,0.00045763199999999997,-0.021801803026126127,0.00024119860125721806
-0.246000033788499,-0.253200033788499,1.016,0.5,0.00046126399999999997,-0.022522522522522525,0.00024558337326126126
-0.245600033798599,-0.252800033798599,1.024,0.488000035286,0.00046489599999999996,-0.021981983571441443,0.00024875396075851967
-0.245200033808699,-0.252400033808699,1.008,0.48400002718,0.00045763199999999997,-0.021801803026126127,0.00024119860125721806
-0.244800033818799,-0.252000033818799,1.016,0.488000035286,0.00046126399999999997,-0.021981983571441443,0.0002450493207585197
-0.244400033828899,-0.251600033828899,1.016,0.488000035286,0.00046126399999999997,-0.021981983571441443,0.0002450493207585197
-0.244000033838999,-0.25120003383899897,1.008,0.48400002718,0.00045763199999999997,-0.021801803026126127,0.00024119860125721806
-0.243600033849099,-0.250800033849099,1.016,0.48400002718,0.00046126399999999997,-0.021801803026126127,0.00024487418525721805
-0.243200033859199,-0.250400033859199,1.008,0.49200001359,0.00045763199999999997,-0.022162162774324326,0.0002415503123861514
-0.242800033869299,-0.250000033869299,1.008,0.496000021696,0.00045763199999999997,-0.022342343319639642,0.00024172833077128075
-0.24240003387939899,-0.249600033879399,1.016,0.5,0.00046126399999999997,-0.022522522522522525,0.00024558337326126126
-0.242000033889499,-0.24920003388949902,1.008,0.480000019073,0.00045763199999999997,-0.021621622480765768,0.00024102490720315678
-0.241600033899599,-0.248800033899599,1.016,0.49200001359,0.00046126399999999997,-0.022162162774324326,0.00024522589638615135
-0.241200033909699,-0.248400033909699,1.016,0.48400002718,0.00046126399999999997,-0.021801803026126127,0.00024487418525721805
-0.24080003391979898,-0.248000033919799,1.016,0.48400002718,0.00046126399999999997,-0.021801803026126127,0.00024487418525721805
-0.240400033929899,-0.24760003392989902,1.008,0.476000010967,0.00045763199999999997,-0.021441441935450452,0.00024085265459642273
-0.240000033939999,-0.247200033939999,1.016,0.49200001359,0.00046126399999999997,-0.022162162774324326,0.00024522589638615135
-0.239600033950099,-0.246800033950099,1.016,0.49200001359,0.00046126399999999997,-0.022162162774324326,0.00024522589638615135
-0.23920003396019898,-0.246400033960199,1.016,0.488000035286,0.00046126399999999997,-0.021981983571441443,0.0002450493207585197
-0.238800033970299,-0.24600003397029901,1.008,0.48400002718,0.00045763199999999997,-0.021801803026126127,0.00024119860125721806
-0.238400033980399,-0.245600033980399,1.016,0.496000021696,0.00046126399999999997,-0.022342343319639642,0.00024540391477128075
-0.238000033990499,-0.245200033990499,1.008,0.488000035286,0.00045763199999999997,-0.021981983571441443,0.00024137373675851972
-0.237600034000599,-0.24480003400059902,1.016,0.496000021696,0.00046126399999999997,-0.022342343319639642,0.00024540391477128075
-0.237200034010699,-0.244400034010699,1.016,0.488000035286,0.00046126399999999997,-0.021981983571441443,0.0002450493207585197
-0.236800034020799,-0.244000034020799,1.016,0.49200001359,0.00046126399999999997,-0.022162162774324326,0.00024522589638615135
-0.236400034030899,-0.243600034030899,1.008,0.480000019073,0.00045763199999999997,-0.021621622480765768,0.00024102490720315678
-0.236000034040999,-0.24320003404099902,1.008,0.480000019073,0.00045763199999999997,-0.021621622480765768,0.00024102490720315678
-0.235600034051099,-0.242800034051099,1.016,0.5,0.00046126399999999997,-0.022522522522522525,0.00024558337326126126
-0.235200034061199,-0.242400034061199,1.008,0.480000019073,0.00045763199999999997,-0.021621622480765768,0.00024102490720315678
-0.23480003407129899,-0.242000034071299,1.016,0.496000021696,0.00046126399999999997,-0.022342343319639642,0.00024540391477128075
-0.234400034081399,-0.24160003408139902,1.016,0.496000021696,0.00046126399999999997,-0.022342343319639642,0.00024540391477128075
-0.234000034091499,-0.241200034091499,1.016,0.48400002718,0.00046126399999999997,-0.021801803026126127,0.00024487418525721805
-0.233600034101599,-0.240800034101599,1.008,0.488000035286,0.00045763199999999997,-0.021981983571441443,0.00024137373675851972
-0.23320003411169898,-0.240400034111699,1.016,0.49200001359,0.00046126399999999997,-0.022162162774324326,0.00024522589638615135
-0.232800034121799,-0.24000003412179902,1.016,0.488000035286,0.00046126399999999997,-0.021981983571441443,0.0002450493207585197
-0.232400034131899,-0.239600034131899,1.016,0.49200001359,0.00046126399999999997,-0.022162162774324326,0.00024522589638615135
-0.232000034141999,-0.239200034141999,1.016,0.480000019073,0.00046126399999999997,-0.021621622480765768,0.0002447004912031568
-0.23160003415209898,-0.238800034152099,1.016,0.496000021696,0.00046126399999999997,-0.022342343319639642,0.00024540391477128075
-0.231200034162199,-0.23840003416219901,1.016,0.504000008106,0.00046126399999999997,-0.022702703067837837,0.00024576427453021837
-0.230800034172299,-0.238000034172299,1.024,0.488000035286,0.00046489599999999996,-0.021981983571441443,0.00024875396075851967
-0.230400034182399,-0.237600034182399,1.008,0.48400002718,0.00045763199999999997,-0.021801803026126127,0.00024119860125721806
-0.230000034192499,-0.23720003419249902,1.008,0.49200001359,0.00045763199999999997,-0.022162162774324326,0.0002415503123861514
-0.229600034202599,-0.236800034202599,1.008,0.480000019073,0.00045763199999999997,-0.021621622480765768,0.00024102490720315678
-0.229200034212699,-0.236400034212699,1.008,0.488000035286,0.00045763199999999997,-0.021981983571441443,0.00024137373675851972
-0.228800034222799,-0.236000034222799,1.008,0.48400002718,0.00045763199999999997,-0.021801803026126127,0.00024119860125721806
-0.228400034232899,-0.23560003423289902,1.008,0.480000019073,0.00045763199999999997,-0.021621622480765768,0.00024102490720315678
-0.228000034242999,-0.235200034242999,1.008,0.480000019073,0.00045763199999999997,-0.021621622480765768,0.00024102490720315678
-0.227600034253099,-0.234800034253099,1.008,0.488000035286,0.00045763199999999997,-0.021981983571441443,0.00024137373675851972
-0.22720003426319899,-0.234400034263199,1.008,0.496000021696,0.00045763199999999997,-0.022342343319639642,0.00024172833077128075
-0.226800034273299,-0.23400003427329902,1.016,0.488000035286,0.00046126399999999997,-0.021981983571441443,0.0002450493207585197
-0.226400034283399,-0.233600034283399,1.008,0.476000010967,0.00045763199999999997,-0.021441441935450452,0.00024085265459642273
-0.226000034293499,-0.233200034293499,1.008,0.476000010967,0.00045763199999999997,-0.021441441935450452,0.00024085265459642273
-0.22560003430359898,-0.232800034303599,1.008,0.480000019073,0.00045763199999999997,-0.021621622480765768,0.00024102490720315678
-0.225200034313699,-0.23240003431369902,1.016,0.48400002718,0.00046126399999999997,-0.021801803026126127,0.00024487418525721805
-0.224800034323799,-0.232000034323799,1.016,0.49200001359,0.00046126399999999997,-0.022162162774324326,0.00024522589638615135
-0.224400034333899,-0.231600034333899,1.016,0.488000035286,0.00046126399999999997,-0.021981983571441443,0.0002450493207585197
-0.22400003434399898,-0.231200034343999,1.016,0.49200001359,0.00046126399999999997,-0.022162162774324326,0.00024522589638615135
-0.223600034354099,-0.23080003435409902,1.016,0.488000035286,0.00046126399999999997,-0.021981983571441443,0.0002450493207585197
-0.223200034364199,-0.230400034364199,1.008,0.488000035286,0.00045763199999999997,-0.021981983571441443,0.00024137373675851972
-0.222800034374299,-0.230000034374299,1.008,0.476000010967,0.00045763199999999997,-0.021441441935450452,0.00024085265459642273
-0.22240003438439898,-0.229600034384399,1.016,0.476000010967,0.00046126399999999997,-0.021441441935450452,0.0002445282385964227
-0.222000034394499,-0.229200034394499,1.016,0.496000021696,0.00046126399999999997,-0.022342343319639642,0.00024540391477128075
-0.221600034404599,-0.228800034404599,1.024,0.488000035286,0.00046489599999999996,-0.021981983571441443,0.00024875396075851967
-0.221200034414699,-0.228400034414699,1.016,0.5,0.00046126399999999997,-0.022522522522522525,0.00024558337326126126
-0.220800034424799,-0.22800003442479902,1.008,0.48400002718,0.00045763199999999997,-0.021801803026126127,0.00024119860125721806
-0.220400034434899,-0.227600034434899,1.016,0.488000035286,0.00046126399999999997,-0.021981983571441443,0.0002450493207585197
-0.220000034444999,-0.227200034444999,1.0,0.48400002718,0.000454,-0.021801803026126127,0.00023755207325721803
-0.21960003445509899,-0.226800034455099,1.008,0.496000021696,0.00045763199999999997,-0.022342343319639642,0.00024172833077128075
-0.219200034465199,-0.22640003446519902,1.008,0.49200001359,0.00045763199999999997,-0.022162162774324326,0.0002415503123861514
-0.218800034475299,-0.226000034475299,1.008,0.480000019073,0.00045763199999999997,-0.021621622480765768,0.00024102490720315678
-0.218400034485399,-0.225600034485399,1.024,0.488000035286,0.00046489599999999996,-0.021981983571441443,0.00024875396075851967
-0.21800003449549898,-0.225200034495499,1.008,0.476000010967,0.00045763199999999997,-0.021441441935450452,0.00024085265459642273
-0.217600034505599,-0.22480003450559902,1.008,0.476000010967,0.00045763199999999997,-0.021441441935450452,0.00024085265459642273
-0.217200034515699,-0.224400034515699,1.008,0.480000019073,0.00045763199999999997,-0.021621622480765768,0.00024102490720315678
-0.216800034525799,-0.224000034525799,1.016,0.480000019073,0.00046126399999999997,-0.021621622480765768,0.0002447004912031568
-0.21640003453589898,-0.223600034535899,1.008,0.48400002718,0.00045763199999999997,-0.021801803026126127,0.00024119860125721806
-0.216000034545999,-0.22320003454599902,1.008,0.48400002718,0.00045763199999999997,-0.021801803026126127,0.00024119860125721806
-0.215600034556099,-0.222800034556099,1.016,0.488000035286,0.00046126399999999997,-0.021981983571441443,0.0002450493207585197
-0.215200034566199,-0.222400034566199,1.024,0.488000035286,0.00046489599999999996,-0.021981983571441443,0.00024875396075851967
-0.21480003457629898,-0.222000034576299,1.016,0.480000019073,0.00046126399999999997,-0.021621622480765768,0.0002447004912031568
-0.214400034586399,-0.22160003458639901,1.016,0.476000010967,0.00046126399999999997,-0.021441441935450452,0.0002445282385964227
-0.214000034596499,-0.221200034596499,1.016,0.488000035286,0.00046126399999999997,-0.021981983571441443,0.0002450493207585197
-0.213600034606599,-0.220800034606599,1.016,0.496000021696,0.00046126399999999997,-0.022342343319639642,0.00024540391477128075
-0.213200034616699,-0.22040003461669902,1.016,0.496000021696,0.00046126399999999997,-0.022342343319639642,0.00024540391477128075
-0.212800034626799,-0.220000034626799,1.008,0.496000021696,0.00045763199999999997,-0.022342343319639642,0.00024172833077128075
-0.212400034636899,-0.219600034636899,1.008,0.488000035286,0.00045763199999999997,-0.021981983571441443,0.00024137373675851972
-0.21200003464699899,-0.219200034646999,1.008,0.476000010967,0.00045763199999999997,-0.021441441935450452,0.00024085265459642273
-0.211600034657099,-0.21880003465709902,1.016,0.49200001359,0.00046126399999999997,-0.022162162774324326,0.00024522589638615135
-0.211200034667199,-0.218400034667199,1.008,0.480000019073,0.00045763199999999997,-0.021621622480765768,0.00024102490720315678
-0.210800034677299,-0.218000034677299,1.016,0.480000019073,0.00046126399999999997,-0.021621622480765768,0.0002447004912031568
-0.21040003468739898,-0.217600034687399,1.008,0.488000035286,0.00045763199999999997,-0.021981983571441443,0.00024137373675851972
-0.210000034697499,-0.21720003469749902,1.024,0.5,0.00046489599999999996,-0.022522522522522525,0.00024928801326126125
-0.209600034707599,-0.216800034707599,1.016,0.49200001359,0.00046126399999999997,-0.022162162774324326,0.00024522589638615135
-0.209200034717699,-0.216400034717699,1.016,0.48400002718,0.00046126399999999997,-0.021801803026126127,0.00024487418525721805
-0.20880003472779898,-0.216000034727799,1.008,0.480000019073,0.00045763199999999997,-0.021621622480765768,0.00024102490720315678
-0.208400034737899,-0.21560003473789902,1.008,0.476000010967,0.00045763199999999997,-0.021441441935450452,0.00024085265459642273
-0.208000034747999,-0.215200034747999,1.008,0.49200001359,0.00045763199999999997,-0.022162162774324326,0.0002415503123861514
-0.207600034758099,-0.214800034758099,1.008,0.488000035286,0.00045763199999999997,-0.021981983571441443,0.00024137373675851972
-0.20720003476819898,-0.214400034768199,1.016,0.496000021696,0.00046126399999999997,-0.022342343319639642,0.00024540391477128075
-0.206800034778299,-0.21400003477829901,1.008,0.496000021696,0.00045763199999999997,-0.022342343319639642,0.00024172833077128075
-0.206400034788399,-0.213600034788399,1.008,0.49200001359,0.00045763199999999997,-0.022162162774324326,0.0002415503123861514
-0.206000034798499,-0.213200034798499,1.016,0.488000035286,0.00046126399999999997,-0.021981983571441443,0.0002450493207585197
-0.20560003480859898,-0.212800034808599,1.016,0.5,0.00046126399999999997,-0.022522522522522525,0.00024558337326126126
-0.205200034818699,-0.212400034818699,1.008,0.48400002718,0.00045763199999999997,-0.021801803026126127,0.00024119860125721806
-0.204800034828799,-0.212000034828799,1.008,0.48400002718,0.00045763199999999997,-0.021801803026126127,0.00024119860125721806
-0.204400034838899,-0.211600034838899,1.008,0.49200001359,0.00045763199999999997,-0.022162162774324326,0.0002415503123861514
-0.204000034848999,-0.21120003484899902,1.008,0.480000019073,0.00045763199999999997,-0.021621622480765768,0.00024102490720315678
-0.203600034859099,-0.210800034859099,1.008,0.48400002718,0.00045763199999999997,-0.021801803026126127,0.00024119860125721806
-0.203200034869199,-0.210400034869199,1.008,0.488000035286,0.00045763199999999997,-0.021981983571441443,0.00024137373675851972
-0.20280003487929898,-0.210000034879299,1.008,0.5,0.00045763199999999997,-0.022522522522522525,0.00024190778926126127
-0.202400034889399,-0.20960003488939902,1.0,0.472000032663,0.000454,-0.02126126273256757,0.0002370353167042285
-0.202000034899499,-0.209200034899499,1.016,0.496000021696,0.00046126399999999997,-0.022342343319639642,0.00024540391477128075
-0.201600034909599,-0.208800034909599,1.008,0.488000035286,0.00045763199999999997,-0.021981983571441443,0.00024137373675851972
-0.20120003491969898,-0.208400034919699,1.008,0.488000035286,0.00045763199999999997,-0.021981983571441443,0.00024137373675851972
-0.200800034929799,-0.20800003492979902,1.016,0.49200001359,0.00046126399999999997,-0.022162162774324326,0.00024522589638615135
-0.200400034939899,-0.207600034939899,1.016,0.49200001359,0.00046126399999999997,-0.022162162774324326,0.00024522589638615135
-0.200000034949999,-0.207200034949999,1.016,0.488000035286,0.00046126399999999997,-0.021981983571441443,0.0002450493207585197
-0.19960003496009898,-0.206800034960099,1.016,0.5,0.00046126399999999997,-0.022522522522522525,0.00024558337326126126
-0.199200034970199,-0.20640003497019901,1.008,0.48400002718,0.00045763199999999997,-0.021801803026126127,0.00024119860125721806
-0.198800034980299,-0.206000034980299,1.008,0.49200001359,0.00045763199999999997,-0.022162162774324326,0.0002415503123861514
-0.198400034990399,-0.205600034990399,1.016,0.496000021696,0.00046126399999999997,-0.022342343319639642,0.00024540391477128075
-0.19800003500049898,-0.205200035000499,1.016,0.49200001359,0.00046126399999999997,-0.022162162774324326,0.00024522589638615135
-0.197600035010599,-0.204800035010599,1.016,0.48400002718,0.00046126399999999997,-0.021801803026126127,0.00024487418525721805
-0.197200035020699,-0.204400035020699,1.008,0.49200001359,0.00045763199999999997,-0.022162162774324326,0.0002415503123861514
-0.196800035030799,-0.204000035030799,1.008,0.488000035286,0.00045763199999999997,-0.021981983571441443,0.00024137373675851972
-0.196400035040899,-0.20360003504089902,1.016,0.496000021696,0.00046126399999999997,-0.022342343319639642,0.00024540391477128075
-0.196000035050999,-0.203200035050999,1.008,0.48400002718,0.00045763199999999997,-0.021801803026126127,0.00024119860125721806
-0.195600035061099,-0.202800035061099,1.016,0.496000021696,0.00046126399999999997,-0.022342343319639642,0.00024540391477128075
-0.19520003507119899,-0.202400035071199,1.016,0.49200001359,0.00046126399999999997,-0.022162162774324326,0.00024522589638615135
-0.194800035081299,-0.20200003508129902,1.016,0.49200001359,0.00046126399999999997,-0.022162162774324326,0.00024522589638615135
-0.194400035091399,-0.201600035091399,1.008,0.488000035286,0.00045763199999999997,-0.021981983571441443,0.00024137373675851972
-0.194000035101499,-0.201200035101499,1.016,0.48400002718,0.00046126399999999997,-0.021801803026126127,0.00024487418525721805
-0.19360003511159898,-0.200800035111599,1.0,0.476000010967,0.000454,-0.021441441935450452,0.0002372061265964227
-0.193200035121699,-0.20040003512169902,1.016,0.496000021696,0.00046126399999999997,-0.022342343319639642,0.00024540391477128075
-0.192800035131799,-0.200000035131799,1.008,0.488000035286,0.00045763199999999997,-0.021981983571441443,0.00024137373675851972
-0.192400035141899,-0.199600035141899,1.008,0.48400002718,0.00045763199999999997,-0.021801803026126127,0.00024119860125721806
-0.19200003515199898,-0.199200035151999,1.016,0.48400002718,0.00046126399999999997,-0.021801803026126127,0.00024487418525721805
-0.191600035162099,-0.19880003516209901,1.008,0.480000019073,0.00045763199999999997,-0.021621622480765768,0.00024102490720315678
-0.191200035172199,-0.198400035172199,1.0,0.488000035286,0.000454,-0.021981983571441443,0.0002377272087585197
-0.190800035182299,-0.198000035182299,1.016,0.48400002718,0.00046126399999999997,-0.021801803026126127,0.00024487418525721805
-0.19040003519239898,-0.197600035192399,1.016,0.48400002718,0.00046126399999999997,-0.021801803026126127,0.00024487418525721805
-0.190000035202499,-0.197200035202499,1.016,0.49200001359,0.00046126399999999997,-0.022162162774324326,0.00024522589638615135
-0.189600035212599,-0.196800035212599,1.008,0.48400002718,0.00045763199999999997,-0.021801803026126127,0.00024119860125721806
-0.189200035222699,-0.196400035222699,1.016,0.508000016212,0.00046126399999999997,-0.022882883613153153,0.0002459466172464591
-0.18880003523279898,-0.196000035232799,1.016,0.49200001359,0.00046126399999999997,-0.022162162774324326,0.00024522589638615135
-0.188400035242899,-0.195600035242899,1.016,0.496000021696,0.00046126399999999997,-0.022342343319639642,0.00024540391477128075
-0.188000035252999,-0.195200035252999,1.016,0.49200001359,0.00046126399999999997,-0.022162162774324326,0.00024522589638615135
-0.18760003526309899,-0.194800035263099,1.008,0.48400002718,0.00045763199999999997,-0.021801803026126127,0.00024119860125721806
-0.187200035273199,-0.19440003527319902,1.016,0.5,0.00046126399999999997,-0.022522522522522525,0.00024558337326126126
-0.186800035283299,-0.194000035283299,1.0,0.48400002718,0.000454,-0.021801803026126127,0.00023755207325721803
-0.186400035293399,-0.193600035293399,1.008,0.488000035286,0.00045763199999999997,-0.021981983571441443,0.00024137373675851972
-0.18600003530349898,-0.193200035303499,1.016,0.48400002718,0.00046126399999999997,-0.021801803026126127,0.00024487418525721805
-0.185600035313599,-0.19280003531359902,1.016,0.49200001359,0.00046126399999999997,-0.022162162774324326,0.00024522589638615135
-0.185200035323699,-0.192400035323699,1.008,0.48400002718,0.00045763199999999997,-0.021801803026126127,0.00024119860125721806
-0.184800035333799,-0.192000035333799,1.016,0.476000010967,0.00046126399999999997,-0.021441441935450452,0.0002445282385964227
-0.18440003534389898,-0.191600035343899,1.016,0.49200001359,0.00046126399999999997,-0.022162162774324326,0.00024522589638615135
-0.184000035353999,-0.19120003535399901,1.008,0.48400002718,0.00045763199999999997,-0.021801803026126127,0.00024119860125721806
-0.183600035364099,-0.190800035364099,1.016,0.488000035286,0.00046126399999999997,-0.021981983571441443,0.0002450493207585197
-0.183200035374199,-0.190400035374199,1.016,0.496000021696,0.00046126399999999997,-0.022342343319639642,0.00024540391477128075
-0.18280003538429898,-0.190000035384299,1.008,0.488000035286,0.00045763199999999997,-0.021981983571441443,0.00024137373675851972
-0.182400035394399,-0.189600035394399,1.016,0.48400002718,0.00046126399999999997,-0.021801803026126127,0.00024487418525721805
-0.182000035404499,-0.189200035404499,1.016,0.496000021696,0.00046126399999999997,-0.022342343319639642,0.00024540391477128075
-0.181600035414599,-0.188800035414599,1.0,0.48400002718,0.000454,-0.021801803026126127,0.00023755207325721803
-0.18120003542469898,-0.188400035424699,1.016,0.488000035286,0.00046126399999999997,-0.021981983571441443,0.0002450493207585197
-0.180800035434799,-0.188000035434799,1.008,0.480000019073,0.00045763199999999997,-0.021621622480765768,0.00024102490720315678
-0.180400035444899,-0.187600035444899,1.016,0.48400002718,0.00046126399999999997,-0.021801803026126127,0.00024487418525721805
-0.18000003545499899,-0.187200035454999,1.008,0.480000019073,0.00045763199999999997,-0.021621622480765768,0.00024102490720315678
-0.17960003546509898,-0.186800035465099,1.008,0.476000010967,0.00045763199999999997,-0.021441441935450452,0.00024085265459642273
-0.179200035475199,-0.186400035475199,1.008,0.488000035286,0.00045763199999999997,-0.021981983571441443,0.00024137373675851972
-0.178800035485299,-0.186000035485299,1.008,0.480000019073,0.00045763199999999997,-0.021621622480765768,0.00024102490720315678
-0.17840003549539898,-0.185600035495399,1.0,0.480000019073,0.000454,-0.021621622480765768,0.00023737837920315675
-0.178000035505499,-0.18520003550549902,1.008,0.488000035286,0.00045763199999999997,-0.021981983571441443,0.00024137373675851972
-0.177600035515599,-0.184800035515599,1.008,0.488000035286,0.00045763199999999997,-0.021981983571441443,0.00024137373675851972
-0.177200035525699,-0.184400035525699,1.016,0.49200001359,0.00046126399999999997,-0.022162162774324326,0.00024522589638615135
-0.17680003553579898,-0.184000035535799,1.0,0.488000035286,0.000454,-0.021981983571441443,0.0002377272087585197
-0.176400035545899,-0.18360003554589902,1.016,0.5,0.00046126399999999997,-0.022522522522522525,0.00024558337326126126
-0.176000035555999,-0.183200035555999,1.016,0.488000035286,0.00046126399999999997,-0.021981983571441443,0.0002450493207585197
-0.175600035566099,-0.182800035566099,1.008,0.488000035286,0.00045763199999999997,-0.021981983571441443,0.00024137373675851972
-0.17520003557619898,-0.182400035576199,1.016,0.48400002718,0.00046126399999999997,-0.021801803026126127,0.00024487418525721805
-0.174800035586299,-0.182000035586299,1.008,0.488000035286,0.00045763199999999997,-0.021981983571441443,0.00024137373675851972
-0.174400035596399,-0.181600035596399,1.016,0.488000035286,0.00046126399999999997,-0.021981983571441443,0.0002450493207585197
-0.174000035606499,-0.181200035606499,1.016,0.49200001359,0.00046126399999999997,-0.022162162774324326,0.00024522589638615135
-0.17360003561659898,-0.180800035616599,1.016,0.496000021696,0.00046126399999999997,-0.022342343319639642,0.00024540391477128075
-0.173200035626699,-0.180400035626699,1.016,0.488000035286,0.00046126399999999997,-0.021981983571441443,0.0002450493207585197
-0.172800035636799,-0.180000035636799,1.016,0.496000021696,0.00046126399999999997,-0.022342343319639642,0.00024540391477128075
-0.17240003564689899,-0.179600035646899,1.024,0.49200001359,0.00046489599999999996,-0.022162162774324326,0.00024893053638615133
-0.17200003565699898,-0.179200035656999,1.016,0.48400002718,0.00046126399999999997,-0.021801803026126127,0.00024487418525721805
-0.171600035667099,-0.178800035667099,1.008,0.476000010967,0.00045763199999999997,-0.021441441935450452,0.00024085265459642273
-0.171200035677199,-0.178400035677199,1.008,0.480000019073,0.00045763199999999997,-0.021621622480765768,0.00024102490720315678
-0.17080003568729898,-0.178000035687299,1.016,0.476000010967,0.00046126399999999997,-0.021441441935450452,0.0002445282385964227
-0.170400035697399,-0.17760003569739902,1.016,0.488000035286,0.00046126399999999997,-0.021981983571441443,0.0002450493207585197
-0.170000035707499,-0.177200035707499,1.008,0.488000035286,0.00045763199999999997,-0.021981983571441443,0.00024137373675851972
-0.169600035717599,-0.176800035717599,1.008,0.480000019073,0.00045763199999999997,-0.021621622480765768,0.00024102490720315678
-0.16920003572769898,-0.176400035727699,1.016,0.496000021696,0.00046126399999999997,-0.022342343319639642,0.00024540391477128075
-0.168800035737799,-0.17600003573779902,1.008,0.496000021696,0.00045763199999999997,-0.022342343319639642,0.00024172833077128075
-0.168400035747899,-0.175600035747899,1.016,0.496000021696,0.00046126399999999997,-0.022342343319639642,0.00024540391477128075
-0.168000035757999,-0.175200035757999,1.016,0.48400002718,0.00046126399999999997,-0.021801803026126127,0.00024487418525721805
-0.16760003576809898,-0.174800035768099,1.024,0.49200001359,0.00046489599999999996,-0.022162162774324326,0.00024893053638615133
-0.167200035778199,-0.17440003577819901,1.016,0.496000021696,0.00046126399999999997,-0.022342343319639642,0.00024540391477128075
-0.166800035788299,-0.174000035788299,1.008,0.480000019073,0.00045763199999999997,-0.021621622480765768,0.00024102490720315678
-0.166400035798399,-0.173600035798399,1.008,0.480000019073,0.00045763199999999997,-0.021621622480765768,0.00024102490720315678
-0.16600003580849898,-0.173200035808499,1.016,0.48400002718,0.00046126399999999997,-0.021801803026126127,0.00024487418525721805
-0.165600035818599,-0.172800035818599,1.008,0.48400002718,0.00045763199999999997,-0.021801803026126127,0.00024119860125721806
-0.165200035828699,-0.172400035828699,1.008,0.480000019073,0.00045763199999999997,-0.021621622480765768,0.00024102490720315678
-0.16480003583879899,-0.172000035838799,1.016,0.48400002718,0.00046126399999999997,-0.021801803026126127,0.00024487418525721805
-0.16440003584889898,-0.171600035848899,1.016,0.5,0.00046126399999999997,-0.022522522522522525,0.00024558337326126126
-0.164000035858999,-0.171200035858999,1.008,0.472000032663,0.00045763199999999997,-0.02126126273256757,0.00024068184470422854
-0.163600035869099,-0.170800035869099,1.016,0.49200001359,0.00046126399999999997,-0.022162162774324326,0.00024522589638615135
-0.16320003587919898,-0.170400035879199,1.008,0.480000019073,0.00045763199999999997,-0.021621622480765768,0.00024102490720315678
-0.16280003588929898,-0.170000035889299,1.016,0.48400002718,0.00046126399999999997,-0.021801803026126127,0.00024487418525721805
-0.162400035899399,-0.169600035899399,1.016,0.480000019073,0.00046126399999999997,-0.021621622480765768,0.0002447004912031568
-0.162000035909499,-0.169200035909499,1.016,0.49200001359,0.00046126399999999997,-0.022162162774324326,0.00024522589638615135
-0.16160003591959898,-0.168800035919599,1.008,0.49200001359,0.00045763199999999997,-0.022162162774324326,0.0002415503123861514
-0.161200035929699,-0.16840003592969902,1.008,0.476000010967,0.00045763199999999997,-0.021441441935450452,0.00024085265459642273
-0.160800035939799,-0.168000035939799,1.008,0.488000035286,0.00045763199999999997,-0.021981983571441443,0.00024137373675851972
-0.160400035949899,-0.167600035949899,1.008,0.468000024557,0.00045763199999999997,-0.021081082187252253,0.0002405124749813222
-0.16000003595999898,-0.167200035959999,1.016,0.488000035286,0.00046126399999999997,-0.021981983571441443,0.0002450493207585197
-0.159600035970099,-0.16680003597009901,1.016,0.48400002718,0.00046126399999999997,-0.021801803026126127,0.00024487418525721805
-0.159200035980199,-0.166400035980199,1.008,0.488000035286,0.00045763199999999997,-0.021981983571441443,0.00024137373675851972
-0.158800035990299,-0.166000035990299,1.008,0.49200001359,0.00045763199999999997,-0.022162162774324326,0.0002415503123861514
-0.15840003600039898,-0.165600036000399,1.016,0.488000035286,0.00046126399999999997,-0.021981983571441443,0.0002450493207585197
-0.158000036010499,-0.165200036010499,1.024,0.488000035286,0.00046489599999999996,-0.021981983571441443,0.00024875396075851967
-0.157600036020599,-0.164800036020599,1.0320001,0.496000021696,0.0004685280454,-0.022342343319639642,0.00025284229762408307
-0.157200036030699,-0.164400036030699,1.016,0.488000035286,0.00046126399999999997,-0.021981983571441443,0.0002450493207585197
-0.15680003604079898,-0.164000036040799,1.0,0.480000019073,0.000454,-0.021621622480765768,0.00023737837920315675
-0.156400036050899,-0.163600036050899,1.016,0.496000021696,0.00046126399999999997,-0.022342343319639642,0.00024540391477128075
-0.156000036060999,-0.163200036060999,1.016,0.496000021696,0.00046126399999999997,-0.022342343319639642,0.00024540391477128075
-0.15560003607109898,-0.162800036071099,1.008,0.49200001359,0.00045763199999999997,-0.022162162774324326,0.0002415503123861514
-0.15520003608119898,-0.162400036081199,1.016,0.496000021696,0.00046126399999999997,-0.022342343319639642,0.00024540391477128075
-0.154800036091299,-0.162000036091299,1.008,0.48400002718,0.00045763199999999997,-0.021801803026126127,0.00024119860125721806
-0.154400036101399,-0.161600036101399,1.008,0.472000032663,0.00045763199999999997,-0.02126126273256757,0.00024068184470422854
-0.15400003611149898,-0.161200036111499,1.024,0.496000021696,0.00046489599999999996,-0.022342343319639642,0.0002491085547712807
-0.153600036121599,-0.16080003612159902,1.016,0.49200001359,0.00046126399999999997,-0.022162162774324326,0.00024522589638615135
-0.153200036131699,-0.160400036131699,1.016,0.476000010967,0.00046126399999999997,-0.021441441935450452,0.0002445282385964227
-0.152800036141799,-0.160000036141799,1.016,0.5,0.00046126399999999997,-0.022522522522522525,0.00024558337326126126
-0.15240003615189898,-0.159600036151899,1.008,0.49200001359,0.00045763199999999997,-0.022162162774324326,0.0002415503123861514
-0.152000036161999,-0.15920003616199901,1.016,0.48400002718,0.00046126399999999997,-0.021801803026126127,0.00024487418525721805
-0.151600036172099,-0.158800036172099,1.016,0.488000035286,0.00046126399999999997,-0.021981983571441443,0.0002450493207585197
-0.151200036182199,-0.158400036182199,1.024,0.496000021696,0.00046489599999999996,-0.022342343319639642,0.0002491085547712807
-0.15080003619229898,-0.158000036192299,1.008,0.480000019073,0.00045763199999999997,-0.021621622480765768,0.00024102490720315678
-0.150400036202399,-0.157600036202399,1.016,0.488000035286,0.00046126399999999997,-0.021981983571441443,0.0002450493207585197
-0.150000036212499,-0.157200036212499,1.016,0.49200001359,0.00046126399999999997,-0.022162162774324326,0.00024522589638615135
-0.149600036222599,-0.156800036222599,1.016,0.476000010967,0.00046126399999999997,-0.021441441935450452,0.0002445282385964227
-0.14920003623269898,-0.156400036232699,1.016,0.488000035286,0.00046126399999999997,-0.021981983571441443,0.0002450493207585197
-0.148800036242799,-0.156000036242799,1.008,0.48400002718,0.00045763199999999997,-0.021801803026126127,0.00024119860125721806
-0.148400036252899,-0.155600036252899,1.016,0.48400002718,0.00046126399999999997,-0.021801803026126127,0.00024487418525721805
-0.14800003626299899,-0.155200036262999,1.008,0.48400002718,0.00045763199999999997,-0.021801803026126127,0.00024119860125721806
-0.14760003627309898,-0.154800036273099,1.008,0.476000010967,0.00045763199999999997,-0.021441441935450452,0.00024085265459642273
-0.147200036283199,-0.154400036283199,1.008,0.496000021696,0.00045763199999999997,-0.022342343319639642,0.00024172833077128075
-0.146800036293299,-0.154000036293299,1.016,0.496000021696,0.00046126399999999997,-0.022342343319639642,0.00024540391477128075
-0.14640003630339898,-0.153600036303399,1.016,0.488000035286,0.00046126399999999997,-0.021981983571441443,0.0002450493207585197
-0.14600003631349898,-0.153200036313499,1.016,0.488000035286,0.00046126399999999997,-0.021981983571441443,0.0002450493207585197
-0.145600036323599,-0.152800036323599,1.016,0.488000035286,0.00046126399999999997,-0.021981983571441443,0.0002450493207585197
-0.145200036333699,-0.152400036333699,1.008,0.480000019073,0.00045763199999999997,-0.021621622480765768,0.00024102490720315678
-0.14480003634379898,-0.152000036343799,1.0,0.488000035286,0.000454,-0.021981983571441443,0.0002377272087585197
-0.144400036353899,-0.15160003635389901,1.016,0.49200001359,0.00046126399999999997,-0.022162162774324326,0.00024522589638615135
-0.144000036363999,-0.151200036363999,1.008,0.488000035286,0.00045763199999999997,-0.021981983571441443,0.00024137373675851972
-0.143600036374099,-0.150800036374099,1.024,0.49200001359,0.00046489599999999996,-0.022162162774324326,0.00024893053638615133
-0.14320003638419898,-0.150400036384199,1.008,0.488000035286,0.00045763199999999997,-0.021981983571441443,0.00024137373675851972
-0.142800036394299,-0.150000036394299,1.016,0.49200001359,0.00046126399999999997,-0.022162162774324326,0.00024522589638615135
-0.142400036404399,-0.149600036404399,1.016,0.48400002718,0.00046126399999999997,-0.021801803026126127,0.00024487418525721805
-0.142000036414499,-0.149200036414499,1.008,0.476000010967,0.00045763199999999997,-0.021441441935450452,0.00024085265459642273
-0.14160003642459898,-0.148800036424599,1.008,0.48400002718,0.00045763199999999997,-0.021801803026126127,0.00024119860125721806
-0.141200036434699,-0.148400036434699,1.008,0.49200001359,0.00045763199999999997,-0.022162162774324326,0.0002415503123861514
-0.140800036444799,-0.148000036444799,1.016,0.488000035286,0.00046126399999999997,-0.021981983571441443,0.0002450493207585197
-0.14040003645489899,-0.147600036454899,1.016,0.49200001359,0.00046126399999999997,-0.022162162774324326,0.00024522589638615135
-0.14000003646499898,-0.147200036464999,1.008,0.496000021696,0.00045763199999999997,-0.022342343319639642,0.00024172833077128075
-0.139600036475099,-0.146800036475099,1.024,0.49200001359,0.00046489599999999996,-0.022162162774324326,0.00024893053638615133
-0.139200036485199,-0.146400036485199,1.008,0.476000010967,0.00045763199999999997,-0.021441441935450452,0.00024085265459642273
-0.13880003649529898,-0.146000036495299,1.024,0.488000035286,0.00046489599999999996,-0.021981983571441443,0.00024875396075851967
-0.13840003650539898,-0.145600036505399,1.008,0.488000035286,0.00045763199999999997,-0.021981983571441443,0.00024137373675851972
-0.138000036515499,-0.145200036515499,1.024,0.496000021696,0.00046489599999999996,-0.022342343319639642,0.0002491085547712807
-0.137600036525599,-0.144800036525599,1.016,0.488000035286,0.00046126399999999997,-0.021981983571441443,0.0002450493207585197
-0.13720003653569898,-0.144400036535699,1.016,0.49200001359,0.00046126399999999997,-0.022162162774324326,0.00024522589638615135
-0.13680003654579898,-0.144000036545799,1.016,0.48400002718,0.00046126399999999997,-0.021801803026126127,0.00024487418525721805
-0.136400036555899,-0.143600036555899,1.016,0.48400002718,0.00046126399999999997,-0.021801803026126127,0.00024487418525721805
-0.136000036565999,-0.143200036565999,1.016,0.488000035286,0.00046126399999999997,-0.021981983571441443,0.0002450493207585197
-0.13560003657609898,-0.142800036576099,1.016,0.49200001359,0.00046126399999999997,-0.022162162774324326,0.00024522589638615135
-0.135200036586199,-0.142400036586199,1.008,0.48400002718,0.00045763199999999997,-0.021801803026126127,0.00024119860125721806
-0.134800036596299,-0.142000036596299,1.0,0.48400002718,0.000454,-0.021801803026126127,0.00023755207325721803
-0.134400036606399,-0.141600036606399,1.008,0.48400002718,0.00045763199999999997,-0.021801803026126127,0.00024119860125721806
-0.13400003661649898,-0.141200036616499,1.008,0.488000035286,0.00045763199999999997,-0.021981983571441443,0.00024137373675851972
-0.133600036626599,-0.140800036626599,1.008,0.496000021696,0.00045763199999999997,-0.022342343319639642,0.00024172833077128075
-0.133200036636699,-0.140400036636699,1.016,0.488000035286,0.00046126399999999997,-0.021981983571441443,0.0002450493207585197
-0.13280003664679899,-0.140000036646799,1.016,0.49200001359,0.00046126399999999997,-0.022162162774324326,0.00024522589638615135
-0.13240003665689898,-0.139600036656899,1.008,0.488000035286,0.00045763199999999997,-0.021981983571441443,0.00024137373675851972
-0.132000036666999,-0.139200036666999,1.008,0.48400002718,0.00045763199999999997,-0.021801803026126127,0.00024119860125721806
-0.131600036677099,-0.138800036677099,1.008,0.49200001359,0.00045763199999999997,-0.022162162774324326,0.0002415503123861514
-0.13120003668719898,-0.138400036687199,1.008,0.48400002718,0.00045763199999999997,-0.021801803026126127,0.00024119860125721806
-0.13080003669729898,-0.138000036697299,1.016,0.5,0.00046126399999999997,-0.022522522522522525,0.00024558337326126126
-0.130400036707399,-0.137600036707399,1.008,0.48400002718,0.00045763199999999997,-0.021801803026126127,0.00024119860125721806
-0.130000036717499,-0.137200036717499,1.016,0.488000035286,0.00046126399999999997,-0.021981983571441443,0.0002450493207585197
-0.12960003672759898,-0.136800036727599,1.008,0.480000019073,0.00045763199999999997,-0.021621622480765768,0.00024102490720315678
-0.12920003673769898,-0.136400036737699,1.016,0.48400002718,0.00046126399999999997,-0.021801803026126127,0.00024487418525721805
-0.128800036747799,-0.136000036747799,1.008,0.49200001359,0.00045763199999999997,-0.022162162774324326,0.0002415503123861514
-0.128400036757899,-0.135600036757899,1.016,0.49200001359,0.00046126399999999997,-0.022162162774324326,0.00024522589638615135
-0.12800003676799898,-0.135200036767999,1.008,0.488000035286,0.00045763199999999997,-0.021981983571441443,0.00024137373675851972
-0.127600036778099,-0.134800036778099,1.008,0.49200001359,0.00045763199999999997,-0.022162162774324326,0.0002415503123861514
-0.127200036788199,-0.134400036788199,1.016,0.496000021696,0.00046126399999999997,-0.022342343319639642,0.00024540391477128075
-0.126800036798299,-0.134000036798299,1.024,0.488000035286,0.00046489599999999996,-0.021981983571441443,0.00024875396075851967
-0.12640003680839898,-0.133600036808399,1.008,0.472000032663,0.00045763199999999997,-0.02126126273256757,0.00024068184470422854
-0.126000036818499,-0.133200036818499,1.008,0.488000035286,0.00045763199999999997,-0.021981983571441443,0.00024137373675851972
-0.125600036828599,-0.132800036828599,1.008,0.488000035286,0.00045763199999999997,-0.021981983571441443,0.00024137373675851972
-0.12520003683869899,-0.132400036838699,1.008,0.48400002718,0.00045763199999999997,-0.021801803026126127,0.00024119860125721806
-0.12480003684879899,-0.132000036848799,1.0,0.49200001359,0.000454,-0.022162162774324326,0.00023790378438615136
-0.12440003685889899,-0.13160003685889898,1.008,0.49200001359,0.00045763199999999997,-0.022162162774324326,0.0002415503123861514
-0.12400003686899899,-0.131200036868999,1.016,0.488000035286,0.00046126399999999997,-0.021981983571441443,0.0002450493207585197
-0.12360003687909898,-0.130800036879099,1.008,0.496000021696,0.00045763199999999997,-0.022342343319639642,0.00024172833077128075
-0.12320003688919899,-0.130400036889199,1.016,0.488000035286,0.00046126399999999997,-0.021981983571441443,0.0002450493207585197
-0.12280003689929898,-0.13000003689929898,1.016,0.49200001359,0.00046126399999999997,-0.022162162774324326,0.00024522589638615135
-0.12240003690939899,-0.129600036909399,1.0,0.48400002718,0.000454,-0.021801803026126127,0.00023755207325721803
-0.12200003691949898,-0.129200036919499,1.024,0.496000021696,0.00046489599999999996,-0.022342343319639642,0.0002491085547712807
-0.12160003692959899,-0.128800036929599,1.016,0.49200001359,0.00046126399999999997,-0.022162162774324326,0.00024522589638615135
-0.12120003693969898,-0.12840003693969898,1.016,0.49200001359,0.00046126399999999997,-0.022162162774324326,0.00024522589638615135
-0.12080003694979899,-0.128000036949799,1.016,0.5,0.00046126399999999997,-0.022522522522522525,0.00024558337326126126
-0.12040003695989898,-0.127600036959899,1.008,0.476000010967,0.00045763199999999997,-0.021441441935450452,0.00024085265459642273
-0.12000003696999899,-0.127200036969999,1.0,0.488000035286,0.000454,-0.021981983571441443,0.0002377272087585197
-0.119600036980099,-0.126800036980099,1.008,0.48400002718,0.00045763199999999997,-0.021801803026126127,0.00024119860125721806
-0.11920003699019899,-0.126400036990199,1.016,0.49200001359,0.00046126399999999997,-0.022162162774324326,0.00024522589638615135
-0.118800037000299,-0.126000037000299,1.008,0.48400002718,0.00045763199999999997,-0.021801803026126127,0.00024119860125721806
-0.11840003701039899,-0.12560003701039898,1.016,0.5,0.00046126399999999997,-0.022522522522522525,0.00024558337326126126
-0.118000037020499,-0.125200037020499,1.016,0.496000021696,0.00046126399999999997,-0.022342343319639642,0.00024540391477128075
-0.11760003703059899,-0.12480003703059898,1.016,0.488000035286,0.00046126399999999997,-0.021981983571441443,0.0002450493207585197
-0.11720003704069899,-0.12440003704069899,1.016,0.496000021696,0.00046126399999999997,-0.022342343319639642,0.00024540391477128075
-0.11680003705079899,-0.12400003705079898,1.008,0.476000010967,0.00045763199999999997,-0.021441441935450452,0.00024085265459642273
-0.11640003706089899,-0.12360003706089899,1.016,0.496000021696,0.00046126399999999997,-0.022342343319639642,0.00024540391477128075
-0.11600003707099898,-0.12320003707099898,1.016,0.48400002718,0.00046126399999999997,-0.021801803026126127,0.00024487418525721805
-0.11560003708109899,-0.12280003708109899,1.016,0.49200001359,0.00046126399999999997,-0.022162162774324326,0.00024522589638615135
-0.11520003709119898,-0.12240003709119898,1.016,0.480000019073,0.00046126399999999997,-0.021621622480765768,0.0002447004912031568
-0.11480003710129899,-0.12200003710129899,1.016,0.488000035286,0.00046126399999999997,-0.021981983571441443,0.0002450493207585197
-0.11440003711139898,-0.12160003711139898,1.008,0.488000035286,0.00045763199999999997,-0.021981983571441443,0.00024137373675851972
-0.11400003712149899,-0.12120003712149899,1.008,0.488000035286,0.00045763199999999997,-0.021981983571441443,0.00024137373675851972
-0.11360003713159898,-0.12080003713159898,1.016,0.49200001359,0.00046126399999999997,-0.022162162774324326,0.00024522589638615135
-0.11320003714169899,-0.12040003714169899,1.008,0.48400002718,0.00045763199999999997,-0.021801803026126127,0.00024119860125721806
-0.11280003715179898,-0.12000003715179898,1.024,0.49200001359,0.00046489599999999996,-0.022162162774324326,0.00024893053638615133
-0.11240003716189899,-0.11960003716189899,1.016,0.48400002718,0.00046126399999999997,-0.021801803026126127,0.00024487418525721805
-0.11200003717199898,-0.11920003717199898,1.008,0.476000010967,0.00045763199999999997,-0.021441441935450452,0.00024085265459642273
-0.11160003718209899,-0.11880003718209899,1.008,0.488000035286,0.00045763199999999997,-0.021981983571441443,0.00024137373675851972
-0.11120003719219898,-0.11840003719219898,1.016,0.488000035286,0.00046126399999999997,-0.021981983571441443,0.0002450493207585197
-0.11080003720229899,-0.11800003720229899,1.008,0.476000010967,0.00045763199999999997,-0.021441441935450452,0.00024085265459642273
-0.110400037212399,-0.11760003721239899,1.008,0.49200001359,0.00045763199999999997,-0.022162162774324326,0.0002415503123861514
-0.11000003722249899,-0.11720003722249898,1.008,0.5,0.00045763199999999997,-0.022522522522522525,0.00024190778926126127
-0.10960003723259899,-0.11680003723259899,1.008,0.49200001359,0.00045763199999999997,-0.022162162774324326,0.0002415503123861514
-0.10920003724269899,-0.11640003724269898,1.016,0.496000021696,0.00046126399999999997,-0.022342343319639642,0.00024540391477128075
-0.10880003725279899,-0.11600003725279899,1.016,0.480000019073,0.00046126399999999997,-0.021621622480765768,0.0002447004912031568
-0.10840003726289899,-0.11560003726289898,1.016,0.488000035286,0.00046126399999999997,-0.021981983571441443,0.0002450493207585197
-0.10800003727299899,-0.11520003727299899,1.016,0.496000021696,0.00046126399999999997,-0.022342343319639642,0.00024540391477128075
-0.10760003728309898,-0.11480003728309898,1.016,0.488000035286,0.00046126399999999997,-0.021981983571441443,0.0002450493207585197
-0.10720003729319899,-0.11440003729319899,1.016,0.488000035286,0.00046126399999999997,-0.021981983571441443,0.0002450493207585197
-0.10680003730329898,-0.11400003730329898,1.016,0.496000021696,0.00046126399999999997,-0.022342343319639642,0.00024540391477128075
-0.10640003731339899,-0.11360003731339899,1.008,0.49200001359,0.00045763199999999997,-0.022162162774324326,0.0002415503123861514
-0.10600003732349898,-0.11320003732349898,1.008,0.488000035286,0.00045763199999999997,-0.021981983571441443,0.00024137373675851972
-0.10560003733359899,-0.11280003733359899,1.016,0.488000035286,0.00046126399999999997,-0.021981983571441443,0.0002450493207585197
-0.10520003734369898,-0.11240003734369898,1.016,0.5,0.00046126399999999997,-0.022522522522522525,0.00024558337326126126
-0.10480003735379899,-0.11200003735379899,1.016,0.49200001359,0.00046126399999999997,-0.022162162774324326,0.00024522589638615135
-0.10440003736389898,-0.11160003736389898,1.016,0.488000035286,0.00046126399999999997,-0.021981983571441443,0.0002450493207585197
-0.10400003737399899,-0.11120003737399899,1.008,0.480000019073,0.00045763199999999997,-0.021621622480765768,0.00024102490720315678
-0.10360003738409898,-0.11080003738409898,1.016,0.49200001359,0.00046126399999999997,-0.022162162774324326,0.00024522589638615135
-0.10320003739419899,-0.11040003739419899,1.016,0.49200001359,0.00046126399999999997,-0.022162162774324326,0.00024522589638615135
-0.10280003740429898,-0.11000003740429898,1.016,0.48400002718,0.00046126399999999997,-0.021801803026126127,0.00024487418525721805
-0.10240003741439899,-0.10960003741439898,1.016,0.49200001359,0.00046126399999999997,-0.022162162774324326,0.00024522589638615135
-0.102000037424499,-0.10920003742449899,1.008,0.472000032663,0.00045763199999999997,-0.02126126273256757,0.00024068184470422854
-0.10160003743459899,-0.10880003743459898,1.024,0.496000021696,0.00046489599999999996,-0.022342343319639642,0.0002491085547712807
-0.10120003744469899,-0.10840003744469899,1.016,0.496000021696,0.00046126399999999997,-0.022342343319639642,0.00024540391477128075
-0.10080003745479899,-0.10800003745479898,1.016,0.488000035286,0.00046126399999999997,-0.021981983571441443,0.0002450493207585197
-0.10040003746489899,-0.10760003746489899,1.0,0.480000019073,0.000454,-0.021621622480765768,0.00023737837920315675
-0.10000003747499898,-0.10720003747499898,1.016,0.49200001359,0.00046126399999999997,-0.022162162774324326,0.00024522589638615135
-0.09960003748509899,-0.10680003748509899,1.0,0.480000019073,0.000454,-0.021621622480765768,0.00023737837920315675
-0.09920003749519898,-0.10640003749519898,1.016,0.49200001359,0.00046126399999999997,-0.022162162774324326,0.00024522589638615135
-0.09880003750529899,-0.10600003750529899,1.016,0.49200001359,0.00046126399999999997,-0.022162162774324326,0.00024522589638615135
-0.09840003751539898,-0.10560003751539898,1.008,0.49200001359,0.00045763199999999997,-0.022162162774324326,0.0002415503123861514
-0.09800003752549899,-0.10520003752549899,1.024,0.488000035286,0.00046489599999999996,-0.021981983571441443,0.00024875396075851967
-0.09760003753559898,-0.10480003753559898,1.008,0.480000019073,0.00045763199999999997,-0.021621622480765768,0.00024102490720315678
-0.09720003754569899,-0.10440003754569899,1.008,0.488000035286,0.00045763199999999997,-0.021981983571441443,0.00024137373675851972
-0.09680003755579898,-0.10400003755579898,1.016,0.488000035286,0.00046126399999999997,-0.021981983571441443,0.0002450493207585197
-0.09640003756589899,-0.10360003756589899,1.016,0.480000019073,0.00046126399999999997,-0.021621622480765768,0.0002447004912031568
-0.09600003757599898,-0.10320003757599898,1.008,0.488000035286,0.00045763199999999997,-0.021981983571441443,0.00024137373675851972
-0.09560003758609899,-0.10280003758609899,1.016,0.496000021696,0.00046126399999999997,-0.022342343319639642,0.00024540391477128075
-0.09520003759619898,-0.10240003759619898,1.016,0.48400002718,0.00046126399999999997,-0.021801803026126127,0.00024487418525721805
-0.09480003760629899,-0.10200003760629898,1.016,0.488000035286,0.00046126399999999997,-0.021981983571441443,0.0002450493207585197
-0.09440003761639898,-0.10160003761639898,1.016,0.488000035286,0.00046126399999999997,-0.021981983571441443,0.0002450493207585197
-0.09400003762649899,-0.10120003762649898,1.016,0.488000035286,0.00046126399999999997,-0.021981983571441443,0.0002450493207585197
-0.09360003763659899,-0.10080003763659899,1.016,0.48400002718,0.00046126399999999997,-0.021801803026126127,0.00024487418525721805
-0.09320003764669899,-0.10040003764669898,1.016,0.48400002718,0.00046126399999999997,-0.021801803026126127,0.00024487418525721805
-0.09280003765679899,-0.10000003765679899,1.016,0.488000035286,0.00046126399999999997,-0.021981983571441443,0.0002450493207585197
-0.09240003766689898,-0.09960003766689898,1.016,0.476000010967,0.00046126399999999997,-0.021441441935450452,0.0002445282385964227
-0.09200003767699899,-0.09920003767699899,1.0,0.488000035286,0.000454,-0.021981983571441443,0.0002377272087585197
-0.09160003768709898,-0.09880003768709898,1.008,0.480000019073,0.00045763199999999997,-0.021621622480765768,0.00024102490720315678
-0.09120003769719899,-0.09840003769719899,1.016,0.48400002718,0.00046126399999999997,-0.021801803026126127,0.00024487418525721805
-0.09080003770729898,-0.09800003770729898,1.024,0.5,0.00046489599999999996,-0.022522522522522525,0.00024928801326126125
-0.09040003771739899,-0.09760003771739899,1.016,0.496000021696,0.00046126399999999997,-0.022342343319639642,0.00024540391477128075
-0.09000003772749898,-0.09720003772749898,1.008,0.48400002718,0.00045763199999999997,-0.021801803026126127,0.00024119860125721806
-0.08960003773759899,-0.09680003773759899,1.016,0.49200001359,0.00046126399999999997,-0.022162162774324326,0.00024522589638615135
-0.08920003774769898,-0.09640003774769898,1.016,0.488000035286,0.00046126399999999997,-0.021981983571441443,0.0002450493207585197
-0.08880003775779899,-0.09600003775779899,1.016,0.5,0.00046126399999999997,-0.022522522522522525,0.00024558337326126126
-0.08840003776789898,-0.09560003776789898,1.016,0.488000035286,0.00046126399999999997,-0.021981983571441443,0.0002450493207585197
-0.08800003777799899,-0.09520003777799899,1.008,0.48400002718,0.00045763199999999997,-0.021801803026126127,0.00024119860125721806
-0.08760003778809898,-0.09480003778809898,1.008,0.488000035286,0.00045763199999999997,-0.021981983571441443,0.00024137373675851972
-0.08720003779819899,-0.09440003779819899,1.016,0.496000021696,0.00046126399999999997,-0.022342343319639642,0.00024540391477128075
-0.08680003780829898,-0.09400003780829898,1.016,0.496000021696,0.00046126399999999997,-0.022342343319639642,0.00024540391477128075
-0.08640003781839899,-0.09360003781839898,1.008,0.496000021696,0.00045763199999999997,-0.022342343319639642,0.00024172833077128075
-0.08600003782849898,-0.09320003782849898,1.016,0.49200001359,0.00046126399999999997,-0.022162162774324326,0.00024522589638615135
-0.08560003783859899,-0.09280003783859898,1.008,0.476000010967,0.00045763199999999997,-0.021441441935450452,0.00024085265459642273
-0.08520003784869899,-0.09240003784869899,1.016,0.476000010967,0.00046126399999999997,-0.021441441935450452,0.0002445282385964227
-0.08480003785879899,-0.09200003785879898,1.016,0.496000021696,0.00046126399999999997,-0.022342343319639642,0.00024540391477128075
-0.08440003786889899,-0.09160003786889899,1.008,0.488000035286,0.00045763199999999997,-0.021981983571441443,0.00024137373675851972
-0.08400003787899898,-0.09120003787899898,1.008,0.488000035286,0.00045763199999999997,-0.021981983571441443,0.00024137373675851972
-0.08360003788909899,-0.09080003788909899,1.016,0.496000021696,0.00046126399999999997,-0.022342343319639642,0.00024540391477128075
-0.08320003789919898,-0.09040003789919898,1.008,0.480000019073,0.00045763199999999997,-0.021621622480765768,0.00024102490720315678
-0.08280003790929899,-0.09000003790929899,1.024,0.496000021696,0.00046489599999999996,-0.022342343319639642,0.0002491085547712807
-0.08240003791939898,-0.08960003791939898,1.016,0.480000019073,0.00046126399999999997,-0.021621622480765768,0.0002447004912031568
-0.08200003792949899,-0.08920003792949899,1.008,0.48400002718,0.00045763199999999997,-0.021801803026126127,0.00024119860125721806
-0.08160003793959898,-0.08880003793959898,1.008,0.49200001359,0.00045763199999999997,-0.022162162774324326,0.0002415503123861514
-0.08120003794969899,-0.08840003794969899,1.016,0.488000035286,0.00046126399999999997,-0.021981983571441443,0.0002450493207585197
-0.08080003795979898,-0.08800003795979898,1.016,0.496000021696,0.00046126399999999997,-0.022342343319639642,0.00024540391477128075
-0.08040003796989899,-0.08760003796989899,1.008,0.48400002718,0.00045763199999999997,-0.021801803026126127,0.00024119860125721806
-0.08000003797999898,-0.08720003797999898,1.0,0.48400002718,0.000454,-0.021801803026126127,0.00023755207325721803
-0.07960003799009899,-0.08680003799009899,1.016,0.496000021696,0.00046126399999999997,-0.022342343319639642,0.00024540391477128075
-0.07920003800019898,-0.08640003800019898,1.008,0.48400002718,0.00045763199999999997,-0.021801803026126127,0.00024119860125721806
-0.07880003801029899,-0.08600003801029898,1.008,0.472000032663,0.00045763199999999997,-0.02126126273256757,0.00024068184470422854
-0.07840003802039898,-0.08560003802039898,1.016,0.5,0.00046126399999999997,-0.022522522522522525,0.00024558337326126126
-0.07800003803049899,-0.08520003803049898,1.008,0.488000035286,0.00045763199999999997,-0.021981983571441443,0.00024137373675851972
-0.07760003804059898,-0.08480003804059898,1.008,0.48400002718,0.00045763199999999997,-0.021801803026126127,0.00024119860125721806
-0.07720003805069899,-0.08440003805069898,1.008,0.48400002718,0.00045763199999999997,-0.021801803026126127,0.00024119860125721806
-0.07680003806079899,-0.08400003806079899,1.016,0.49200001359,0.00046126399999999997,-0.022162162774324326,0.00024522589638615135
-0.07640003807089898,-0.08360003807089898,1.008,0.48400002718,0.00045763199999999997,-0.021801803026126127,0.00024119860125721806
-0.07600003808099899,-0.08320003808099899,1.024,0.49200001359,0.00046489599999999996,-0.022162162774324326,0.00024893053638615133
-0.07560003809109898,-0.08280003809109898,1.016,0.496000021696,0.00046126399999999997,-0.022342343319639642,0.00024540391477128075
-0.07520003810119899,-0.08240003810119899,1.008,0.488000035286,0.00045763199999999997,-0.021981983571441443,0.00024137373675851972
-0.07480003811129898,-0.08200003811129898,1.016,0.49200001359,0.00046126399999999997,-0.022162162774324326,0.00024522589638615135
-0.07440003812139899,-0.08160003812139899,1.0,0.488000035286,0.000454,-0.021981983571441443,0.0002377272087585197
-0.07400003813149898,-0.08120003813149898,1.016,0.49200001359,0.00046126399999999997,-0.022162162774324326,0.00024522589638615135
-0.07360003814159899,-0.08080003814159899,1.008,0.488000035286,0.00045763199999999997,-0.021981983571441443,0.00024137373675851972
-0.07320003815169898,-0.08040003815169898,1.008,0.480000019073,0.00045763199999999997,-0.021621622480765768,0.00024102490720315678
-0.07280003816179899,-0.08000003816179899,1.008,0.49200001359,0.00045763199999999997,-0.022162162774324326,0.0002415503123861514
-0.07240003817189898,-0.07960003817189898,1.008,0.480000019073,0.00045763199999999997,-0.021621622480765768,0.00024102490720315678
-0.07200003818199899,-0.07920003818199899,1.008,0.48400002718,0.00045763199999999997,-0.021801803026126127,0.00024119860125721806
-0.07160003819209898,-0.07880003819209898,1.0,0.472000032663,0.000454,-0.02126126273256757,0.0002370353167042285
-0.07120003820219899,-0.07840003820219899,1.016,0.480000019073,0.00046126399999999997,-0.021621622480765768,0.0002447004912031568
-0.07080003821229898,-0.07800003821229898,1.008,0.480000019073,0.00045763199999999997,-0.021621622480765768,0.00024102490720315678
-0.07040003822239899,-0.07760003822239898,1.016,0.48400002718,0.00046126399999999997,-0.021801803026126127,0.00024487418525721805
-0.07000003823249898,-0.07720003823249898,1.008,0.480000019073,0.00045763199999999997,-0.021621622480765768,0.00024102490720315678
-0.06960003824259899,-0.07680003824259898,1.0,0.480000019073,0.000454,-0.021621622480765768,0.00023737837920315675
-0.06920003825269898,-0.07640003825269898,1.016,0.488000035286,0.00046126399999999997,-0.021981983571441443,0.0002450493207585197
-0.06880003826279898,-0.07600003826279898,1.008,0.48400002718,0.00045763199999999997,-0.021801803026126127,0.00024119860125721806
-0.06840003827289899,-0.07560003827289899,1.008,0.480000019073,0.00045763199999999997,-0.021621622480765768,0.00024102490720315678
-0.06800003828299898,-0.07520003828299898,1.008,0.5,0.00045763199999999997,-0.022522522522522525,0.00024190778926126127
-0.06760003829309899,-0.07480003829309899,1.016,0.488000035286,0.00046126399999999997,-0.021981983571441443,0.0002450493207585197
-0.06720003830319898,-0.07440003830319898,1.016,0.496000021696,0.00046126399999999997,-0.022342343319639642,0.00024540391477128075
-0.06680003831329899,-0.07400003831329899,1.016,0.49200001359,0.00046126399999999997,-0.022162162774324326,0.00024522589638615135
-0.06640003832339898,-0.07360003832339898,1.016,0.488000035286,0.00046126399999999997,-0.021981983571441443,0.0002450493207585197
-0.06600003833349899,-0.07320003833349899,1.024,0.488000035286,0.00046489599999999996,-0.021981983571441443,0.00024875396075851967
-0.06560003834359898,-0.07280003834359898,1.016,0.49200001359,0.00046126399999999997,-0.022162162774324326,0.00024522589638615135
-0.06520003835369899,-0.07240003835369899,1.016,0.496000021696,0.00046126399999999997,-0.022342343319639642,0.00024540391477128075
-0.06480003836379898,-0.07200003836379898,1.016,0.496000021696,0.00046126399999999997,-0.022342343319639642,0.00024540391477128075
-0.06440003837389899,-0.07160003837389899,1.008,0.480000019073,0.00045763199999999997,-0.021621622480765768,0.00024102490720315678
-0.06400003838399898,-0.07120003838399898,1.016,0.488000035286,0.00046126399999999997,-0.021981983571441443,0.0002450493207585197
-0.06360003839409899,-0.07080003839409899,1.016,0.488000035286,0.00046126399999999997,-0.021981983571441443,0.0002450493207585197
-0.06320003840419898,-0.07040003840419898,1.016,0.49200001359,0.00046126399999999997,-0.022162162774324326,0.00024522589638615135
-0.06280003841429899,-0.07000003841429898,1.008,0.48400002718,0.00045763199999999997,-0.021801803026126127,0.00024119860125721806
-0.062400038424398986,-0.06960003842439899,1.008,0.488000035286,0.00045763199999999997,-0.021981983571441443,0.00024137373675851972
-0.062000038434498986,-0.06920003843449898,1.0,0.472000032663,0.000454,-0.02126126273256757,0.0002370353167042285
-0.061600038444598985,-0.06880003844459899,1.008,0.49200001359,0.00045763199999999997,-0.022162162774324326,0.0002415503123861514
-0.061200038454698985,-0.06840003845469898,1.008,0.48400002718,0.00045763199999999997,-0.021801803026126127,0.00024119860125721806
-0.060800038464798985,-0.06800003846479899,1.008,0.48400002718,0.00045763199999999997,-0.021801803026126127,0.00024119860125721806
-0.060400038474898984,-0.06760003847489898,1.008,0.49200001359,0.00045763199999999997,-0.022162162774324326,0.0002415503123861514
-0.060000038484998984,-0.06720003848499899,1.016,0.488000035286,0.00046126399999999997,-0.021981983571441443,0.0002450493207585197
-0.059600038495098984,-0.06680003849509898,1.016,0.480000019073,0.00046126399999999997,-0.021621622480765768,0.0002447004912031568
-0.05920003850519898,-0.06640003850519899,1.008,0.480000019073,0.00045763199999999997,-0.021621622480765768,0.00024102490720315678
-0.05880003851529898,-0.06600003851529898,1.008,0.480000019073,0.00045763199999999997,-0.021621622480765768,0.00024102490720315678
-0.05840003852539898,-0.06560003852539899,1.016,0.49200001359,0.00046126399999999997,-0.022162162774324326,0.00024522589638615135
-0.05800003853549898,-0.06520003853549898,1.0,0.468000024557,0.000454,-0.021081082187252253,0.0002368659469813222
-0.05760003854559898,-0.06480003854559899,1.008,0.480000019073,0.00045763199999999997,-0.021621622480765768,0.00024102490720315678
-0.05720003855569898,-0.06440003855569898,1.0320001,0.496000021696,0.0004685280454,-0.022342343319639642,0.00025284229762408307
-0.05680003856579898,-0.06400003856579899,1.016,0.48400002718,0.00046126399999999997,-0.021801803026126127,0.00024487418525721805
-0.05640003857589898,-0.06360003857589898,1.016,0.472000032663,0.00046126399999999997,-0.02126126273256757,0.00024435742870422853
-0.05600003858599898,-0.06320003858599899,1.016,0.49200001359,0.00046126399999999997,-0.022162162774324326,0.00024522589638615135
-0.05560003859609899,-0.06280003859609899,1.016,0.476000010967,0.00046126399999999997,-0.021441441935450452,0.0002445282385964227
-0.05520003860619899,-0.062400038606198985,1.008,0.48400002718,0.00045763199999999997,-0.021801803026126127,0.00024119860125721806
-0.054800038616298986,-0.062000038616298984,1.008,0.496000021696,0.00045763199999999997,-0.022342343319639642,0.00024172833077128075
-0.054400038626398986,-0.061600038626398984,1.008,0.49200001359,0.00045763199999999997,-0.022162162774324326,0.0002415503123861514
-0.054000038636498986,-0.061200038636498984,1.016,0.49200001359,0.00046126399999999997,-0.022162162774324326,0.00024522589638615135
-0.053600038646598985,-0.06080003864659898,1.008,0.480000019073,0.00045763199999999997,-0.021621622480765768,0.00024102490720315678
-0.053200038656698985,-0.06040003865669898,1.016,0.48400002718,0.00046126399999999997,-0.021801803026126127,0.00024487418525721805
-0.052800038666798985,-0.06000003866679898,1.016,0.49200001359,0.00046126399999999997,-0.022162162774324326,0.00024522589638615135
-0.052400038676898984,-0.05960003867689898,1.008,0.49200001359,0.00045763199999999997,-0.022162162774324326,0.0002415503123861514
-0.052000038686998984,-0.05920003868699898,1.016,0.48400002718,0.00046126399999999997,-0.021801803026126127,0.00024487418525721805
-0.051600038697098984,-0.05880003869709898,1.016,0.49200001359,0.00046126399999999997,-0.022162162774324326,0.00024522589638615135
-0.05120003870719898,-0.05840003870719898,1.016,0.496000021696,0.00046126399999999997,-0.022342343319639642,0.00024540391477128075
-0.05080003871729898,-0.05800003871729898,1.016,0.496000021696,0.00046126399999999997,-0.022342343319639642,0.00024540391477128075
-0.05040003872739898,-0.05760003872739898,1.008,0.480000019073,0.00045763199999999997,-0.021621622480765768,0.00024102490720315678
-0.05000003873749898,-0.05720003873749898,1.008,0.49200001359,0.00045763199999999997,-0.022162162774324326,0.0002415503123861514
-0.04960003874759898,-0.05680003874759898,1.008,0.488000035286,0.00045763199999999997,-0.021981983571441443,0.00024137373675851972
-0.04920003875769898,-0.05640003875769898,1.016,0.48400002718,0.00046126399999999997,-0.021801803026126127,0.00024487418525721805
-0.04880003876779898,-0.05600003876779898,1.016,0.49200001359,0.00046126399999999997,-0.022162162774324326,0.00024522589638615135
-0.04840003877789898,-0.05560003877789898,1.016,0.480000019073,0.00046126399999999997,-0.021621622480765768,0.0002447004912031568
-0.04800003878799898,-0.05520003878799898,1.008,0.48400002718,0.00045763199999999997,-0.021801803026126127,0.00024119860125721806
-0.04760003879809898,-0.05480003879809898,1.008,0.488000035286,0.00045763199999999997,-0.021981983571441443,0.00024137373675851972
-0.04720003880819898,-0.05440003880819898,1.016,0.49200001359,0.00046126399999999997,-0.022162162774324326,0.00024522589638615135
-0.046800038818298986,-0.054000038818298984,1.016,0.49200001359,0.00046126399999999997,-0.022162162774324326,0.00024522589638615135
-0.046400038828398986,-0.053600038828398984,1.008,0.48400002718,0.00045763199999999997,-0.021801803026126127,0.00024119860125721806
-0.046000038838498986,-0.053200038838498984,1.016,0.48400002718,0.00046126399999999997,-0.021801803026126127,0.00024487418525721805
-0.045600038848598985,-0.05280003884859898,1.016,0.49200001359,0.00046126399999999997,-0.022162162774324326,0.00024522589638615135
-0.045200038858698985,-0.05240003885869898,1.016,0.480000019073,0.00046126399999999997,-0.021621622480765768,0.0002447004912031568
-0.044800038868798985,-0.05200003886879898,1.016,0.488000035286,0.00046126399999999997,-0.021981983571441443,0.0002450493207585197
-0.044400038878898984,-0.05160003887889898,1.016,0.496000021696,0.00046126399999999997,-0.022342343319639642,0.00024540391477128075
-0.044000038888998984,-0.05120003888899898,1.008,0.476000010967,0.00045763199999999997,-0.021441441935450452,0.00024085265459642273
-0.04360003889909898,-0.05080003889909898,1.016,0.496000021696,0.00046126399999999997,-0.022342343319639642,0.00024540391477128075
-0.04320003890919898,-0.05040003890919898,1.008,0.480000019073,0.00045763199999999997,-0.021621622480765768,0.00024102490720315678
-0.04280003891929898,-0.05000003891929898,1.016,0.480000019073,0.00046126399999999997,-0.021621622480765768,0.0002447004912031568
-0.04240003892939898,-0.04960003892939898,1.016,0.49200001359,0.00046126399999999997,-0.022162162774324326,0.00024522589638615135
-0.04200003893949898,-0.04920003893949898,1.008,0.488000035286,0.00045763199999999997,-0.021981983571441443,0.00024137373675851972
-0.04160003894959898,-0.04880003894959898,1.016,0.488000035286,0.00046126399999999997,-0.021981983571441443,0.0002450493207585197
-0.04120003895969898,-0.04840003895969898,1.008,0.49200001359,0.00045763199999999997,-0.022162162774324326,0.0002415503123861514
-0.04080003896979898,-0.04800003896979898,1.008,0.472000032663,0.00045763199999999997,-0.02126126273256757,0.00024068184470422854
-0.04040003897989898,-0.04760003897989898,1.016,0.48400002718,0.00046126399999999997,-0.021801803026126127,0.00024487418525721805
-0.04000003898999898,-0.04720003898999898,1.008,0.496000021696,0.00045763199999999997,-0.022342343319639642,0.00024172833077128075
-0.03960003900009898,-0.04680003900009898,1.016,0.48400002718,0.00046126399999999997,-0.021801803026126127,0.00024487418525721805
-0.03920003901019898,-0.04640003901019898,1.016,0.48400002718,0.00046126399999999997,-0.021801803026126127,0.00024487418525721805
-0.03880003902029898,-0.04600003902029898,1.016,0.49200001359,0.00046126399999999997,-0.022162162774324326,0.00024522589638615135
-0.038400039030398986,-0.045600039030398984,1.008,0.48400002718,0.00045763199999999997,-0.021801803026126127,0.00024119860125721806
-0.038000039040498985,-0.045200039040498984,1.008,0.488000035286,0.00045763199999999997,-0.021981983571441443,0.00024137373675851972
-0.037600039050598985,-0.04480003905059898,1.024,0.49200001359,0.00046489599999999996,-0.022162162774324326,0.00024893053638615133
-0.037200039060698985,-0.04440003906069898,1.016,0.504000008106,0.00046126399999999997,-0.022702703067837837,0.00024576427453021837
-0.036800039070798984,-0.04400003907079898,1.024,0.496000021696,0.00046489599999999996,-0.022342343319639642,0.0002491085547712807
-0.036400039080898984,-0.04360003908089898,1.016,0.480000019073,0.00046126399999999997,-0.021621622480765768,0.0002447004912031568
-0.036000039090998984,-0.04320003909099898,1.016,0.48400002718,0.00046126399999999997,-0.021801803026126127,0.00024487418525721805
-0.03560003910109898,-0.04280003910109898,1.008,0.48400002718,0.00045763199999999997,-0.021801803026126127,0.00024119860125721806
-0.03520003911119898,-0.04240003911119898,1.016,0.49200001359,0.00046126399999999997,-0.022162162774324326,0.00024522589638615135
-0.03480003912129898,-0.04200003912129898,1.016,0.488000035286,0.00046126399999999997,-0.021981983571441443,0.0002450493207585197
-0.03440003913139898,-0.04160003913139898,1.008,0.49200001359,0.00045763199999999997,-0.022162162774324326,0.0002415503123861514
-0.03400003914149898,-0.04120003914149898,1.016,0.496000021696,0.00046126399999999997,-0.022342343319639642,0.00024540391477128075
-0.03360003915159898,-0.04080003915159898,1.008,0.496000021696,0.00045763199999999997,-0.022342343319639642,0.00024172833077128075
-0.03320003916169898,-0.04040003916169898,1.016,0.488000035286,0.00046126399999999997,-0.021981983571441443,0.0002450493207585197
-0.03280003917179898,-0.04000003917179898,1.024,0.496000021696,0.00046489599999999996,-0.022342343319639642,0.0002491085547712807
-0.03240003918189898,-0.03960003918189898,1.016,0.48400002718,0.00046126399999999997,-0.021801803026126127,0.00024487418525721805
-0.03200003919199898,-0.03920003919199898,1.016,0.48400002718,0.00046126399999999997,-0.021801803026126127,0.00024487418525721805
-0.03160003920209898,-0.03880003920209898,1.016,0.496000021696,0.00046126399999999997,-0.022342343319639642,0.00024540391477128075
-0.031200039212198983,-0.038400039212198984,1.008,0.488000035286,0.00045763199999999997,-0.021981983571441443,0.00024137373675851972
-0.030800039222298983,-0.038000039222298984,1.016,0.49200001359,0.00046126399999999997,-0.022162162774324326,0.00024522589638615135
-0.030400039232398982,-0.037600039232398984,1.016,0.496000021696,0.00046126399999999997,-0.022342343319639642,0.00024540391477128075
-0.030000039242498982,-0.03720003924249898,1.008,0.496000021696,0.00045763199999999997,-0.022342343319639642,0.00024172833077128075
-0.02960003925259898,-0.03680003925259898,1.016,0.49200001359,0.00046126399999999997,-0.022162162774324326,0.00024522589638615135
-0.02920003926269898,-0.03640003926269898,1.016,0.488000035286,0.00046126399999999997,-0.021981983571441443,0.0002450493207585197
-0.02880003927279898,-0.03600003927279898,1.016,0.48400002718,0.00046126399999999997,-0.021801803026126127,0.00024487418525721805
-0.02840003928289898,-0.03560003928289898,1.016,0.480000019073,0.00046126399999999997,-0.021621622480765768,0.0002447004912031568
-0.02800003929299898,-0.03520003929299898,1.008,0.48400002718,0.00045763199999999997,-0.021801803026126127,0.00024119860125721806
-0.027600039303098983,-0.03480003930309898,1.016,0.49200001359,0.00046126399999999997,-0.022162162774324326,0.00024522589638615135
-0.027200039313198983,-0.03440003931319898,1.008,0.480000019073,0.00045763199999999997,-0.021621622480765768,0.00024102490720315678
-0.026800039323298983,-0.03400003932329898,1.016,0.476000010967,0.00046126399999999997,-0.021441441935450452,0.0002445282385964227
-0.026400039333398982,-0.03360003933339898,1.016,0.48400002718,0.00046126399999999997,-0.021801803026126127,0.00024487418525721805
-0.026000039343498982,-0.03320003934349898,1.016,0.496000021696,0.00046126399999999997,-0.022342343319639642,0.00024540391477128075
-0.02560003935359898,-0.03280003935359898,1.008,0.488000035286,0.00045763199999999997,-0.021981983571441443,0.00024137373675851972
-0.02520003936369898,-0.03240003936369898,1.008,0.49200001359,0.00045763199999999997,-0.022162162774324326,0.0002415503123861514
-0.02480003937379898,-0.03200003937379898,1.008,0.49200001359,0.00045763199999999997,-0.022162162774324326,0.0002415503123861514
-0.02440003938389898,-0.03160003938389898,1.008,0.488000035286,0.00045763199999999997,-0.021981983571441443,0.00024137373675851972
-0.02400003939399898,-0.031200039393998978,1.016,0.476000010967,0.00046126399999999997,-0.021441441935450452,0.0002445282385964227
-0.023600039404098983,-0.030800039404098985,1.008,0.476000010967,0.00045763199999999997,-0.021441441935450452,0.00024085265459642273
-0.023200039414198983,-0.030400039414198984,1.016,0.48400002718,0.00046126399999999997,-0.021801803026126127,0.00024487418525721805
-0.022800039424298982,-0.030000039424298984,1.008,0.488000035286,0.00045763199999999997,-0.021981983571441443,0.00024137373675851972
-0.022400039434398982,-0.029600039434398984,1.016,0.49200001359,0.00046126399999999997,-0.022162162774324326,0.00024522589638615135
-0.022000039444498982,-0.029200039444498983,1.016,0.49200001359,0.00046126399999999997,-0.022162162774324326,0.00024522589638615135
-0.02160003945459898,-0.028800039454598983,1.008,0.476000010967,0.00045763199999999997,-0.021441441935450452,0.00024085265459642273
-0.02120003946469898,-0.028400039464698983,1.008,0.488000035286,0.00045763199999999997,-0.021981983571441443,0.00024137373675851972
-0.02080003947479898,-0.028000039474798982,1.016,0.49200001359,0.00046126399999999997,-0.022162162774324326,0.00024522589638615135
-0.02040003948489898,-0.027600039484898982,1.016,0.49200001359,0.00046126399999999997,-0.022162162774324326,0.00024522589638615135
-0.02000003949499898,-0.02720003949499898,1.016,0.480000019073,0.00046126399999999997,-0.021621622480765768,0.0002447004912031568
-0.01960003950509898,-0.02680003950509898,1.024,0.49200001359,0.00046489599999999996,-0.022162162774324326,0.00024893053638615133
-0.019200039515198983,-0.02640003951519898,1.016,0.488000035286,0.00046126399999999997,-0.021981983571441443,0.0002450493207585197
-0.018800039525298982,-0.02600003952529898,1.016,0.49200001359,0.00046126399999999997,-0.022162162774324326,0.00024522589638615135
-0.018400039535398982,-0.02560003953539898,1.016,0.480000019073,0.00046126399999999997,-0.021621622480765768,0.0002447004912031568
-0.01800003954549898,-0.02520003954549898,1.016,0.476000010967,0.00046126399999999997,-0.021441441935450452,0.0002445282385964227
-0.01760003955559898,-0.02480003955559898,1.016,0.496000021696,0.00046126399999999997,-0.022342343319639642,0.00024540391477128075
-0.01720003956569898,-0.02440003956569898,1.008,0.480000019073,0.00045763199999999997,-0.021621622480765768,0.00024102490720315678
-0.01680003957579898,-0.02400003957579898,1.016,0.488000035286,0.00046126399999999997,-0.021981983571441443,0.0002450493207585197
-0.01640003958589898,-0.02360003958589898,1.016,0.49200001359,0.00046126399999999997,-0.022162162774324326,0.00024522589638615135
-0.01600003959599898,-0.023200039595998978,1.008,0.5,0.00045763199999999997,-0.022522522522522525,0.00024190778926126127
-0.015600039606098981,-0.02280003960609898,1.008,0.496000021696,0.00045763199999999997,-0.022342343319639642,0.00024172833077128075
-0.015200039616198981,-0.02240003961619898,1.008,0.488000035286,0.00045763199999999997,-0.021981983571441443,0.00024137373675851972
-0.01480003962629898,-0.02200003962629898,1.008,0.480000019073,0.00045763199999999997,-0.021621622480765768,0.00024102490720315678
-0.01440003963639898,-0.02160003963639898,1.016,0.488000035286,0.00046126399999999997,-0.021981983571441443,0.0002450493207585197
-0.014000039646498982,-0.021200039646498983,1.008,0.480000019073,0.00045763199999999997,-0.021621622480765768,0.00024102490720315678
-0.013600039656598981,-0.020800039656598983,1.016,0.488000035286,0.00046126399999999997,-0.021981983571441443,0.0002450493207585197
-0.013200039666698981,-0.020400039666698982,1.016,0.48400002718,0.00046126399999999997,-0.021801803026126127,0.00024487418525721805
-0.01280003967679898,-0.020000039676798982,1.016,0.488000035286,0.00046126399999999997,-0.021981983571441443,0.0002450493207585197
-0.01240003968689898,-0.019600039686898982,1.008,0.48400002718,0.00045763199999999997,-0.021801803026126127,0.00024119860125721806
-0.01200003969699898,-0.01920003969699898,1.016,0.49200001359,0.00046126399999999997,-0.022162162774324326,0.00024522589638615135
-0.011600039707098981,-0.01880003970709898,1.016,0.488000035286,0.00046126399999999997,-0.021981983571441443,0.0002450493207585197
-0.011200039717198981,-0.01840003971719898,1.008,0.496000021696,0.00045763199999999997,-0.022342343319639642,0.00024172833077128075
-0.01080003972729898,-0.01800003972729898,1.008,0.49200001359,0.00045763199999999997,-0.022162162774324326,0.0002415503123861514
-0.01040003973739898,-0.01760003973739898,1.008,0.49200001359,0.00045763199999999997,-0.022162162774324326,0.0002415503123861514
-0.01000003974749898,-0.01720003974749898,1.008,0.468000024557,0.00045763199999999997,-0.021081082187252253,0.0002405124749813222
-0.009600039757598981,-0.01680003975759898,1.008,0.476000010967,0.00045763199999999997,-0.021441441935450452,0.00024085265459642273
-0.009200039767698981,-0.01640003976769898,1.016,0.496000021696,0.00046126399999999997,-0.022342343319639642,0.00024540391477128075
-0.00880003977779898,-0.01600003977779898,1.008,0.488000035286,0.00045763199999999997,-0.021981983571441443,0.00024137373675851972
-0.00840003978789898,-0.01560003978789898,1.016,0.49200001359,0.00046126399999999997,-0.022162162774324326,0.00024522589638615135
-0.00800003979799898,-0.01520003979799898,1.008,0.5,0.00045763199999999997,-0.022522522522522525,0.00024190778926126127
-0.00760003980809898,-0.014800039808098981,1.016,0.496000021696,0.00046126399999999997,-0.022342343319639642,0.00024540391477128075
-0.00720003981819898,-0.01440003981819898,1.016,0.5,0.00046126399999999997,-0.022522522522522525,0.00024558337326126126
-0.0068000398282989805,-0.01400003982829898,1.008,0.488000035286,0.00045763199999999997,-0.021981983571441443,0.00024137373675851972
-0.00640003983839898,-0.01360003983839898,1.024,0.49200001359,0.00046489599999999996,-0.022162162774324326,0.00024893053638615133
-0.006000039848498981,-0.01320003984849898,1.008,0.488000035286,0.00045763199999999997,-0.021981983571441443,0.00024137373675851972
-0.00560003985859898,-0.01280003985859898,1.008,0.488000035286,0.00045763199999999997,-0.021981983571441443,0.00024137373675851972
-0.00520003986869898,-0.012400039868698979,1.016,0.488000035286,0.00046126399999999997,-0.021981983571441443,0.0002450493207585197
-0.0048000398787989805,-0.01200003987879898,1.016,0.48400002718,0.00046126399999999997,-0.021801803026126127,0.00024487418525721805
-0.00440003988889898,-0.01160003988889898,1.016,0.496000021696,0.00046126399999999997,-0.022342343319639642,0.00024540391477128075
-0.00400003989899898,-0.01120003989899898,1.016,0.48400002718,0.00046126399999999997,-0.021801803026126127,0.00024487418525721805
-0.0036000399090989803,-0.010800039909098981,1.016,0.488000035286,0.00046126399999999997,-0.021981983571441443,0.0002450493207585197
-0.00320003991919898,-0.01040003991919898,1.016,0.496000021696,0.00046126399999999997,-0.022342343319639642,0.00024540391477128075
-0.00280003992929898,-0.01000003992929898,1.016,0.496000021696,0.00046126399999999997,-0.022342343319639642,0.00024540391477128075
-0.00240003993939898,-0.00960003993939898,1.008,0.496000021696,0.00045763199999999997,-0.022342343319639642,0.00024172833077128075
-0.00200003994949898,-0.00920003994949898,1.016,0.49200001359,0.00046126399999999997,-0.022162162774324326,0.00024522589638615135
-0.00160003995959898,-0.00880003995959898,1.008,0.476000010967,0.00045763199999999997,-0.021441441935450452,0.00024085265459642273
-0.00120003996969898,-0.008400039969698979,1.016,0.480000019073,0.00046126399999999997,-0.021621622480765768,0.0002447004912031568
-0.00080003997979898,-0.00800003997979898,1.008,0.480000019073,0.00045763199999999997,-0.021621622480765768,0.00024102490720315678
-0.00040003998989898,-0.00760003998989898,1.0,0.472000032663,0.000454,-0.02126126273256757,0.0002370353167042285
-3.9999998979959184e-08,-0.0072000399999989795,1.0,0.472000032663,0.000454,-0.02126126273256757,0.0002370353167042285
0.00039995998990102007,-0.00680004001009898,1.008,0.480000019073,0.00045763199999999997,-0.021621622480765768,0.00024102490720315678
0.0007999599798010201,-0.00640004002019898,1.008,0.49200001359,0.00045763199999999997,-0.022162162774324326,0.0002415503123861514
0.0011999599697010202,-0.006000040030298979,1.016,0.49200001359,0.00046126399999999997,-0.022162162774324326,0.00024522589638615135
0.0015999599596010201,-0.00560004004039898,1.016,0.488000035286,0.00046126399999999997,-0.021981983571441443,0.0002450493207585197
0.0019999599495010203,-0.0052000400504989795,1.008,0.488000035286,0.00045763199999999997,-0.021981983571441443,0.00024137373675851972
0.00239995993940102,-0.004800040060598979,1.008,0.480000019073,0.00045763199999999997,-0.021621622480765768,0.00024102490720315678
0.00279995992930102,-0.00440004007069898,1.016,0.48400002718,0.00046126399999999997,-0.021801803026126127,0.00024487418525721805
0.0031999599192010205,-0.004000040080798979,1.008,0.476000010967,0.00045763199999999997,-0.021441441935450452,0.00024085265459642273
0.0035999599091010204,-0.0036000400908989794,1.016,0.488000035286,0.00046126399999999997,-0.021981983571441443,0.0002450493207585197
0.00399995989900102,-0.0032000401009989795,1.016,0.480000019073,0.00046126399999999997,-0.021621622480765768,0.0002447004912031568
0.004399959888901021,-0.002800040111098979,1.016,0.488000035286,0.00046126399999999997,-0.021981983571441443,0.0002450493207585197
0.00479995987880102,-0.0024000401211989797,1.016,0.49200001359,0.00046126399999999997,-0.022162162774324326,0.00024522589638615135
0.0051999598687010205,-0.0020000401312989793,1.024,0.496000021696,0.00046489599999999996,-0.022342343319639642,0.0002491085547712807
0.005599959858601021,-0.001600040141398979,1.008,0.48400002718,0.00045763199999999997,-0.021801803026126127,0.00024119860125721806
0.00599995984850102,-0.0012000401514989795,1.016,0.49200001359,0.00046126399999999997,-0.022162162774324326,0.00024522589638615135
0.006399959838401021,-0.0008000401615989791,0.98400002718,0.468000024557,0.00044673601233972,-0.021081082187252253,0.00022966007112360686
0.00679995982830102,-0.00040004017169897963,0.976000070572,0.472000032663,0.00044310403203968795,-0.02126126273256757,0.00022627009997496514
0.0071999598182010205,-4.0181798979278815e-08,0.936000049114,0.684000015259,0.000424944022297756,-0.030810811498153155,0.00021994840840557908
0.007599959808101021,0.0003999598081010211,0.912000060081,0.652000010014,0.00041404802727677397,-0.02936936982045045,0.00020795474229345727
0.00799995979800102,0.0007999597980010206,0.896000027657,0.604000031948,0.000406784012556278,-0.027207208646306307,0.0001986723981420102
0.00839995978790102,0.001199959787901021,0.856000065804,0.572000026703,0.000388624029875016,-0.025765766968603603,0.0001810691169670792
0.008799959777801021,0.0015999597778010213,0.848000049591,0.532000005245,0.00038499202251431394,-0.023963964200225226,0.00017598545617234963
0.009199959767701021,0.0019999597677010216,0.816000044346,0.5,0.000370464020133084,-0.022522522522522525,0.00016241058968985826
0.00959995975760102,0.0023999597576010202,0.792000055313,0.476000010967,0.00035956802511210196,-0.021441441935450452,0.0001525950744852082
0.00999995974750102,0.0027999597475010206,0.784000039101,0.460000008345,0.00035593601775185397,-0.02072072109662162,0.00014905845779481425
0.01039995973740102,0.003199959737401021,0.776000022888,0.460000008345,0.000352304010391152,-0.02072072109662162,0.00014622549194089442
0.010799959727301021,0.0035999597273010213,0.744000017643,0.416000008583,0.00033777600800992196,-0.018738739125360362,0.00013344799359636653
0.011199959717201021,0.003999959717201022,0.736000061035,0.428000032902,0.00033414402770989,-0.019279280761351353,0.00013121654519466516
0.01159995970710102,0.00439995970710102,0.712000012398,0.428000032902,0.000323248005628692,-0.019279280761351353,0.00012332782480781401
0.01199995969700102,0.004799959697001021,0.696000039577,0.452000021935,0.00031598401796795796,-0.020360361348423422,0.00011916532828179102
0.01239995968690102,0.005199959686901021,0.672000050545,0.464000016451,0.00030508802294743,-0.020900901641936937,0.000112207602126373
0.012799959676801021,0.005599959676801021,0.648000001907,0.460000008345,0.000294192000865778,-0.02072072109662162,0.00010484974043838451
0.013199959666701021,0.005999959666701022,0.624000012875,0.472000032663,0.00028329600584524995,-0.02126126273256757,9.842367235166454e-05
0.013599959656601022,0.006399959656601022,0.608000040054,0.464000016451,0.00027603201818451596,-0.020900901641936937,9.361175776188556e-05
0.01399995964650102,0.006799959646501021,0.600000023842,0.468000024557,0.000272400010824268,-0.021081082187252253,9.158595347588313e-05
0.01439995963640102,0.007199959636401021,0.576000034809,0.460000008345,0.00026150401580328595,-0.02072072109662162,8.484469298005336e-05
0.014799959626301021,0.007599959626301021,0.552000045776,0.440000027418,0.00025060802078230403,-0.019819821054864864,7.788854127939268e-05
0.015199959616201021,0.007999959616201022,0.536000013351,0.420000016689,0.000243344006061354,-0.018918919670675678,7.316214182630743e-05
0.015599959606101022,0.008399959606101022,0.520000040531,0.416000008583,0.000236080018401074,-0.018738739125360362,6.917612520554336e-05
0.01599995959600102,0.00879995959600102,0.504000008106,0.412000030279,0.00022881600368012398,-0.01855855992247748,6.530776110477787e-05
0.01639995958590102,0.009199959585901021,0.488000035286,0.412000030279,0.00022155201601984398,-0.01855855992247748,6.170482306767951e-05
0.01679995957580102,0.009599959575801021,0.464000016451,0.38400000334,0.00021065600746875398,-0.01729729744774775,5.5514357743210026e-05
0.01719995956570102,0.009999959565701022,0.464000016451,0.38400000334,0.00021065600746875398,-0.01729729744774775,5.5514357743210026e-05
0.017599959555601022,0.010399959555601022,0.448000013828,0.37200000882,0.00020339200627791197,-0.016756757154054055,5.1793324621607315e-05
0.017999959545501022,0.010799959545501022,0.432000011206,0.36800003052,0.000196128005087524,-0.016576577951351354,4.846383138982486e-05
0.018399959535401023,0.011199959535401023,0.416000008583,0.3560000062,0.000188864003896682,-0.016036036315315316,4.499254264869541e-05
0.018799959525301023,0.011599959525301023,0.39200001955,0.32000002265,0.0001779680088757,-0.014414415434684686,3.949434474486009e-05
0.01919995951520102,0.01199995951520102,0.38400000334,0.32000002265,0.00017433600151636,-0.014414415434684686,3.808512584786785e-05
0.01959995950510102,0.01239995950510102,0.38400000334,0.32000002265,0.00017433600151636,-0.014414415434684686,3.808512584786785e-05
0.01999995949500102,0.01279995949500102,0.36000001431,0.29600000381,0.00016344000649674,-0.013333333504954956,3.3365869107093113e-05
0.02039995948490102,0.013199959484901021,0.34400001168,0.30000001192,0.00015617600530272,-0.01351351405045045,3.091632820035193e-05
0.02079995947480102,0.013599959474801021,0.33600002527,0.28000000119,0.00015254401147258,-0.012612612666216218,2.9158927416336575e-05
0.02119995946470102,0.013999959464701022,0.32800000906,0.27600002289,0.00014891200411323998,-0.012432433463513512,2.7852921269650865e-05
0.021599959454601022,0.014399959454601022,0.31200000644,0.26000002027,0.00014164800292375997,-0.011711712624774776,2.5142134432050982e-05
0.021999959444501022,0.014799959444501022,0.31200000644,0.26399999857,0.00014164800292375997,-0.011891891827477479,2.5236548337661776e-05
0.022399959434401023,0.015199959434401023,0.2880000174,0.23200000823,0.00013075200789959998,-0.010450450821171171,2.1252794951603787e-05
0.022799959424301023,0.015599959424301023,0.28000000119,0.23200000823,0.00012712000054026,-0.010450450821171171,2.0221304827791723e-05
0.023199959414201023,0.015999959414201022,0.27200001478,0.24000000954,0.00012348800671012,-0.01081081124054054,1.9388964626017557e-05
0.02359995940410102,0.016399959404101022,0.27200001478,0.23200000823,0.00012348800671012,-0.010450450821171171,1.921887450167161e-05
0.02399995939400102,0.016799959394001023,0.26399999857,0.2160000056,0.00011985599935078,-0.009729729981981981,1.7922613559200515e-05
0.02439995938390102,0.017199959383901023,0.24800001085,0.20000000298,0.0001125920049259,-0.009009009143243244,1.5763211077118723e-05
0.02479995937380102,0.017599959373801023,0.24000000954,0.2160000056,0.00010896000433116,-0.009729729981981981,1.5176822770073016e-05
0.02519995936370102,0.017999959363701024,0.22400000691,0.18800000846,0.00010169600313713999,-0.00846846884954955,1.2982024918077932e-05
0.025599959353601022,0.018399959353601024,0.22400000691,0.20000000298,0.00010169600313713999,-0.009009009143243244,1.3191754558214867e-05
0.025999959343501022,0.018799959343501024,0.2160000056,0.19600000978,9.80640025424e-05,-0.00882882926936937,1.2321363172300753e-05
0.026399959333401023,0.019199959333401025,0.2160000056,0.19200000167,9.80640025424e-05,-0.008648648723873874,1.2251453118585434e-05
0.026799959323301023,0.019599959323301025,0.20000000298,0.17200000584,9.080000135292e-05,-0.007747748010810811,1.041261297369031e-05
0.027199959313201023,0.019999959313201025,0.20800000429,0.18000000715,9.443200194766e-05,-0.00810810843018018,1.1280387980518693e-05
0.02759995930310102,0.02039995930310102,0.19200000167,0.16000001132,8.716800075818e-05,-0.007207207717117117,9.52128146189489e-06
0.02799995929300102,0.02079995929300102,0.18400001526,0.15200001001,8.353600692804e-05,-0.006846847297747748,8.726034132554013e-06
0.02839995928290102,0.02119995928290102,0.17600001395,0.15600000322,7.99040063333e-05,-0.007027027172072072,8.127769376131115e-06
0.02879995927280102,0.02159995927280102,0.17600001395,0.1480000019,7.99040063333e-05,-0.006666666752252253,8.018219806660846e-06
0.02919995926270102,0.02199995926270102,0.17600001395,0.15200001001,7.99040063333e-05,-0.006846847297747748,8.072273972455443e-06
0.029599959252601022,0.02239995925260102,0.16000001132,0.1400000006,7.264000513927999e-05,-0.006306306333333334,6.694083712735279e-06
0.029999959242501022,0.02279995924250102,0.15200001001,0.1400000006,6.900800454454e-05,-0.006306306333333334,6.127491581220552e-06
0.030399959232401023,0.02319995923240102,0.15200001001,0.1319999993,6.900800454454e-05,-0.005945945914414415,6.029473547310643e-06
0.030799959222301023,0.02359995922230102,0.1440000087,0.1319999993,6.537600394979999e-05,-0.005945945914414415,5.491937425311758e-06
0.031199959212201023,0.023999959212201022,0.1360000074,0.1280000061,6.17440033596e-05,-0.005765766040540541,4.936610545265974e-06
0.03159995920210102,0.024399959202101022,0.1440000087,0.1360000074,6.537600394979999e-05,-0.00612612645945946,5.540225812591039e-06
0.03199995919200102,0.024799959192001023,0.1360000074,0.1200000048,6.17440033596e-05,-0.005405405621621622,4.847241157446154e-06
0.03239995918190102,0.025199959181901023,0.1280000061,0.1080000028,5.81120027694e-05,-0.004864864990990991,4.2445737871318575e-06
0.03279995917180102,0.025599959171801023,0.1360000074,0.1200000048,6.17440033596e-05,-0.005405405621621622,4.847241157446154e-06
0.03319995916170102,0.025999959161701024,0.1360000074,0.1200000048,6.17440033596e-05,-0.005405405621621622,4.847241157446154e-06
0.03359995915160102,0.026399959151601024,0.1200000048,0.096000000834,5.44800021792e-05,-0.0043243243618918915,3.6839354038521132e-06
0.03399995914150102,0.026799959141501024,0.1200000048,0.1000000015,5.44800021792e-05,-0.004504504572072072,3.7192507254679696e-06
0.03439995913140102,0.027199959131401025,0.1120000035,0.092000007629,5.0848001589e-05,-0.004144144487792793,3.2287495024606177e-06
0.03479995912130102,0.027599959121301025,0.1040000021,0.084000006318,4.72160009534e-05,-0.0037837840683783786,2.7730699848033325e-06
0.035199959111201023,0.027999959111201025,0.1040000021,0.096000000834,4.72160009534e-05,-0.0043243243618918915,2.8703672415017088e-06
0.035599959101101024,0.028399959101101026,0.1040000021,0.088000006974,4.72160009534e-05,-0.003963964278108108,2.8040609832718014e-06
0.035999959091001024,0.028799959091001026,0.096000000834,0.080000005662,4.3584000378635994e-05,-0.0036036038586486486,2.3803203654445525e-06
0.036399959080901025,0.029199959080901026,0.096000000834,0.088000006974,4.3584000378635994e-05,-0.003963964278108108,2.440860920467256e-06
0.036799959070801025,0.029599959070801027,0.088000006974,0.076000005007,3.9952003166196e-05,-0.003423423648963964,2.018068493087602e-06
0.037199959060701025,0.029999959060701027,0.088000006974,0.068000003695,3.9952003166196e-05,-0.003063063229504505,1.9661765895495838e-06
0.037599959050601026,0.030399959050601028,0.088000006974,0.060000002384,3.9952003166196e-05,-0.0027027028100900905,1.9200504536739077e-06
0.037999959040501026,0.030799959040501028,0.080000005662,0.072000004351,3.632000257054799e-05,-0.0032432434392342343,1.6863137473800642e-06
0.03839995903040102,0.03119995903040102,0.080000005662,0.06400000304,3.632000257054799e-05,-0.00288288301981982,1.6373047276762799e-06
0.03879995902030102,0.03159995902030102,0.088000006974,0.06400000304,3.9952003166196e-05,-0.00288288301981982,1.942392800657692e-06
0.03919995901020102,0.03199995901020102,0.080000005662,0.072000004351,3.632000257054799e-05,-0.0032432434392342343,1.6863137473800642e-06
0.03959995900010102,0.03239995900010102,0.072000004351,0.060000002384,3.2688001975354e-05,-0.0027027028100900905,1.3389303172741411e-06
0.03999995899000102,0.03279995899000102,0.080000005662,0.068000003695,3.632000257054799e-05,-0.003063063229504505,1.661088516568172e-06
0.04039995897990102,0.03319995897990102,0.06400000304,0.04800000042,2.9056001380159998e-05,-0.002162162181081081,1.033575873930242e-06
0.04079995896980102,0.03359995896980102,0.072000004351,0.05200000107,3.2688001975354e-05,-0.0023423423905405407,1.2985699490399068e-06
0.04119995895970102,0.033999958959701024,0.06400000304,0.05200000107,2.9056001380159998e-05,-0.0023423423905405407,1.0515938951446567e-06
0.04159995894960102,0.034399958949601024,0.04800000042,0.05200000107,2.179200019068e-05,-0.0023423423905405407,6.448098159670545e-07
0.04199995893950102,0.034799958939501024,0.072000004351,0.056000001729,3.2688001975354e-05,-0.0025225226004054056,1.3180294122096365e-06
0.04239995892940102,0.035199958929401025,0.04800000042,0.04400000349,2.179200019068e-05,-0.0019819821391891894,6.10215230194082e-07
0.04279995891930102,0.035599958919301025,0.056000001729,0.072000004351,2.5424000784965997e-05,-0.0032432434392342343,9.453855856943136e-07
0.043199958909201024,0.035999958909201026,0.06400000304,0.056000001729,2.9056001380159998e-05,-0.0025225226004054056,1.0710533583143864e-06
0.043599958899101024,0.036399958899101026,0.04800000042,0.06400000304,2.179200019068e-05,-0.00288288301981982,7.075125311850729e-07
0.043999958889001024,0.036799958889001026,0.04800000042,0.04400000349,2.179200019068e-05,-0.0019819821391891894,6.10215230194082e-07
0.044399958878901025,0.03719995887890103,0.056000001729,0.05200000107,2.5424000784965997e-05,-0.0023423423905405407,8.336738507725111e-07
0.044799958868801025,0.03759995886880103,0.04800000042,0.02800000086,2.179200019068e-05,-0.0012612613,5.583233266373248e-07
0.045199958858701025,0.03799995885870103,0.04800000042,0.03600000218,2.179200019068e-05,-0.0016216217198198198,5.813863946012889e-07
0.045599958848601026,0.03839995884860103,0.056000001729,0.05200000107,2.5424000784965997e-05,-0.0023423423905405407,8.336738507725111e-07
0.045999958838501026,0.03879995883850103,0.04800000042,0.04800000042,2.179200019068e-05,-0.002162162181081081,6.267917947526401e-07
0.046399958828401026,0.03919995882840103,0.04800000042,0.04800000042,2.179200019068e-05,-0.002162162181081081,6.267917947526401e-07
0.04679995881830102,0.03959995881830102,0.04000000283,0.04400000349,1.8160001284819997e-05,-0.0019819821391891894,4.504072724342438e-07
0.04719995880820102,0.03999995880820102,0.03200000152,0.03200000152,1.4528000690079999e-05,-0.00144144150990991,2.7857415259066875e-07
0.04759995879810102,0.04039995879810102,0.04000000283,0.04400000349,1.8160001284819997e-05,-0.0019819821391891894,4.504072724342438e-07
0.04799995878800102,0.04079995878800102,0.04000000283,0.04400000349,1.8160001284819997e-05,-0.0019819821391891894,4.504072724342438e-07
0.04839995877790102,0.04119995877790102,0.03200000152,0.03200000152,1.4528000690079999e-05,-0.00144144150990991,2.7857415259066875e-07
0.04879995876780102,0.041599958767801024,0.04000000283,0.04000000283,1.8160001284819997e-05,-0.0018018019292792792,4.3527213366307244e-07
0.04919995875770102,0.041999958757701024,0.04000000283,0.04000000283,1.8160001284819997e-05,-0.0018018019292792792,4.3527213366307244e-07
0.04959995874760102,0.042399958747601024,0.04000000283,0.03200000152,1.8160001284819997e-05,-0.00144144150990991,4.0932618190091e-07
0.04999995873750102,0.042799958737501025,0.03200000152,0.02800000086,1.4528000690079999e-05,-0.0012612613,2.6776333956724526e-07
0.05039995872740102,0.043199958727401025,0.03200000152,0.03200000152,1.4528000690079999e-05,-0.00144144150990991,2.7857415259066875e-07
0.05079995871730102,0.043599958717301025,0.04000000283,0.03600000218,1.8160001284819997e-05,-0.0016216217198198198,4.2157843684145067e-07
0.051199958707201024,0.043999958707201026,0.04000000283,0.04000000283,1.8160001284819997e-05,-0.0018018019292792792,4.3527213366307244e-07
0.051599958697101024,0.044399958697101026,0.03200000152,0.03600000218,1.4528000690079999e-05,-0.0016216217198198198,2.908264075312094e-07
0.051999958687001024,0.044799958687001026,0.03200000152,0.02400000021,1.4528000690079999e-05,-0.0010810810905405406,2.583939684825605e-07
0.052399958676901025,0.04519995867690103,0.04000000283,0.03200000152,1.8160001284819997e-05,-0.00144144150990991,4.0932618190091e-07
0.052799958666801025,0.04559995866680103,0.04000000283,0.02400000021,1.8160001284819997e-05,-0.0010810810905405406,3.8914599779280177e-07
0.053199958656701025,0.04599995865670103,0.03200000152,0.02800000086,1.4528000690079999e-05,-0.0012612613,2.6776333956724526e-07
0.053599958646601026,0.04639995864660103,0.02400000021,0.02800000086,1.089600009534e-05,-0.0012612613,1.6606731977284474e-07
0.053999958636501026,0.04679995863650103,0.02400000021,0.0160000008,1.089600009534e-05,-0.0007207207567567568,1.4228353497284472e-07
0.054399958626401027,0.04719995862640103,0.03200000152,0.0160000008,1.4528000690079999e-05,-0.0007207207567567568,2.4397955476724526e-07
0.05479995861630103,0.04759995861630103,0.04000000283,0.02800000086,1.8160001284819997e-05,-0.0012612613,3.985153688774865e-07
0.05519995860620103,0.04799995860620103,0.0160000008,0.00800000038,7.2640003632e-06,-0.0003603603774774775,6.099488896795691e-08
0.05559995859610102,0.04839995859610102,0.02400000021,0.02400000021,1.089600009534e-05,-0.0010810810905405406,1.5669794868816002e-07
0.05599995858600102,0.04879995858600102,0.03200000152,0.02800000086,1.4528000690079999e-05,-0.0012612613,2.6776333956724526e-07
0.05639995857590102,0.04919995857590102,0.02400000021,0.0200000014,1.089600009534e-05,-0.0009009009639639639,1.4877002282870064e-07
0.05679995856580102,0.049599958565801024,0.02400000021,0.0160000008,1.089600009534e-05,-0.0007207207567567568,1.4228353497284472e-07
0.05719995855570102,0.049999958555701024,0.02400000021,0.0160000008,1.089600009534e-05,-0.0007207207567567568,1.4228353497284472e-07
0.05759995854560102,0.050399958545601024,0.03200000152,0.03200000152,1.4528000690079999e-05,-0.00144144150990991,2.7857415259066875e-07
0.05799995853550102,0.050799958535501025,0.03200000152,0.03200000152,1.4528000690079999e-05,-0.00144144150990991,2.7857415259066875e-07
0.05839995852540102,0.051199958525401025,0.02400000021,0.0200000014,1.089600009534e-05,-0.0009009009639639639,1.4877002282870064e-07
0.05879995851530102,0.051599958515301025,0.0160000008,0.02800000086,7.2640003632e-06,-0.0012612613,9.342732329588486e-08
0.059199958505201024,0.051999958505201026,0.0160000008,0.0160000008,7.2640003632e-06,-0.0007207207567567568,6.964353849588485e-08
0.059599958495101024,0.052399958495101026,0.02400000021,0.03200000152,1.089600009534e-05,-0.00144144150990991,1.7687813279626823e-07
0.059999958485001025,0.052799958485001026,0.0160000008,0.02800000086,7.2640003632e-06,-0.0012612613,9.342732329588486e-08
0.060399958474901025,0.05319995847490103,0.03200000152,0.03200000152,1.4528000690079999e-05,-0.00144144150990991,2.7857415259066875e-07
0.060799958464801025,0.05359995846480103,0.02400000021,0.02400000021,1.089600009534e-05,-0.0010810810905405406,1.5669794868816002e-07
0.061199958454701026,0.05399995845470103,0.0160000008,0.0200000014,7.2640003632e-06,-0.0009009009639639639,7.613002635174078e-08
0.061599958444601026,0.05439995844460103,0.0160000008,0.0120000001,7.2640003632e-06,-0.0005405405450450451,6.459849240579475e-08
0.061999958434501026,0.05479995843450103,0.0160000008,0.0160000008,7.2640003632e-06,-0.0007207207567567568,6.964353849588485e-08
0.06239995842440103,0.05519995842440103,0.02400000021,0.02800000086,1.089600009534e-05,-0.0012612613,1.6606731977284474e-07
0.06279995841430103,0.05559995841430103,0.02400000021,0.0200000014,1.089600009534e-05,-0.0009009009639639639,1.4877002282870064e-07
0.06319995840420102,0.05599995840420102,0.0160000008,0.0120000001,7.2640003632e-06,-0.0005405405450450451,6.459849240579475e-08
0.06359995839410103,0.05639995839410103,0.0160000008,0.0200000014,7.2640003632e-06,-0.0009009009639639639,7.613002635174078e-08
0.06399995838400102,0.05679995838400102,0.02400000021,0.0160000008,1.089600009534e-05,-0.0007207207567567568,1.4228353497284472e-07
0.06439995837390103,0.05719995837390103,0.0160000008,0.00400000019,7.2640003632e-06,-0.00018018018873873875,5.883272660038934e-08
0.06479995836380102,0.057599958363801024,0.0160000008,0.0200000014,7.2640003632e-06,-0.0009009009639639639,7.613002635174078e-08
0.06519995835370103,0.05799995835370103,0.0160000008,0.0160000008,7.2640003632e-06,-0.0007207207567567568,6.964353849588485e-08
0.06559995834360102,0.058399958343601024,0.00800000038,0.0200000014,3.6320001725199998e-06,-0.0009009009639639639,3.254602192070066e-08
0.06599995833350103,0.05879995833350103,0.02400000021,0.0160000008,1.089600009534e-05,-0.0007207207567567568,1.4228353497284472e-07
0.06639995832340102,0.059199958323401025,0.0160000008,0.0200000014,7.2640003632e-06,-0.0009009009639639639,7.613002635174078e-08
0.06679995831330103,0.05959995831330103,0.0160000008,0.0120000001,7.2640003632e-06,-0.0005405405450450451,6.459849240579475e-08
0.06719995830320102,0.059999958303201026,0.0160000008,0.0200000014,7.2640003632e-06,-0.0009009009639639639,7.613002635174078e-08
0.06759995829310103,0.06039995829310103,0.0160000008,0.0160000008,7.2640003632e-06,-0.0007207207567567568,6.964353849588485e-08
0.06799995828300102,0.06079995828300103,0.0160000008,0.02800000086,7.2640003632e-06,-0.0012612613,9.342732329588486e-08
0.06839995827290102,0.06119995827290102,0.00800000038,0.0,3.6320001725199998e-06,-0.0,1.4528001380160033e-08
0.06879995826280103,0.06159995826280103,0.0160000008,0.0160000008,7.2640003632e-06,-0.0007207207567567568,6.964353849588485e-08
0.06919995825270102,0.06199995825270102,0.0160000008,0.02800000086,7.2640003632e-06,-0.0012612613,9.342732329588486e-08
0.06959995824260103,0.06239995824260103,0.02400000021,0.0160000008,1.089600009534e-05,-0.0007207207567567568,1.4228353497284472e-07
0.06999995823250102,0.06279995823250102,0.0160000008,0.00800000038,7.2640003632e-06,-0.0003603603774774775,6.099488896795691e-08
0.07039995822240103,0.06319995822240103,0.0160000008,0.0120000001,7.2640003632e-06,-0.0005405405450450451,6.459849240579475e-08
0.07079995821230102,0.06359995821230102,0.00800000038,0.00800000038,3.6320001725199998e-06,-0.0003603603774774775,1.7410884536916797e-08
0.07119995820220103,0.06399995820220103,0.0160000008,0.00800000038,7.2640003632e-06,-0.0003603603774774775,6.099488896795691e-08
0.07159995819210102,0.06439995819210102,0.0160000008,0.0120000001,7.2640003632e-06,-0.0005405405450450451,6.459849240579475e-08
0.07199995818200103,0.06479995818200103,0.0160000008,0.0160000008,7.2640003632e-06,-0.0007207207567567568,6.964353849588485e-08
0.07239995817190102,0.06519995817190102,0.00800000038,0.00400000019,3.6320001725199998e-06,-0.00018018018873873875,1.5248722169349223e-08
0.07279995816180103,0.06559995816180103,0.0160000008,0.00800000038,7.2640003632e-06,-0.0003603603774774775,6.099488896795691e-08
0.07319995815170102,0.06599995815170102,0.0160000008,0.0200000014,7.2640003632e-06,-0.0009009009639639639,7.613002635174078e-08
0.07359995814160103,0.06639995814160103,0.02400000021,0.02800000086,1.089600009534e-05,-0.0012612613,1.6606731977284474e-07
0.07399995813150102,0.06679995813150102,0.0,0.0120000001,0.0,-0.0005405405450450451,6.486486594594596e-09
0.07439995812140103,0.06719995812140103,0.0160000008,0.0120000001,7.2640003632e-06,-0.0005405405450450451,6.459849240579475e-08
0.07479995811130102,0.06759995811130103,0.0160000008,0.0160000008,7.2640003632e-06,-0.0007207207567567568,6.964353849588485e-08
0.07519995810120103,0.06799995810120103,0.0,0.00400000019,0.0,-0.00018018018873873875,7.207207891891909e-10
0.07559995809110102,0.06839995809110103,0.0160000008,0.02400000021,7.2640003632e-06,-0.0010810810905405406,8.405795221120016e-08
0.07599995808100103,0.06879995808100103,0.0160000008,0.0160000008,7.2640003632e-06,-0.0007207207567567568,6.964353849588485e-08
0.07639995807090103,0.06919995807090103,0.0160000008,0.0,7.2640003632e-06,-0.0,5.811200581120015e-08
0.07679995806080102,0.06959995806080102,0.00800000038,0.0120000001,3.6320001725199998e-06,-0.0005405405450450451,2.101448797475463e-08
0.07719995805070103,0.06999995805070103,0.0160000008,0.02400000021,7.2640003632e-06,-0.0010810810905405406,8.405795221120016e-08
0.07759995804060102,0.07039995804060102,0.0,0.00400000019,0.0,-0.00018018018873873875,7.207207891891909e-10
0.07799995803050103,0.07079995803050103,0.00800000038,0.00800000038,3.6320001725199998e-06,-0.0003603603774774775,1.7410884536916797e-08
0.07839995802040102,0.07119995802040102,0.0160000008,0.0160000008,7.2640003632e-06,-0.0007207207567567568,6.964353849588485e-08
0.07879995801030103,0.07159995801030103,0.00800000038,-0.00800000038,3.6320001725199998e-06,0.0003603603774774775,1.7410884536916797e-08
0.07919995800020102,0.07199995800020102,0.0160000008,0.0160000008,7.2640003632e-06,-0.0007207207567567568,6.964353849588485e-08
0.07959995799010103,0.07239995799010103,0.00800000038,0.0120000001,3.6320001725199998e-06,-0.0005405405450450451,2.101448797475463e-08
0.07999995798000102,0.07279995798000102,0.00800000038,0.0200000014,3.6320001725199998e-06,-0.0009009009639639639,3.254602192070066e-08
0.08039995796990103,0.07319995796990103,0.0160000008,0.00800000038,7.2640003632e-06,-0.0003603603774774775,6.099488896795691e-08
0.08079995795980102,0.07359995795980102,0.0,-0.00400000019,0.0,0.00018018018873873875,7.207207891891909e-10
0.08119995794970103,0.07399995794970103,0.00800000038,0.00800000038,3.6320001725199998e-06,-0.0003603603774774775,1.7410884536916797e-08
0.08159995793960102,0.07439995793960102,0.0160000008,0.00800000038,7.2640003632e-06,-0.0003603603774774775,6.099488896795691e-08
0.08199995792950103,0.07479995792950103,0.00800000038,0.02400000021,3.6320001725199998e-06,-0.0010810810905405406,4.0473947780160036e-08
0.08239995791940102,0.07519995791940103,0.00800000038,0.00400000019,3.6320001725199998e-06,-0.00018018018873873875,1.5248722169349223e-08
0.08279995790930103,0.07559995790930103,0.00800000038,0.02400000021,3.6320001725199998e-06,-0.0010810810905405406,4.0473947780160036e-08
0.08319995789920102,0.07599995789920103,0.0160000008,0.00800000038,7.2640003632e-06,-0.0003603603774774775,6.099488896795691e-08
0.08359995788910103,0.07639995788910103,0.0,0.00400000019,0.0,-0.00018018018873873875,7.207207891891909e-10
0.08399995787900102,0.07679995787900103,0.00800000038,0.0120000001,3.6320001725199998e-06,-0.0005405405450450451,2.101448797475463e-08
0.08439995786890103,0.07719995786890103,0.00800000038,0.0120000001,3.6320001725199998e-06,-0.0005405405450450451,2.101448797475463e-08
0.08479995785880103,0.07759995785880103,0.00800000038,0.00800000038,3.6320001725199998e-06,-0.0003603603774774775,1.7410884536916797e-08
0.08519995784870102,0.07799995784870102,0.0,0.0120000001,0.0,-0.0005405405450450451,6.486486594594596e-09
0.08559995783860103,0.07839995783860103,0.0160000008,0.00400000019,7.2640003632e-06,-0.00018018018873873875,5.883272660038934e-08
0.08599995782850102,0.07879995782850102,0.0,-0.00400000019,0.0,0.00018018018873873875,7.207207891891909e-10
0.08639995781840103,0.07919995781840103,0.00800000038,0.00800000038,3.6320001725199998e-06,-0.0003603603774774775,1.7410884536916797e-08
0.08679995780830102,0.07959995780830102,0.00800000038,0.0120000001,3.6320001725199998e-06,-0.0005405405450450451,2.101448797475463e-08
0.08719995779820103,0.07999995779820103,0.0,0.0,0.0,-0.0,0.0
0.08759995778810102,0.08039995778810102,0.0160000008,0.0160000008,7.2640003632e-06,-0.0007207207567567568,6.964353849588485e-08
0.08799995777800103,0.08079995777800103,0.0160000008,0.0120000001,7.2640003632e-06,-0.0005405405450450451,6.459849240579475e-08
0.08839995776790102,0.08119995776790102,0.0,0.0,0.0,-0.0,0.0
0.08879995775780103,0.08159995775780103,0.0160000008,0.0160000008,7.2640003632e-06,-0.0007207207567567568,6.964353849588485e-08
0.08919995774770102,0.08199995774770102,0.00800000038,0.0,3.6320001725199998e-06,-0.0,1.4528001380160033e-08
0.08959995773760103,0.08239995773760103,0.00800000038,0.0160000008,3.6320001725199998e-06,-0.0007207207567567568,2.6059534064844746e-08
0.08999995772750102,0.08279995772750103,0.0,0.00400000019,0.0,-0.00018018018873873875,7.207207891891909e-10
0.09039995771740103,0.08319995771740103,0.00800000038,0.0120000001,3.6320001725199998e-06,-0.0005405405450450451,2.101448797475463e-08
0.09079995770730102,0.08359995770730103,0.0160000008,0.00800000038,7.2640003632e-06,-0.0003603603774774775,6.099488896795691e-08
0.09119995769720103,0.08399995769720103,0.0160000008,0.00800000038,7.2640003632e-06,-0.0003603603774774775,6.099488896795691e-08
0.09159995768710102,0.08439995768710103,0.0,-0.00400000019,0.0,0.00018018018873873875,7.207207891891909e-10
0.09199995767700103,0.08479995767700103,0.02400000021,0.0160000008,1.089600009534e-05,-0.0007207207567567568,1.4228353497284472e-07
0.09239995766690103,0.08519995766690103,0.00800000038,0.00800000038,3.6320001725199998e-06,-0.0003603603774774775,1.7410884536916797e-08
0.09279995765680103,0.08559995765680103,0.0160000008,0.0200000014,7.2640003632e-06,-0.0009009009639639639,7.613002635174078e-08
0.09319995764670103,0.08599995764670103,0.00800000038,0.02400000021,3.6320001725199998e-06,-0.0010810810905405406,4.0473947780160036e-08
0.09359995763660103,0.08639995763660104,0.00800000038,0.0120000001,3.6320001725199998e-06,-0.0005405405450450451,2.101448797475463e-08
0.09399995762650103,0.08679995762650103,0.00800000038,0.00400000019,3.6320001725199998e-06,-0.00018018018873873875,1.5248722169349223e-08
0.09439995761640102,0.08719995761640102,0.0,-0.00400000019,0.0,0.00018018018873873875,7.207207891891909e-10
0.09479995760630103,0.08759995760630103,0.00800000038,0.00800000038,3.6320001725199998e-06,-0.0003603603774774775,1.7410884536916797e-08
0.09519995759620102,0.08799995759620102,0.00800000038,0.0160000008,3.6320001725199998e-06,-0.0007207207567567568,2.6059534064844746e-08
0.09559995758610103,0.08839995758610103,0.00800000038,0.0160000008,3.6320001725199998e-06,-0.0007207207567567568,2.6059534064844746e-08
0.09599995757600102,0.08879995757600102,0.00800000038,0.0160000008,3.6320001725199998e-06,-0.0007207207567567568,2.6059534064844746e-08
0.09639995756590103,0.08919995756590103,0.0160000008,0.02400000021,7.2640003632e-06,-0.0010810810905405406,8.405795221120016e-08
0.09679995755580102,0.08959995755580102,0.0,0.0160000008,0.0,-0.0007207207567567568,1.1531532684684713e-08
0.09719995754570103,0.08999995754570103,0.00800000038,0.00400000019,3.6320001725199998e-06,-0.00018018018873873875,1.5248722169349223e-08
0.09759995753560102,0.09039995753560102,0.00800000038,0.0160000008,3.6320001725199998e-06,-0.0007207207567567568,2.6059534064844746e-08
0.09799995752550103,0.09079995752550103,0.0,0.00800000038,0.0,-0.0003603603774774775,2.8828831567567637e-09
0.09839995751540102,0.09119995751540103,0.00800000038,0.0160000008,3.6320001725199998e-06,-0.0007207207567567568,2.6059534064844746e-08
0.09879995750530103,0.09159995750530103,0.0,0.00800000038,0.0,-0.0003603603774774775,2.8828831567567637e-09
0.09919995749520102,0.09199995749520103,0.00800000038,0.0,3.6320001725199998e-06,-0.0,1.4528001380160033e-08
0.09959995748510103,0.09239995748510103,0.00800000038,0.0160000008,3.6320001725199998e-06,-0.0007207207567567568,2.6059534064844746e-08
0.09999995747500103,0.09279995747500103,0.0160000008,0.0160000008,7.2640003632e-06,-0.0007207207567567568,6.964353849588485e-08
0.10039995746490103,0.09319995746490103,0.00800000038,0.00800000038,3.6320001725199998e-06,-0.0003603603774774775,1.7410884536916797e-08
0.10079995745480103,0.09359995745480103,0.00800000038,0.0160000008,3.6320001725199998e-06,-0.0007207207567567568,2.6059534064844746e-08
0.10119995744470103,0.09399995744470103,0.0160000008,0.02800000086,7.2640003632e-06,-0.0012612613,9.342732329588486e-08
0.10159995743460103,0.09439995743460103,0.0,-0.0120000001,0.0,0.0005405405450450451,6.486486594594596e-09
0.10199995742450103,0.09479995742450104,0.0,0.0160000008,0.0,-0.0007207207567567568,1.1531532684684713e-08
0.10239995741440103,0.09519995741440103,0.0,0.0,0.0,-0.0,0.0
0.10279995740430102,0.09559995740430102,0.0,0.0,0.0,-0.0,0.0
0.10319995739420103,0.09599995739420103,0.0,0.0120000001,0.0,-0.0005405405450450451,6.486486594594596e-09
0.10359995738410102,0.09639995738410102,0.00800000038,0.0120000001,3.6320001725199998e-06,-0.0005405405450450451,2.101448797475463e-08
0.10399995737400103,0.09679995737400103,0.0160000008,0.0160000008,7.2640003632e-06,-0.0007207207567567568,6.964353849588485e-08
0.10439995736390102,0.09719995736390102,0.00800000038,0.0120000001,3.6320001725199998e-06,-0.0005405405450450451,2.101448797475463e-08
0.10479995735380103,0.09759995735380103,0.00800000038,0.00800000038,3.6320001725199998e-06,-0.0003603603774774775,1.7410884536916797e-08
0.10519995734370102,0.09799995734370102,0.0,-0.0200000014,0.0,0.0009009009639639639,1.801802054054063e-08
0.10559995733360103,0.09839995733360103,0.0,0.00800000038,0.0,-0.0003603603774774775,2.8828831567567637e-09
0.10599995732350102,0.09879995732350103,0.00800000038,0.0160000008,3.6320001725199998e-06,-0.0007207207567567568,2.6059534064844746e-08
0.10639995731340103,0.09919995731340103,0.00800000038,0.00800000038,3.6320001725199998e-06,-0.0003603603774774775,1.7410884536916797e-08
0.10679995730330102,0.09959995730330103,0.00800000038,0.0120000001,3.6320001725199998e-06,-0.0005405405450450451,2.101448797475463e-08
0.10719995729320103,0.09999995729320103,0.0,0.0160000008,0.0,-0.0007207207567567568,1.1531532684684713e-08
0.10759995728310102,0.10039995728310103,0.0160000008,0.0160000008,7.2640003632e-06,-0.0007207207567567568,6.964353849588485e-08
0.10799995727300103,0.10079995727300103,0.0160000008,0.0160000008,7.2640003632e-06,-0.0007207207567567568,6.964353849588485e-08
0.10839995726290103,0.10119995726290103,0.00800000038,0.00800000038,3.6320001725199998e-06,-0.0003603603774774775,1.7410884536916797e-08
0.10879995725280103,0.10159995725280103,0.0,0.00400000019,0.0,-0.00018018018873873875,7.207207891891909e-10
0.10919995724270103,0.10199995724270103,0.00800000038,0.0,3.6320001725199998e-06,-0.0,1.4528001380160033e-08
0.10959995723260103,0.10239995723260104,0.00800000038,0.0160000008,3.6320001725199998e-06,-0.0007207207567567568,2.6059534064844746e-08
0.10999995722250103,0.10279995722250103,0.0160000008,0.02800000086,7.2640003632e-06,-0.0012612613,9.342732329588486e-08
0.11039995721240103,0.10319995721240104,0.00800000038,0.00800000038,3.6320001725199998e-06,-0.0003603603774774775,1.7410884536916797e-08
0.11079995720230103,0.10359995720230103,0.0160000008,0.00400000019,7.2640003632e-06,-0.00018018018873873875,5.883272660038934e-08
0.11119995719220102,0.10399995719220102,0.00800000038,0.00400000019,3.6320001725199998e-06,-0.00018018018873873875,1.5248722169349223e-08
0.11159995718210103,0.10439995718210103,0.0160000008,0.0160000008,7.2640003632e-06,-0.0007207207567567568,6.964353849588485e-08
0.11199995717200102,0.10479995717200102,0.00800000038,0.0160000008,3.6320001725199998e-06,-0.0007207207567567568,2.6059534064844746e-08
0.11239995716190103,0.10519995716190103,0.0,0.0160000008,0.0,-0.0007207207567567568,1.1531532684684713e-08
0.11279995715180102,0.10559995715180102,0.00800000038,0.00800000038,3.6320001725199998e-06,-0.0003603603774774775,1.7410884536916797e-08
0.11319995714170103,0.10599995714170103,0.00800000038,0.0120000001,3.6320001725199998e-06,-0.0005405405450450451,2.101448797475463e-08
0.11359995713160102,0.10639995713160103,0.0160000008,0.0120000001,7.2640003632e-06,-0.0005405405450450451,6.459849240579475e-08
0.11399995712150103,0.10679995712150103,0.0,0.00800000038,0.0,-0.0003603603774774775,2.8828831567567637e-09
0.11439995711140102,0.10719995711140103,0.0,0.00800000038,0.0,-0.0003603603774774775,2.8828831567567637e-09
0.11479995710130103,0.10759995710130103,0.0,0.00400000019,0.0,-0.00018018018873873875,7.207207891891909e-10
0.11519995709120102,0.10799995709120103,0.0160000008,0.00800000038,7.2640003632e-06,-0.0003603603774774775,6.099488896795691e-08
0.11559995708110103,0.10839995708110103,0.00800000038,0.0120000001,3.6320001725199998e-06,-0.0005405405450450451,2.101448797475463e-08
0.11599995707100103,0.10879995707100103,0.00800000038,0.0120000001,3.6320001725199998e-06,-0.0005405405450450451,2.101448797475463e-08
0.11639995706090103,0.10919995706090103,0.00800000038,0.00800000038,3.6320001725199998e-06,-0.0003603603774774775,1.7410884536916797e-08
0.11679995705080103,0.10959995705080103,0.00800000038,0.0,3.6320001725199998e-06,-0.0,1.4528001380160033e-08
0.11719995704070103,0.10999995704070104,0.0,-0.00400000019,0.0,0.00018018018873873875,7.207207891891909e-10
0.11759995703060103,0.11039995703060103,0.00800000038,0.0160000008,3.6320001725199998e-06,-0.0007207207567567568,2.6059534064844746e-08
0.11799995702050103,0.11079995702050104,0.00800000038,0.0,3.6320001725199998e-06,-0.0,1.4528001380160033e-08
0.11839995701040103,0.11119995701040103,0.00800000038,0.00800000038,3.6320001725199998e-06,-0.0003603603774774775,1.7410884536916797e-08
0.11879995700030103,0.11159995700030104,0.00800000038,0.00400000019,3.6320001725199998e-06,-0.00018018018873873875,1.5248722169349223e-08
0.11919995699020103,0.11199995699020103,0.00800000038,0.00400000019,3.6320001725199998e-06,-0.00018018018873873875,1.5248722169349223e-08
0.11959995698010102,0.11239995698010102,0.00800000038,0.0120000001,3.6320001725199998e-06,-0.0005405405450450451,2.101448797475463e-08
0.11999995697000103,0.11279995697000103,0.00800000038,0.00800000038,3.6320001725199998e-06,-0.0003603603774774775,1.7410884536916797e-08
0.12039995695990102,0.11319995695990102,0.0,0.00400000019,0.0,-0.00018018018873873875,7.207207891891909e-10
0.12079995694980103,0.11359995694980103,0.00800000038,0.00400000019,3.6320001725199998e-06,-0.00018018018873873875,1.5248722169349223e-08
0.12119995693970102,0.11399995693970102,0.0,0.0,0.0,-0.0,0.0
0.12159995692960103,0.11439995692960103,0.00800000038,0.0160000008,3.6320001725199998e-06,-0.0007207207567567568,2.6059534064844746e-08
0.12199995691950102,0.11479995691950103,0.0,0.00800000038,0.0,-0.0003603603774774775,2.8828831567567637e-09
0.12239995690940103,0.11519995690940103,0.00800000038,0.0120000001,3.6320001725199998e-06,-0.0005405405450450451,2.101448797475463e-08
0.12279995689930102,0.11559995689930103,0.0,0.00800000038,0.0,-0.0003603603774774775,2.8828831567567637e-09
0.12319995688920103,0.11599995688920103,0.00800000038,0.00800000038,3.6320001725199998e-06,-0.0003603603774774775,1.7410884536916797e-08
0.12359995687910103,0.11639995687910103,0.0,-0.00800000038,0.0,0.0003603603774774775,2.8828831567567637e-09
0.12399995686900103,0.11679995686900103,0.0,-0.00800000038,0.0,0.0003603603774774775,2.8828831567567637e-09
0.12439995685890103,0.11719995685890103,0.0,-0.00400000019,0.0,0.00018018018873873875,7.207207891891909e-10
0.12479995684880103,0.11759995684880103,0.0160000008,0.02400000021,7.2640003632e-06,-0.0010810810905405406,8.405795221120016e-08
0.12519995683870103,0.11799995683870103,-0.00800000038,-0.00400000019,-3.6320001725199998e-06,0.00018018018873873875,1.5248722169349223e-08
0.12559995682860103,0.11839995682860104,0.0160000008,0.02400000021,7.2640003632e-06,-0.0010810810905405406,8.405795221120016e-08
0.12599995681850104,0.11879995681850104,0.00800000038,0.0,3.6320001725199998e-06,-0.0,1.4528001380160033e-08
0.12639995680840102,0.11919995680840102,0.00800000038,0.00800000038,3.6320001725199998e-06,-0.0003603603774774775,1.7410884536916797e-08
0.12679995679830103,0.11959995679830103,0.00800000038,0.00800000038,3.6320001725199998e-06,-0.0003603603774774775,1.7410884536916797e-08
0.12719995678820104,0.11999995678820104,0.0,0.00400000019,0.0,-0.00018018018873873875,7.207207891891909e-10
0.12759995677810104,0.12039995677810104,0.00800000038,0.0120000001,3.6320001725199998e-06,-0.0005405405450450451,2.101448797475463e-08
0.12799995676800102,0.12079995676800102,0.00800000038,0.00400000019,3.6320001725199998e-06,-0.00018018018873873875,1.5248722169349223e-08
0.12839995675790103,0.12119995675790103,0.0160000008,0.0120000001,7.2640003632e-06,-0.0005405405450450451,6.459849240579475e-08
0.12879995674780104,0.12159995674780104,0.00800000038,0.02400000021,3.6320001725199998e-06,-0.0010810810905405406,4.0473947780160036e-08
0.12919995673770102,0.12199995673770102,0.0160000008,0.0160000008,7.2640003632e-06,-0.0007207207567567568,6.964353849588485e-08
0.12959995672760102,0.12239995672760103,0.0,0.0,0.0,-0.0,0.0
0.12999995671750103,0.12279995671750103,0.00800000038,0.0200000014,3.6320001725199998e-06,-0.0009009009639639639,3.254602192070066e-08
0.13039995670740104,0.12319995670740104,0.0160000008,0.0120000001,7.2640003632e-06,-0.0005405405450450451,6.459849240579475e-08
0.13079995669730102,0.12359995669730102,0.0,0.0,0.0,-0.0,0.0
0.13119995668720102,0.12399995668720103,0.00800000038,0.0160000008,3.6320001725199998e-06,-0.0007207207567567568,2.6059534064844746e-08
0.13159995667710103,0.12439995667710103,0.00800000038,0.0160000008,3.6320001725199998e-06,-0.0007207207567567568,2.6059534064844746e-08
0.13199995666700104,0.12479995666700104,0.00800000038,0.0120000001,3.6320001725199998e-06,-0.0005405405450450451,2.101448797475463e-08
0.13239995665690102,0.125199956656901,0.00800000038,0.0160000008,3.6320001725199998e-06,-0.0007207207567567568,2.6059534064844746e-08
0.13279995664680103,0.12559995664680101,0.0,0.0120000001,0.0,-0.0005405405450450451,6.486486594594596e-09
0.13319995663670103,0.12599995663670102,0.0,0.0200000014,0.0,-0.0009009009639639639,1.801802054054063e-08
0.13359995662660104,0.12639995662660103,0.0,-0.00400000019,0.0,0.00018018018873873875,7.207207891891909e-10
0.13399995661650102,0.126799956616501,0.0,0.0200000014,0.0,-0.0009009009639639639,1.801802054054063e-08
0.13439995660640103,0.12719995660640102,0.00800000038,-0.00400000019,3.6320001725199998e-06,0.00018018018873873875,1.5248722169349223e-08
0.13479995659630103,0.12759995659630102,0.0160000008,0.0120000001,7.2640003632e-06,-0.0005405405450450451,6.459849240579475e-08
0.13519995658620104,0.12799995658620103,0.0,-0.00400000019,0.0,0.00018018018873873875,7.207207891891909e-10
0.13559995657610102,0.128399956576101,0.0,-0.00400000019,0.0,0.00018018018873873875,7.207207891891909e-10
0.13599995656600103,0.12879995656600102,0.00800000038,-0.0120000001,3.6320001725199998e-06,0.0005405405450450451,2.101448797475463e-08
0.13639995655590104,0.12919995655590102,0.0,-0.00400000019,0.0,0.00018018018873873875,7.207207891891909e-10
0.13679995654580102,0.129599956545801,0.00800000038,0.0,3.6320001725199998e-06,-0.0,1.4528001380160033e-08
0.13719995653570102,0.129999956535701,0.0,0.0160000008,0.0,-0.0007207207567567568,1.1531532684684713e-08
0.13759995652560103,0.13039995652560102,0.00800000038,0.00800000038,3.6320001725199998e-06,-0.0003603603774774775,1.7410884536916797e-08
0.13799995651550104,0.13079995651550103,0.00800000038,0.0160000008,3.6320001725199998e-06,-0.0007207207567567568,2.6059534064844746e-08
0.13839995650540102,0.131199956505401,0.00800000038,0.00800000038,3.6320001725199998e-06,-0.0003603603774774775,1.7410884536916797e-08
0.13879995649530102,0.131599956495301,0.0160000008,0.0160000008,7.2640003632e-06,-0.0007207207567567568,6.964353849588485e-08
0.13919995648520103,0.13199995648520102,0.0160000008,0.00800000038,7.2640003632e-06,-0.0003603603774774775,6.099488896795691e-08
0.13959995647510104,0.13239995647510103,0.0,-0.00400000019,0.0,0.00018018018873873875,7.207207891891909e-10
0.13999995646500102,0.132799956465001,0.00800000038,0.00800000038,3.6320001725199998e-06,-0.0003603603774774775,1.7410884536916797e-08
0.14039995645490103,0.13319995645490101,0.00800000038,0.00800000038,3.6320001725199998e-06,-0.0003603603774774775,1.7410884536916797e-08
0.14079995644480103,0.13359995644480102,0.0,-0.00800000038,0.0,0.0003603603774774775,2.8828831567567637e-09
0.14119995643470104,0.13399995643470103,0.00800000038,0.0160000008,3.6320001725199998e-06,-0.0007207207567567568,2.6059534064844746e-08
0.14159995642460102,0.134399956424601,0.00800000038,0.0120000001,3.6320001725199998e-06,-0.0005405405450450451,2.101448797475463e-08
0.14199995641450103,0.13479995641450102,0.0,0.00400000019,0.0,-0.00018018018873873875,7.207207891891909e-10
0.14239995640440103,0.13519995640440102,0.00800000038,0.00800000038,3.6320001725199998e-06,-0.0003603603774774775,1.7410884536916797e-08
0.14279995639430104,0.13559995639430103,0.00800000038,0.0160000008,3.6320001725199998e-06,-0.0007207207567567568,2.6059534064844746e-08
0.14319995638420102,0.135999956384201,0.0,-0.00400000019,0.0,0.00018018018873873875,7.207207891891909e-10
0.14359995637410103,0.13639995637410102,0.00800000038,-0.00400000019,3.6320001725199998e-06,0.00018018018873873875,1.5248722169349223e-08
0.14399995636400104,0.13679995636400102,0.0,-0.00400000019,0.0,0.00018018018873873875,7.207207891891909e-10
0.14439995635390104,0.13719995635390103,0.00800000038,0.00800000038,3.6320001725199998e-06,-0.0003603603774774775,1.7410884536916797e-08
0.14479995634380102,0.137599956343801,0.0,-0.00400000019,0.0,0.00018018018873873875,7.207207891891909e-10
0.14519995633370103,0.13799995633370102,0.00800000038,0.0160000008,3.6320001725199998e-06,-0.0007207207567567568,2.6059534064844746e-08
0.14559995632360104,0.13839995632360103,0.00800000038,0.0160000008,3.6320001725199998e-06,-0.0007207207567567568,2.6059534064844746e-08
0.14599995631350102,0.138799956313501,0.0,0.00400000019,0.0,-0.00018018018873873875,7.207207891891909e-10
0.14639995630340102,0.139199956303401,0.00800000038,0.0160000008,3.6320001725199998e-06,-0.0007207207567567568,2.6059534064844746e-08
0.14679995629330103,0.13959995629330102,0.00800000038,0.00400000019,3.6320001725199998e-06,-0.00018018018873873875,1.5248722169349223e-08
0.14719995628320104,0.13999995628320103,0.00800000038,0.00800000038,3.6320001725199998e-06,-0.0003603603774774775,1.7410884536916797e-08
0.14759995627310102,0.140399956273101,0.0,0.0,0.0,-0.0,0.0
0.14799995626300103,0.140799956263001,0.00800000038,0.0,3.6320001725199998e-06,-0.0,1.4528001380160033e-08
0.14839995625290103,0.14119995625290102,0.00800000038,0.00800000038,3.6320001725199998e-06,-0.0003603603774774775,1.7410884536916797e-08
0.14879995624280104,0.14159995624280103,0.00800000038,0.00400000019,3.6320001725199998e-06,-0.00018018018873873875,1.5248722169349223e-08
0.14919995623270102,0.141999956232701,0.0,0.0,0.0,-0.0,0.0
0.14959995622260103,0.14239995622260102,0.0,0.00400000019,0.0,-0.00018018018873873875,7.207207891891909e-10
0.14999995621250103,0.14279995621250102,0.00800000038,0.0120000001,3.6320001725199998e-06,-0.0005405405450450451,2.101448797475463e-08
0.15039995620240104,0.14319995620240103,0.0,0.0,0.0,-0.0,0.0
0.15079995619230102,0.143599956192301,0.0160000008,0.0160000008,7.2640003632e-06,-0.0007207207567567568,6.964353849588485e-08
0.15119995618220103,0.14399995618220102,0.00800000038,0.0160000008,3.6320001725199998e-06,-0.0007207207567567568,2.6059534064844746e-08
0.15159995617210104,0.14439995617210102,0.00800000038,-0.00400000019,3.6320001725199998e-06,0.00018018018873873875,1.5248722169349223e-08
0.15199995616200104,0.14479995616200103,0.0,0.00800000038,0.0,-0.0003603603774774775,2.8828831567567637e-09
0.15239995615190102,0.145199956151901,0.00800000038,0.00400000019,3.6320001725199998e-06,-0.00018018018873873875,1.5248722169349223e-08
0.15279995614180103,0.14559995614180102,0.0,0.0200000014,0.0,-0.0009009009639639639,1.801802054054063e-08
0.15319995613170104,0.14599995613170103,0.00800000038,0.00800000038,3.6320001725199998e-06,-0.0003603603774774775,1.7410884536916797e-08
0.15359995612160102,0.146399956121601,-0.00800000038,-0.00800000038,-3.6320001725199998e-06,0.0003603603774774775,1.7410884536916797e-08
0.15399995611150102,0.146799956111501,0.0,0.00400000019,0.0,-0.00018018018873873875,7.207207891891909e-10
0.15439995610140103,0.14719995610140102,0.00800000038,0.0120000001,3.6320001725199998e-06,-0.0005405405450450451,2.101448797475463e-08
0.15479995609130104,0.14759995609130103,0.0,0.00400000019,0.0,-0.00018018018873873875,7.207207891891909e-10
0.15519995608120102,0.147999956081201,0.0,0.00800000038,0.0,-0.0003603603774774775,2.8828831567567637e-09
0.15559995607110103,0.148399956071101,0.00800000038,0.00400000019,3.6320001725199998e-06,-0.00018018018873873875,1.5248722169349223e-08
0.15599995606100103,0.14879995606100102,0.0160000008,0.0160000008,7.2640003632e-06,-0.0007207207567567568,6.964353849588485e-08
0.15639995605090104,0.14919995605090103,0.0160000008,0.0200000014,7.2640003632e-06,-0.0009009009639639639,7.613002635174078e-08
0.15679995604080102,0.149599956040801,0.0,-0.00400000019,0.0,0.00018018018873873875,7.207207891891909e-10
0.15719995603070103,0.14999995603070101,0.00800000038,0.0120000001,3.6320001725199998e-06,-0.0005405405450450451,2.101448797475463e-08
0.15759995602060103,0.15039995602060102,0.00800000038,0.0120000001,3.6320001725199998e-06,-0.0005405405450450451,2.101448797475463e-08
0.15799995601050104,0.15079995601050103,0.00800000038,0.0,3.6320001725199998e-06,-0.0,1.4528001380160033e-08
0.15839995600040102,0.151199956000401,0.0,0.0120000001,0.0,-0.0005405405450450451,6.486486594594596e-09
0.15879995599030103,0.15159995599030102,0.0,0.00800000038,0.0,-0.0003603603774774775,2.8828831567567637e-09
0.15919995598020104,0.15199995598020102,0.0160000008,0.02400000021,7.2640003632e-06,-0.0010810810905405406,8.405795221120016e-08
0.15959995597010104,0.15239995597010103,0.0160000008,0.0120000001,7.2640003632e-06,-0.0005405405450450451,6.459849240579475e-08
0.15999995596000102,0.152799955960001,0.00800000038,0.0120000001,3.6320001725199998e-06,-0.0005405405450450451,2.101448797475463e-08
0.16039995594990103,0.15319995594990102,0.0160000008,0.00800000038,7.2640003632e-06,-0.0003603603774774775,6.099488896795691e-08
0.16079995593980104,0.15359995593980103,0.00800000038,0.0120000001,3.6320001725199998e-06,-0.0005405405450450451,2.101448797475463e-08
0.16119995592970104,0.15399995592970103,0.00800000038,0.0160000008,3.6320001725199998e-06,-0.0007207207567567568,2.6059534064844746e-08
0.16159995591960102,0.154399955919601,0.0,-0.00800000038,0.0,0.0003603603774774775,2.8828831567567637e-09
0.16199995590950103,0.15479995590950102,0.0,0.00400000019,0.0,-0.00018018018873873875,7.207207891891909e-10
0.16239995589940104,0.15519995589940103,0.00800000038,0.0160000008,3.6320001725199998e-06,-0.0007207207567567568,2.6059534064844746e-08
0.16279995588930102,0.155599955889301,0.0,0.00800000038,0.0,-0.0003603603774774775,2.8828831567567637e-09
0.16319995587920103,0.155999955879201,0.0,0.0,0.0,-0.0,0.0
0.16359995586910103,0.15639995586910102,0.0,0.00800000038,0.0,-0.0003603603774774775,2.8828831567567637e-09
0.16399995585900104,0.15679995585900103,0.0,-0.00800000038,0.0,0.0003603603774774775,2.8828831567567637e-09
0.16439995584890102,0.157199955848901,0.00800000038,0.0200000014,3.6320001725199998e-06,-0.0009009009639639639,3.254602192070066e-08
0.16479995583880103,0.15759995583880101,0.0160000008,0.0160000008,7.2640003632e-06,-0.0007207207567567568,6.964353849588485e-08
0.16519995582870103,0.15799995582870102,0.0,0.00400000019,0.0,-0.00018018018873873875,7.207207891891909e-10
0.16559995581860104,0.15839995581860103,0.00800000038,0.00400000019,3.6320001725199998e-06,-0.00018018018873873875,1.5248722169349223e-08
0.16599995580850102,0.158799955808501,0.00800000038,0.00800000038,3.6320001725199998e-06,-0.0003603603774774775,1.7410884536916797e-08
0.16639995579840103,0.15919995579840102,0.00800000038,0.0,3.6320001725199998e-06,-0.0,1.4528001380160033e-08
0.16679995578830104,0.15959995578830102,0.0,0.0,0.0,-0.0,0.0
0.16719995577820104,0.15999995577820103,0.0,-0.00800000038,0.0,0.0003603603774774775,2.8828831567567637e-09
0.16759995576810102,0.160399955768101,0.0160000008,0.00800000038,7.2640003632e-06,-0.0003603603774774775,6.099488896795691e-08
0.16799995575800103,0.16079995575800102,0.0,0.0120000001,0.0,-0.0005405405450450451,6.486486594594596e-09
0.16839995574790104,0.16119995574790102,0.00800000038,0.0160000008,3.6320001725199998e-06,-0.0007207207567567568,2.6059534064844746e-08
0.16879995573780104,0.16159995573780103,0.0,0.0120000001,0.0,-0.0005405405450450451,6.486486594594596e-09
0.16919995572770102,0.161999955727701,0.0160000008,0.0120000001,7.2640003632e-06,-0.0005405405450450451,6.459849240579475e-08
0.16959995571760103,0.16239995571760102,0.0160000008,0.00800000038,7.2640003632e-06,-0.0003603603774774775,6.099488896795691e-08
0.16999995570750104,0.16279995570750103,0.0,0.0120000001,0.0,-0.0005405405450450451,6.486486594594596e-09
0.17039995569740105,0.16319995569740103,0.0,0.00400000019,0.0,-0.00018018018873873875,7.207207891891909e-10
0.17079995568730102,0.163599955687301,0.00800000038,0.0200000014,3.6320001725199998e-06,-0.0009009009639639639,3.254602192070066e-08
0.17119995567720103,0.16399995567720102,0.0,0.00800000038,0.0,-0.0003603603774774775,2.8828831567567637e-09
0.17159995566710104,0.16439995566710103,0.00800000038,0.00800000038,3.6320001725199998e-06,-0.0003603603774774775,1.7410884536916797e-08
0.17199995565700102,0.164799955657001,0.00800000038,-0.00400000019,3.6320001725199998e-06,0.00018018018873873875,1.5248722169349223e-08
0.17239995564690103,0.16519995564690101,0.0,0.0,0.0,-0.0,0.0
0.17279995563680103,0.16559995563680102,0.0,-0.0120000001,0.0,0.0005405405450450451,6.486486594594596e-09
0.17319995562670104,0.16599995562670103,0.0,0.00800000038,0.0,-0.0003603603774774775,2.8828831567567637e-09
0.17359995561660102,0.166399955616601,0.0,0.00800000038,0.0,-0.0003603603774774775,2.8828831567567637e-09
0.17399995560650103,0.16679995560650102,0.0160000008,0.0160000008,7.2640003632e-06,-0.0007207207567567568,6.964353849588485e-08
0.17439995559640104,0.16719995559640102,0.00800000038,0.02400000021,3.6320001725199998e-06,-0.0010810810905405406,4.0473947780160036e-08
0.17479995558630104,0.16759995558630103,0.0160000008,0.0120000001,7.2640003632e-06,-0.0005405405450450451,6.459849240579475e-08
0.17519995557620102,0.167999955576201,0.00800000038,0.00400000019,3.6320001725199998e-06,-0.00018018018873873875,1.5248722169349223e-08
0.17559995556610103,0.16839995556610102,0.00800000038,0.00800000038,3.6320001725199998e-06,-0.0003603603774774775,1.7410884536916797e-08
0.17599995555600104,0.16879995555600102,0.00800000038,0.00800000038,3.6320001725199998e-06,-0.0003603603774774775,1.7410884536916797e-08
0.17639995554590104,0.16919995554590103,0.0,0.00800000038,0.0,-0.0003603603774774775,2.8828831567567637e-09
0.17679995553580102,0.169599955535801,0.0,0.00800000038,0.0,-0.0003603603774774775,2.8828831567567637e-09
0.17719995552570103,0.16999995552570102,0.0,0.0120000001,0.0,-0.0005405405450450451,6.486486594594596e-09
0.17759995551560104,0.17039995551560103,0.00800000038,0.0120000001,3.6320001725199998e-06,-0.0005405405450450451,2.101448797475463e-08
0.17799995550550105,0.17079995550550103,0.0,0.00400000019,0.0,-0.00018018018873873875,7.207207891891909e-10
0.17839995549540102,0.171199955495401,0.0,-0.00400000019,0.0,0.00018018018873873875,7.207207891891909e-10
0.17879995548530103,0.17159995548530102,0.0,-0.00400000019,0.0,0.00018018018873873875,7.207207891891909e-10
0.17919995547520104,0.17199995547520103,-0.00800000038,0.00400000019,-3.6320001725199998e-06,-0.00018018018873873875,1.5248722169349223e-08
0.17959995546510102,0.172399955465101,0.00800000038,0.00400000019,3.6320001725199998e-06,-0.00018018018873873875,1.5248722169349223e-08
0.17999995545500103,0.17279995545500101,0.0,0.0120000001,0.0,-0.0005405405450450451,6.486486594594596e-09
0.18039995544490103,0.17319995544490102,0.00800000038,0.0160000008,3.6320001725199998e-06,-0.0007207207567567568,2.6059534064844746e-08
0.18079995543480104,0.17359995543480103,0.00800000038,0.0120000001,3.6320001725199998e-06,-0.0005405405450450451,2.101448797475463e-08
0.18119995542470102,0.173999955424701,0.0,0.0,0.0,-0.0,0.0
0.18159995541460103,0.17439995541460102,0.0,-0.00800000038,0.0,0.0003603603774774775,2.8828831567567637e-09
0.18199995540450103,0.17479995540450102,0.0,0.00400000019,0.0,-0.00018018018873873875,7.207207891891909e-10
0.18239995539440104,0.17519995539440103,0.0,-0.00400000019,0.0,0.00018018018873873875,7.207207891891909e-10
0.18279995538430102,0.175599955384301,0.00800000038,0.0160000008,3.6320001725199998e-06,-0.0007207207567567568,2.6059534064844746e-08
0.18319995537420103,0.17599995537420102,0.00800000038,0.0120000001,3.6320001725199998e-06,-0.0005405405450450451,2.101448797475463e-08
0.18359995536410104,0.17639995536410102,0.0,0.0200000014,0.0,-0.0009009009639639639,1.801802054054063e-08
0.18399995535400104,0.17679995535400103,0.0,0.00400000019,0.0,-0.00018018018873873875,7.207207891891909e-10
0.18439995534390102,0.177199955343901,0.00800000038,0.00800000038,3.6320001725199998e-06,-0.0003603603774774775,1.7410884536916797e-08
0.18479995533380103,0.17759995533380102,0.0,0.00400000019,0.0,-0.00018018018873873875,7.207207891891909e-10
0.18519995532370104,0.17799995532370103,0.00800000038,0.0120000001,3.6320001725199998e-06,-0.0005405405450450451,2.101448797475463e-08
0.18559995531360104,0.17839995531360103,0.0,0.00400000019,0.0,-0.00018018018873873875,7.207207891891909e-10
0.18599995530350102,0.178799955303501,0.0,0.0,0.0,-0.0,0.0
0.18639995529340103,0.17919995529340102,0.00800000038,0.0,3.6320001725199998e-06,-0.0,1.4528001380160033e-08
0.18679995528330104,0.17959995528330103,0.00800000038,0.0160000008,3.6320001725199998e-06,-0.0007207207567567568,2.6059534064844746e-08
0.18719995527320105,0.17999995527320103,0.0160000008,0.0160000008,7.2640003632e-06,-0.0007207207567567568,6.964353849588485e-08
0.18759995526310103,0.18039995526310101,0.00800000038,0.0160000008,3.6320001725199998e-06,-0.0007207207567567568,2.6059534064844746e-08
0.18799995525300103,0.18079995525300102,0.00800000038,0.00800000038,3.6320001725199998e-06,-0.0003603603774774775,1.7410884536916797e-08
0.18839995524290104,0.18119995524290103,0.00800000038,0.0160000008,3.6320001725199998e-06,-0.0007207207567567568,2.6059534064844746e-08
0.18879995523280102,0.181599955232801,0.00800000038,0.0120000001,3.6320001725199998e-06,-0.0005405405450450451,2.101448797475463e-08
0.18919995522270103,0.18199995522270102,0.0,0.00400000019,0.0,-0.00018018018873873875,7.207207891891909e-10
0.18959995521260103,0.18239995521260102,0.00800000038,0.0160000008,3.6320001725199998e-06,-0.0007207207567567568,2.6059534064844746e-08
0.18999995520250104,0.18279995520250103,0.0,0.0120000001,0.0,-0.0005405405450450451,6.486486594594596e-09
0.19039995519240102,0.183199955192401,0.00800000038,0.0160000008,3.6320001725199998e-06,-0.0007207207567567568,2.6059534064844746e-08
0.19079995518230103,0.18359995518230102,0.0160000008,0.0120000001,7.2640003632e-06,-0.0005405405450450451,6.459849240579475e-08
0.19119995517220104,0.18399995517220102,0.0160000008,0.0120000001,7.2640003632e-06,-0.0005405405450450451,6.459849240579475e-08
0.19159995516210104,0.18439995516210103,0.0,0.00400000019,0.0,-0.00018018018873873875,7.207207891891909e-10
0.19199995515200102,0.184799955152001,0.0,0.0,0.0,-0.0,0.0
0.19239995514190103,0.18519995514190102,0.0,-0.00800000038,0.0,0.0003603603774774775,2.8828831567567637e-09
0.19279995513180104,0.18559995513180103,0.00800000038,0.0,3.6320001725199998e-06,-0.0,1.4528001380160033e-08
0.19319995512170104,0.18599995512170103,0.0,0.00800000038,0.0,-0.0003603603774774775,2.8828831567567637e-09
0.19359995511160102,0.186399955111601,0.00800000038,0.0,3.6320001725199998e-06,-0.0,1.4528001380160033e-08
0.19399995510150103,0.18679995510150102,0.0,0.0,0.0,-0.0,0.0
0.19439995509140104,0.18719995509140103,0.0,0.02400000021,0.0,-0.0010810810905405406,2.5945946400000002e-08
0.19479995508130105,0.18759995508130103,0.0,0.00800000038,0.0,-0.0003603603774774775,2.8828831567567637e-09
0.19519995507120103,0.187999955071201,0.0160000008,0.0200000014,7.2640003632e-06,-0.0009009009639639639,7.613002635174078e-08
0.19559995506110103,0.18839995506110102,0.00800000038,0.0,3.6320001725199998e-06,-0.0,1.4528001380160033e-08
0.19599995505100104,0.18879995505100103,0.0,0.0,0.0,-0.0,0.0
0.19639995504090102,0.189199955040901,0.0,0.0,0.0,-0.0,0.0
0.19679995503080103,0.18959995503080102,0.00800000038,0.0120000001,3.6320001725199998e-06,-0.0005405405450450451,2.101448797475463e-08
0.19719995502070103,0.18999995502070102,0.0,-0.00400000019,0.0,0.00018018018873873875,7.207207891891909e-10
0.19759995501060104,0.19039995501060103,0.00800000038,0.0120000001,3.6320001725199998e-06,-0.0005405405450450451,2.101448797475463e-08
0.19799995500050102,0.190799955000501,0.0,0.0160000008,0.0,-0.0007207207567567568,1.1531532684684713e-08
0.19839995499040103,0.19119995499040102,0.00800000038,0.0160000008,3.6320001725199998e-06,-0.0007207207567567568,2.6059534064844746e-08
0.19879995498030104,0.19159995498030102,0.0,0.00800000038,0.0,-0.0003603603774774775,2.8828831567567637e-09
0.19919995497020104,0.19199995497020103,0.0,0.0,0.0,-0.0,0.0
0.19959995496010102,0.192399954960101,0.0,0.0120000001,0.0,-0.0005405405450450451,6.486486594594596e-09
0.19999995495000103,0.19279995495000102,0.00800000038,0.00800000038,3.6320001725199998e-06,-0.0003603603774774775,1.7410884536916797e-08
0.20039995493990104,0.19319995493990103,0.0,0.00400000019,0.0,-0.00018018018873873875,7.207207891891909e-10
0.20079995492980104,0.19359995492980103,-0.00800000038,0.0,-3.6320001725199998e-06,-0.0,1.4528001380160033e-08
0.20119995491970102,0.193999954919701,-0.00800000038,-0.00400000019,-3.6320001725199998e-06,0.00018018018873873875,1.5248722169349223e-08
0.20159995490960103,0.19439995490960102,0.0,0.00800000038,0.0,-0.0003603603774774775,2.8828831567567637e-09
0.20199995489950104,0.19479995489950103,0.0,0.0,0.0,-0.0,0.0
0.20239995488940105,0.19519995488940103,0.0160000008,-0.00400000019,7.2640003632e-06,0.00018018018873873875,5.883272660038934e-08
0.20279995487930103,0.195599954879301,0.0,0.0,0.0,-0.0,0.0
0.20319995486920103,0.19599995486920102,0.0160000008,0.0160000008,7.2640003632e-06,-0.0007207207567567568,6.964353849588485e-08
0.20359995485910104,0.19639995485910103,0.0160000008,0.0,7.2640003632e-06,-0.0,5.811200581120015e-08
0.20399995484900105,0.19679995484900104,0.00800000038,0.02400000021,3.6320001725199998e-06,-0.0010810810905405406,4.0473947780160036e-08
0.20439995483890103,0.19719995483890101,0.00800000038,0.0120000001,3.6320001725199998e-06,-0.0005405405450450451,2.101448797475463e-08
0.20479995482880103,0.19759995482880102,0.00800000038,0.0120000001,3.6320001725199998e-06,-0.0005405405450450451,2.101448797475463e-08
0.20519995481870104,0.19799995481870103,0.0,0.00800000038,0.0,-0.0003603603774774775,2.8828831567567637e-09
0.20559995480860102,0.198399954808601,0.0160000008,0.0120000001,7.2640003632e-06,-0.0005405405450450451,6.459849240579475e-08
0.20599995479850103,0.19879995479850102,-0.00800000038,0.0,-3.6320001725199998e-06,-0.0,1.4528001380160033e-08
0.20639995478840104,0.19919995478840102,0.00800000038,0.00800000038,3.6320001725199998e-06,-0.0003603603774774775,1.7410884536916797e-08
0.20679995477830104,0.19959995477830103,0.00800000038,0.00800000038,3.6320001725199998e-06,-0.0003603603774774775,1.7410884536916797e-08
0.20719995476820102,0.199999954768201,0.0160000008,0.00800000038,7.2640003632e-06,-0.0003603603774774775,6.099488896795691e-08
0.20759995475810103,0.20039995475810102,0.0,-0.00400000019,0.0,0.00018018018873873875,7.207207891891909e-10
0.20799995474800104,0.20079995474800102,-0.00800000038,0.00800000038,-3.6320001725199998e-06,-0.0003603603774774775,1.7410884536916797e-08
0.20839995473790104,0.20119995473790103,0.0,-0.00800000038,0.0,0.0003603603774774775,2.8828831567567637e-09
0.20879995472780102,0.201599954727801,0.00800000038,0.0160000008,3.6320001725199998e-06,-0.0007207207567567568,2.6059534064844746e-08
0.20919995471770103,0.20199995471770102,0.00800000038,0.02800000086,3.6320001725199998e-06,-0.0012612613,4.984331886484475e-08
0.20959995470760104,0.20239995470760103,0.0160000008,0.0160000008,7.2640003632e-06,-0.0007207207567567568,6.964353849588485e-08
0.20999995469750105,0.20279995469750103,0.0,0.00800000038,0.0,-0.0003603603774774775,2.8828831567567637e-09
0.21039995468740103,0.203199954687401,0.0,0.0,0.0,-0.0,0.0
0.21079995467730103,0.20359995467730102,0.00800000038,0.0160000008,3.6320001725199998e-06,-0.0007207207567567568,2.6059534064844746e-08
0.21119995466720104,0.20399995466720103,0.00800000038,0.0160000008,3.6320001725199998e-06,-0.0007207207567567568,2.6059534064844746e-08
0.21159995465710105,0.20439995465710104,0.0,-0.0120000001,0.0,0.0005405405450450451,6.486486594594596e-09
0.21199995464700103,0.20479995464700101,0.0,-0.00400000019,0.0,0.00018018018873873875,7.207207891891909e-10
0.21239995463690103,0.20519995463690102,0.0,-0.00400000019,0.0,0.00018018018873873875,7.207207891891909e-10
0.21279995462680104,0.20559995462680103,0.00800000038,0.00400000019,3.6320001725199998e-06,-0.00018018018873873875,1.5248722169349223e-08
0.21319995461670102,0.205999954616701,0.00800000038,0.0160000008,3.6320001725199998e-06,-0.0007207207567567568,2.6059534064844746e-08
0.21359995460660103,0.20639995460660102,0.0,0.0160000008,0.0,-0.0007207207567567568,1.1531532684684713e-08
0.21399995459650104,0.20679995459650102,0.00800000038,0.00400000019,3.6320001725199998e-06,-0.00018018018873873875,1.5248722169349223e-08
0.21439995458640104,0.20719995458640103,0.0,0.0,0.0,-0.0,0.0
0.21479995457630102,0.207599954576301,0.00800000038,0.00800000038,3.6320001725199998e-06,-0.0003603603774774775,1.7410884536916797e-08
0.21519995456620103,0.20799995456620102,0.00800000038,0.00800000038,3.6320001725199998e-06,-0.0003603603774774775,1.7410884536916797e-08
0.21559995455610104,0.20839995455610102,0.00800000038,-0.00400000019,3.6320001725199998e-06,0.00018018018873873875,1.5248722169349223e-08
0.21599995454600104,0.20879995454600103,0.00800000038,0.0160000008,3.6320001725199998e-06,-0.0007207207567567568,2.6059534064844746e-08
0.21639995453590102,0.209199954535901,0.0160000008,0.0160000008,7.2640003632e-06,-0.0007207207567567568,6.964353849588485e-08
0.21679995452580103,0.20959995452580102,0.00800000038,0.0160000008,3.6320001725199998e-06,-0.0007207207567567568,2.6059534064844746e-08
0.21719995451570104,0.20999995451570103,0.00800000038,0.00400000019,3.6320001725199998e-06,-0.00018018018873873875,1.5248722169349223e-08
0.21759995450560105,0.21039995450560103,0.00800000038,0.00800000038,3.6320001725199998e-06,-0.0003603603774774775,1.7410884536916797e-08
0.21799995449550102,0.210799954495501,0.0,0.00800000038,0.0,-0.0003603603774774775,2.8828831567567637e-09
0.21839995448540103,0.21119995448540102,0.00800000038,0.0200000014,3.6320001725199998e-06,-0.0009009009639639639,3.254602192070066e-08
0.21879995447530104,0.21159995447530103,0.0,-0.00400000019,0.0,0.00018018018873873875,7.207207891891909e-10
0.21919995446520105,0.21199995446520103,0.0,0.0,0.0,-0.0,0.0
0.21959995445510103,0.21239995445510101,0.0160000008,0.0160000008,7.2640003632e-06,-0.0007207207567567568,6.964353849588485e-08
0.21999995444500103,0.21279995444500102,0.0,0.00800000038,0.0,-0.0003603603774774775,2.8828831567567637e-09
0.22039995443490104,0.21319995443490103,0.00800000038,0.00400000019,3.6320001725199998e-06,-0.00018018018873873875,1.5248722169349223e-08
0.22079995442480105,0.21359995442480104,0.0,0.0120000001,0.0,-0.0005405405450450451,6.486486594594596e-09
0.22119995441470103,0.21399995441470102,0.0160000008,0.00800000038,7.2640003632e-06,-0.0003603603774774775,6.099488896795691e-08
0.22159995440460103,0.21439995440460102,0.0,0.0,0.0,-0.0,0.0
0.22199995439450104,0.21479995439450103,0.00800000038,0.0120000001,3.6320001725199998e-06,-0.0005405405450450451,2.101448797475463e-08
0.22239995438440102,0.215199954384401,0.0,0.0,0.0,-0.0,0.0
0.22279995437430103,0.21559995437430102,0.00800000038,0.0200000014,3.6320001725199998e-06,-0.0009009009639639639,3.254602192070066e-08
0.22319995436420104,0.21599995436420102,0.0,0.00800000038,0.0,-0.0003603603774774775,2.8828831567567637e-09
0.22359995435410104,0.21639995435410103,0.0,0.0,0.0,-0.0,0.0
0.22399995434400102,0.216799954344001,0.0,0.00800000038,0.0,-0.0003603603774774775,2.8828831567567637e-09
0.22439995433390103,0.21719995433390102,0.00800000038,0.00800000038,3.6320001725199998e-06,-0.0003603603774774775,1.7410884536916797e-08
0.22479995432380104,0.21759995432380103,0.0,-0.00400000019,0.0,0.00018018018873873875,7.207207891891909e-10
0.22519995431370105,0.21799995431370103,0.0,0.00400000019,0.0,-0.00018018018873873875,7.207207891891909e-10
0.22559995430360102,0.218399954303601,0.0,0.0,0.0,-0.0,0.0
0.22599995429350103,0.21879995429350102,0.00800000038,0.00800000038,3.6320001725199998e-06,-0.0003603603774774775,1.7410884536916797e-08
0.22639995428340104,0.21919995428340103,0.00800000038,0.0120000001,3.6320001725199998e-06,-0.0005405405450450451,2.101448797475463e-08
0.22679995427330105,0.21959995427330103,0.0,0.00400000019,0.0,-0.00018018018873873875,7.207207891891909e-10
0.22719995426320103,0.21999995426320101,0.0,-0.00400000019,0.0,0.00018018018873873875,7.207207891891909e-10
0.22759995425310103,0.22039995425310102,0.00800000038,0.0160000008,3.6320001725199998e-06,-0.0007207207567567568,2.6059534064844746e-08
0.22799995424300104,0.22079995424300103,0.00800000038,0.00800000038,3.6320001725199998e-06,-0.0003603603774774775,1.7410884536916797e-08
0.22839995423290105,0.22119995423290104,0.00800000038,0.00800000038,3.6320001725199998e-06,-0.0003603603774774775,1.7410884536916797e-08
0.22879995422280103,0.22159995422280102,0.00800000038,0.0160000008,3.6320001725199998e-06,-0.0007207207567567568,2.6059534064844746e-08
0.22919995421270103,0.22199995421270102,0.0160000008,0.0160000008,7.2640003632e-06,-0.0007207207567567568,6.964353849588485e-08
0.22959995420260104,0.22239995420260103,0.0,0.00400000019,0.0,-0.00018018018873873875,7.207207891891909e-10
0.22999995419250105,0.22279995419250104,0.00800000038,0.00400000019,3.6320001725199998e-06,-0.00018018018873873875,1.5248722169349223e-08
0.23039995418240103,0.22319995418240102,0.0,0.00800000038,0.0,-0.0003603603774774775,2.8828831567567637e-09
0.23079995417230104,0.22359995417230102,0.00800000038,0.0160000008,3.6320001725199998e-06,-0.0007207207567567568,2.6059534064844746e-08
0.23119995416220104,0.22399995416220103,0.00800000038,0.00800000038,3.6320001725199998e-06,-0.0003603603774774775,1.7410884536916797e-08
0.23159995415210102,0.224399954152101,0.0,-0.0120000001,0.0,0.0005405405450450451,6.486486594594596e-09
0.23199995414200103,0.22479995414200102,0.00800000038,0.00400000019,3.6320001725199998e-06,-0.00018018018873873875,1.5248722169349223e-08
0.23239995413190104,0.22519995413190103,0.00800000038,-0.00400000019,3.6320001725199998e-06,0.00018018018873873875,1.5248722169349223e-08
0.23279995412180104,0.22559995412180103,0.00800000038,0.0,3.6320001725199998e-06,-0.0,1.4528001380160033e-08
0.23319995411170102,0.225999954111701,0.00800000038,0.02400000021,3.6320001725199998e-06,-0.0010810810905405406,4.0473947780160036e-08
0.23359995410160103,0.22639995410160102,0.0,0.00400000019,0.0,-0.00018018018873873875,7.207207891891909e-10
0.23399995409150104,0.22679995409150103,0.00800000038,0.0,3.6320001725199998e-06,-0.0,1.4528001380160033e-08
0.23439995408140105,0.22719995408140103,0.00800000038,0.0160000008,3.6320001725199998e-06,-0.0007207207567567568,2.6059534064844746e-08
0.23479995407130103,0.227599954071301,0.00800000038,0.0200000014,3.6320001725199998e-06,-0.0009009009639639639,3.254602192070066e-08
0.23519995406120103,0.22799995406120102,0.0,0.00800000038,0.0,-0.0003603603774774775,2.8828831567567637e-09
0.23559995405110104,0.22839995405110103,0.0,0.0,0.0,-0.0,0.0
0.23599995404100105,0.22879995404100104,0.0,0.00800000038,0.0,-0.0003603603774774775,2.8828831567567637e-09
0.23639995403090103,0.22919995403090102,0.0,0.0,0.0,-0.0,0.0
0.23679995402080103,0.22959995402080102,0.0,0.00400000019,0.0,-0.00018018018873873875,7.207207891891909e-10
0.23719995401070104,0.22999995401070103,0.0,0.0,0.0,-0.0,0.0
0.23759995400060105,0.23039995400060104,0.00800000038,0.00400000019,3.6320001725199998e-06,-0.00018018018873873875,1.5248722169349223e-08
0.23799995399050103,0.23079995399050102,0.0,0.00400000019,0.0,-0.00018018018873873875,7.207207891891909e-10
0.23839995398040104,0.23119995398040102,0.0160000008,0.0120000001,7.2640003632e-06,-0.0005405405450450451,6.459849240579475e-08
0.23879995397030104,0.23159995397030103,0.0,0.00400000019,0.0,-0.00018018018873873875,7.207207891891909e-10
0.23919995396020102,0.231999953960201,0.0,0.00800000038,0.0,-0.0003603603774774775,2.8828831567567637e-09
0.23959995395010103,0.23239995395010102,0.0,0.0,0.0,-0.0,0.0
0.23999995394000104,0.23279995394000103,0.00800000038,0.0120000001,3.6320001725199998e-06,-0.0005405405450450451,2.101448797475463e-08
0.24039995392990104,0.23319995392990103,0.00800000038,0.00400000019,3.6320001725199998e-06,-0.00018018018873873875,1.5248722169349223e-08
0.24079995391980102,0.233599953919801,0.00800000038,0.00800000038,3.6320001725199998e-06,-0.0003603603774774775,1.7410884536916797e-08
0.24119995390970103,0.23399995390970102,0.0160000008,0.0120000001,7.2640003632e-06,-0.0005405405450450451,6.459849240579475e-08
0.24159995389960104,0.23439995389960103,0.0,0.00400000019,0.0,-0.00018018018873873875,7.207207891891909e-10
0.24199995388950105,0.23479995388950103,0.00800000038,0.0120000001,3.6320001725199998e-06,-0.0005405405450450451,2.101448797475463e-08
0.24239995387940103,0.235199953879401,0.00800000038,0.00400000019,3.6320001725199998e-06,-0.00018018018873873875,1.5248722169349223e-08
0.24279995386930103,0.23559995386930102,0.0160000008,0.0160000008,7.2640003632e-06,-0.0007207207567567568,6.964353849588485e-08
0.24319995385920104,0.23599995385920103,0.0,0.00800000038,0.0,-0.0003603603774774775,2.8828831567567637e-09
0.24359995384910105,0.23639995384910104,0.00800000038,-0.00800000038,3.6320001725199998e-06,0.0003603603774774775,1.7410884536916797e-08
0.24399995383900103,0.23679995383900102,0.00800000038,0.0160000008,3.6320001725199998e-06,-0.0007207207567567568,2.6059534064844746e-08
0.24439995382890103,0.23719995382890102,0.00800000038,0.0160000008,3.6320001725199998e-06,-0.0007207207567567568,2.6059534064844746e-08
0.24479995381880104,0.23759995381880103,0.0,0.00800000038,0.0,-0.0003603603774774775,2.8828831567567637e-09
0.24519995380870105,0.23799995380870104,0.00800000038,0.00800000038,3.6320001725199998e-06,-0.0003603603774774775,1.7410884536916797e-08
0.24559995379860103,0.23839995379860102,0.0,0.0,0.0,-0.0,0.0
0.24599995378850104,0.23879995378850102,0.0,0.00400000019,0.0,-0.00018018018873873875,7.207207891891909e-10
0.24639995377840104,0.23919995377840103,0.00800000038,0.0160000008,3.6320001725199998e-06,-0.0007207207567567568,2.6059534064844746e-08
0.24679995376830105,0.23959995376830104,0.00800000038,0.00800000038,3.6320001725199998e-06,-0.0003603603774774775,1.7410884536916797e-08
0.24719995375820103,0.23999995375820102,0.00800000038,0.0120000001,3.6320001725199998e-06,-0.0005405405450450451,2.101448797475463e-08
0.24759995374810104,0.24039995374810103,0.0160000008,0.0120000001,7.2640003632e-06,-0.0005405405450450451,6.459849240579475e-08
0.24799995373800104,0.24079995373800103,0.0,0.00400000019,0.0,-0.00018018018873873875,7.207207891891909e-10
0.24839995372790102,0.241199953727901,0.0,0.00800000038,0.0,-0.0003603603774774775,2.8828831567567637e-09
0.24879995371780103,0.24159995371780102,0.00800000038,0.0120000001,3.6320001725199998e-06,-0.0005405405450450451,2.101448797475463e-08
0.24919995370770104,0.24199995370770103,0.00800000038,0.00400000019,3.6320001725199998e-06,-0.00018018018873873875,1.5248722169349223e-08
0.24959995369760105,0.24239995369760103,0.00800000038,0.0,3.6320001725199998e-06,-0.0,1.4528001380160033e-08
0.24999995368750103,0.242799953687501,0.00800000038,0.00800000038,3.6320001725199998e-06,-0.0003603603774774775,1.7410884536916797e-08
0.25039995367740103,0.24319995367740102,0.0,0.0120000001,0.0,-0.0005405405450450451,6.486486594594596e-09
0.250799953667301,0.243599953667301,0.0,-0.00400000019,0.0,0.00018018018873873875,7.207207891891909e-10
0.25119995365720105,0.24399995365720104,0.0,-0.00400000019,0.0,0.00018018018873873875,7.207207891891909e-10
0.251599953647101,0.24439995364710101,0.00800000038,0.00800000038,3.6320001725199998e-06,-0.0003603603774774775,1.7410884536916797e-08
0.25199995363700106,0.24479995363700105,0.0,0.00800000038,0.0,-0.0003603603774774775,2.8828831567567637e-09
0.25239995362690104,0.24519995362690103,0.0,0.00800000038,0.0,-0.0003603603774774775,2.8828831567567637e-09
0.252799953616801,0.245599953616801,0.00800000038,0.00800000038,3.6320001725199998e-06,-0.0003603603774774775,1.7410884536916797e-08
0.25319995360670106,0.24599995360670104,0.00800000038,0.00400000019,3.6320001725199998e-06,-0.00018018018873873875,1.5248722169349223e-08
0.25359995359660104,0.24639995359660102,0.0,-0.00400000019,0.0,0.00018018018873873875,7.207207891891909e-10
0.253999953586501,0.246799953586501,0.0,0.00800000038,0.0,-0.0003603603774774775,2.8828831567567637e-09
0.25439995357640105,0.24719995357640104,0.00800000038,-0.00400000019,3.6320001725199998e-06,0.00018018018873873875,1.5248722169349223e-08
0.25479995356630103,0.24759995356630102,0.00800000038,0.00800000038,3.6320001725199998e-06,-0.0003603603774774775,1.7410884536916797e-08
0.25519995355620106,0.24799995355620105,0.00800000038,0.0120000001,3.6320001725199998e-06,-0.0005405405450450451,2.101448797475463e-08
0.25559995354610104,0.24839995354610103,0.0,0.00800000038,0.0,-0.0003603603774774775,2.8828831567567637e-09
0.255999953536001,0.248799953536001,0.0,-0.00400000019,0.0,0.00018018018873873875,7.207207891891909e-10
0.25639995352590106,0.24919995352590105,0.0160000008,0.0160000008,7.2640003632e-06,-0.0007207207567567568,6.964353849588485e-08
0.25679995351580104,0.24959995351580103,0.0,0.00800000038,0.0,-0.0003603603774774775,2.8828831567567637e-09
0.257199953505701,0.249999953505701,0.00800000038,0.00400000019,3.6320001725199998e-06,-0.00018018018873873875,1.5248722169349223e-08
0.25759995349560105,0.25039995349560107,0.0160000008,0.0160000008,7.2640003632e-06,-0.0007207207567567568,6.964353849588485e-08
0.25799995348550103,0.25079995348550105,0.0,0.0,0.0,-0.0,0.0
0.258399953475401,0.251199953475401,0.0,-0.00800000038,0.0,0.0003603603774774775,2.8828831567567637e-09
0.25879995346530105,0.25159995346530106,0.0,0.00800000038,0.0,-0.0003603603774774775,2.8828831567567637e-09
0.259199953455201,0.25199995345520104,0.0,0.0120000001,0.0,-0.0005405405450450451,6.486486594594596e-09
0.25959995344510106,0.2523999534451011,0.0,0.00800000038,0.0,-0.0003603603774774775,2.8828831567567637e-09
0.25999995343500104,0.25279995343500106,0.0,0.00800000038,0.0,-0.0003603603774774775,2.8828831567567637e-09
0.260399953424901,0.25319995342490104,0.0,0.00800000038,0.0,-0.0003603603774774775,2.8828831567567637e-09
0.26079995341480106,0.25359995341480107,0.00800000038,0.0160000008,3.6320001725199998e-06,-0.0007207207567567568,2.6059534064844746e-08
0.26119995340470104,0.25399995340470105,0.00800000038,0.00800000038,3.6320001725199998e-06,-0.0003603603774774775,1.7410884536916797e-08
0.261599953394601,0.25439995339460103,0.00800000038,0.00800000038,3.6320001725199998e-06,-0.0003603603774774775,1.7410884536916797e-08
0.26199995338450105,0.25479995338450107,0.0160000008,0.0120000001,7.2640003632e-06,-0.0005405405450450451,6.459849240579475e-08
0.26239995337440103,0.25519995337440105,0.00800000038,0.0120000001,3.6320001725199998e-06,-0.0005405405450450451,2.101448797475463e-08
0.26279995336430106,0.2555999533643011,0.00800000038,0.00400000019,3.6320001725199998e-06,-0.00018018018873873875,1.5248722169349223e-08
0.26319995335420104,0.25599995335420106,0.0160000008,0.0120000001,7.2640003632e-06,-0.0005405405450450451,6.459849240579475e-08
0.263599953344101,0.25639995334410104,-0.00800000038,0.00400000019,-3.6320001725199998e-06,-0.00018018018873873875,1.5248722169349223e-08
0.26399995333400106,0.2567999533340011,0.0160000008,0.0160000008,7.2640003632e-06,-0.0007207207567567568,6.964353849588485e-08
0.26439995332390104,0.25719995332390105,0.00800000038,0.0160000008,3.6320001725199998e-06,-0.0007207207567567568,2.6059534064844746e-08
0.264799953313801,0.25759995331380103,-0.00800000038,-0.0120000001,-3.6320001725199998e-06,0.0005405405450450451,2.101448797475463e-08
0.26519995330370105,0.25799995330370107,0.0,0.00800000038,0.0,-0.0003603603774774775,2.8828831567567637e-09
0.26559995329360103,0.25839995329360105,0.00800000038,0.0120000001,3.6320001725199998e-06,-0.0005405405450450451,2.101448797475463e-08
0.265999953283501,0.258799953283501,0.0,0.00400000019,0.0,-0.00018018018873873875,7.207207891891909e-10
0.26639995327340105,0.25919995327340106,0.0,0.00800000038,0.0,-0.0003603603774774775,2.8828831567567637e-09
0.266799953263301,0.25959995326330104,0.00800000038,0.00400000019,3.6320001725199998e-06,-0.00018018018873873875,1.5248722169349223e-08
0.26719995325320106,0.2599999532532011,0.0,0.00400000019,0.0,-0.00018018018873873875,7.207207891891909e-10
0.26759995324310104,0.26039995324310106,0.0,-0.00400000019,0.0,0.00018018018873873875,7.207207891891909e-10
0.267999953233001,0.26079995323300104,0.00800000038,0.00400000019,3.6320001725199998e-06,-0.00018018018873873875,1.5248722169349223e-08
0.26839995322290106,0.26119995322290107,0.00800000038,0.0160000008,3.6320001725199998e-06,-0.0007207207567567568,2.6059534064844746e-08
0.26879995321280103,0.26159995321280105,0.0,0.00800000038,0.0,-0.0003603603774774775,2.8828831567567637e-09
0.269199953202701,0.26199995320270103,0.0160000008,0.00800000038,7.2640003632e-06,-0.0003603603774774775,6.099488896795691e-08
0.26959995319260105,0.26239995319260107,0.0,0.0,0.0,-0.0,0.0
0.26999995318250103,0.26279995318250104,0.0,0.00800000038,0.0,-0.0003603603774774775,2.8828831567567637e-09
0.27039995317240106,0.2631999531724011,0.0,-0.00400000019,0.0,0.00018018018873873875,7.207207891891909e-10
0.27079995316230104,0.26359995316230106,0.00800000038,0.0160000008,3.6320001725199998e-06,-0.0007207207567567568,2.6059534064844746e-08
0.271199953152201,0.26399995315220104,0.00800000038,0.0160000008,3.6320001725199998e-06,-0.0007207207567567568,2.6059534064844746e-08
0.27159995314210106,0.2643999531421011,0.0,-0.00400000019,0.0,0.00018018018873873875,7.207207891891909e-10
0.27199995313200104,0.26479995313200105,0.0,0.0160000008,0.0,-0.0007207207567567568,1.1531532684684713e-08
0.272399953121901,0.26519995312190103,0.00800000038,0.0160000008,3.6320001725199998e-06,-0.0007207207567567568,2.6059534064844746e-08
0.27279995311180105,0.26559995311180107,0.00800000038,0.00400000019,3.6320001725199998e-06,-0.00018018018873873875,1.5248722169349223e-08
0.27319995310170103,0.26599995310170105,0.00800000038,0.0200000014,3.6320001725199998e-06,-0.0009009009639639639,3.254602192070066e-08
0.273599953091601,0.266399953091601,0.0,0.0160000008,0.0,-0.0007207207567567568,1.1531532684684713e-08
0.27399995308150105,0.26679995308150106,0.0,-0.00400000019,0.0,0.00018018018873873875,7.207207891891909e-10
0.274399953071401,0.26719995307140104,0.0,-0.0120000001,0.0,0.0005405405450450451,6.486486594594596e-09
0.27479995306130106,0.2675999530613011,0.0,0.0120000001,0.0,-0.0005405405450450451,6.486486594594596e-09
0.27519995305120104,0.26799995305120106,0.0160000008,0.00800000038,7.2640003632e-06,-0.0003603603774774775,6.099488896795691e-08
0.275599953041101,0.26839995304110104,0.00800000038,0.00400000019,3.6320001725199998e-06,-0.00018018018873873875,1.5248722169349223e-08
0.27599995303100106,0.26879995303100107,0.0160000008,0.0120000001,7.2640003632e-06,-0.0005405405450450451,6.459849240579475e-08
0.27639995302090103,0.26919995302090105,0.00800000038,0.00400000019,3.6320001725199998e-06,-0.00018018018873873875,1.5248722169349223e-08
0.276799953010801,0.26959995301080103,0.00800000038,0.0160000008,3.6320001725199998e-06,-0.0007207207567567568,2.6059534064844746e-08
0.27719995300070105,0.26999995300070107,0.0,0.00400000019,0.0,-0.00018018018873873875,7.207207891891909e-10
0.27759995299060103,0.27039995299060104,0.0,0.00400000019,0.0,-0.00018018018873873875,7.207207891891909e-10
0.27799995298050106,0.2707999529805011,0.00800000038,0.0120000001,3.6320001725199998e-06,-0.0005405405450450451,2.101448797475463e-08
0.27839995297040104,0.27119995297040106,0.00800000038,0.0160000008,3.6320001725199998e-06,-0.0007207207567567568,2.6059534064844746e-08
0.278799952960301,0.27159995296030104,0.0,-0.00400000019,0.0,0.00018018018873873875,7.207207891891909e-10
0.27919995295020106,0.2719999529502011,0.0,-0.00400000019,0.0,0.00018018018873873875,7.207207891891909e-10
0.27959995294010104,0.27239995294010105,0.0,0.0,0.0,-0.0,0.0
0.279999952930001,0.27279995293000103,0.00800000038,0.0200000014,3.6320001725199998e-06,-0.0009009009639639639,3.254602192070066e-08
0.28039995291990105,0.27319995291990107,0.00800000038,0.0200000014,3.6320001725199998e-06,-0.0009009009639639639,3.254602192070066e-08
0.28079995290980103,0.27359995290980105,0.0,0.00800000038,0.0,-0.0003603603774774775,2.8828831567567637e-09
0.28119995289970107,0.2739999528997011,0.0,-0.0120000001,0.0,0.0005405405450450451,6.486486594594596e-09
0.28159995288960105,0.27439995288960106,0.0,-0.00400000019,0.0,0.00018018018873873875,7.207207891891909e-10
0.281999952879501,0.27479995287950104,0.0,-0.00400000019,0.0,0.00018018018873873875,7.207207891891909e-10
0.28239995286940106,0.2751999528694011,0.0160000008,0.0160000008,7.2640003632e-06,-0.0007207207567567568,6.964353849588485e-08
0.28279995285930104,0.27559995285930106,0.0160000008,0.00800000038,7.2640003632e-06,-0.0003603603774774775,6.099488896795691e-08
0.283199952849201,0.27599995284920104,-0.00800000038,-0.00400000019,-3.6320001725199998e-06,0.00018018018873873875,1.5248722169349223e-08
0.28359995283910105,0.27639995283910107,0.00800000038,-0.00400000019,3.6320001725199998e-06,0.00018018018873873875,1.5248722169349223e-08
0.28399995282900103,0.27679995282900105,0.0,0.00400000019,0.0,-0.00018018018873873875,7.207207891891909e-10
0.284399952818901,0.27719995281890103,0.0160000008,0.0160000008,7.2640003632e-06,-0.0007207207567567568,6.964353849588485e-08
0.28479995280880105,0.27759995280880106,0.00800000038,0.0160000008,3.6320001725199998e-06,-0.0007207207567567568,2.6059534064844746e-08
0.28519995279870103,0.27799995279870104,0.0,0.0120000001,0.0,-0.0005405405450450451,6.486486594594596e-09
0.28559995278860106,0.2783999527886011,0.0,0.00800000038,0.0,-0.0003603603774774775,2.8828831567567637e-09
0.28599995277850104,0.27879995277850106,0.00800000038,0.00400000019,3.6320001725199998e-06,-0.00018018018873873875,1.5248722169349223e-08
0.286399952768401,0.27919995276840104,0.00800000038,0.00800000038,3.6320001725199998e-06,-0.0003603603774774775,1.7410884536916797e-08
0.28679995275830106,0.2795999527583011,-0.00800000038,-0.00800000038,-3.6320001725199998e-06,0.0003603603774774775,1.7410884536916797e-08
0.28719995274820104,0.27999995274820105,0.0,0.0160000008,0.0,-0.0007207207567567568,1.1531532684684713e-08
0.287599952738101,0.28039995273810103,0.0,0.0120000001,0.0,-0.0005405405450450451,6.486486594594596e-09
0.28799995272800105,0.28079995272800107,0.0,0.0120000001,0.0,-0.0005405405450450451,6.486486594594596e-09
0.28839995271790103,0.28119995271790105,0.0,0.00800000038,0.0,-0.0003603603774774775,2.8828831567567637e-09
0.28879995270780107,0.2815999527078011,0.00800000038,-0.00400000019,3.6320001725199998e-06,0.00018018018873873875,1.5248722169349223e-08
0.28919995269770105,0.28199995269770106,0.0,0.00400000019,0.0,-0.00018018018873873875,7.207207891891909e-10
0.289599952687601,0.28239995268760104,0.00800000038,0.0160000008,3.6320001725199998e-06,-0.0007207207567567568,2.6059534064844746e-08
0.28999995267750106,0.2827999526775011,0.00800000038,0.00800000038,3.6320001725199998e-06,-0.0003603603774774775,1.7410884536916797e-08
0.29039995266740104,0.28319995266740106,0.00800000038,0.00800000038,3.6320001725199998e-06,-0.0003603603774774775,1.7410884536916797e-08
0.290799952657301,0.28359995265730104,0.0,0.0,0.0,-0.0,0.0
0.29119995264720105,0.28399995264720107,0.00800000038,0.02400000021,3.6320001725199998e-06,-0.0010810810905405406,4.0473947780160036e-08
0.29159995263710103,0.28439995263710105,0.00800000038,0.0160000008,3.6320001725199998e-06,-0.0007207207567567568,2.6059534064844746e-08
0.291999952627001,0.28479995262700103,0.0160000008,0.00800000038,7.2640003632e-06,-0.0003603603774774775,6.099488896795691e-08
0.29239995261690105,0.28519995261690106,0.00800000038,0.0,3.6320001725199998e-06,-0.0,1.4528001380160033e-08
0.29279995260680103,0.28559995260680104,0.0160000008,0.0160000008,7.2640003632e-06,-0.0007207207567567568,6.964353849588485e-08
0.29319995259670106,0.2859999525967011,0.0,0.00800000038,0.0,-0.0003603603774774775,2.8828831567567637e-09
0.29359995258660104,0.28639995258660106,0.0,0.0160000008,0.0,-0.0007207207567567568,1.1531532684684713e-08
0.293999952576501,0.28679995257650104,0.00800000038,0.00800000038,3.6320001725199998e-06,-0.0003603603774774775,1.7410884536916797e-08
0.29439995256640106,0.2871999525664011,0.0,-0.00400000019,0.0,0.00018018018873873875,7.207207891891909e-10
0.29479995255630104,0.28759995255630105,0.00800000038,0.0160000008,3.6320001725199998e-06,-0.0007207207567567568,2.6059534064844746e-08
0.295199952546201,0.28799995254620103,0.0160000008,0.0200000014,7.2640003632e-06,-0.0009009009639639639,7.613002635174078e-08
0.29559995253610105,0.28839995253610107,0.0,0.00400000019,0.0,-0.00018018018873873875,7.207207891891909e-10
0.29599995252600103,0.28879995252600105,0.0160000008,0.02400000021,7.2640003632e-06,-0.0010810810905405406,8.405795221120016e-08
0.29639995251590107,0.2891999525159011,0.0,0.00800000038,0.0,-0.0003603603774774775,2.8828831567567637e-09
0.29679995250580105,0.28959995250580106,0.00800000038,0.00800000038,3.6320001725199998e-06,-0.0003603603774774775,1.7410884536916797e-08
0.297199952495701,0.28999995249570104,0.0,0.00800000038,0.0,-0.0003603603774774775,2.8828831567567637e-09
0.29759995248560106,0.2903999524856011,0.0,0.00800000038,0.0,-0.0003603603774774775,2.8828831567567637e-09
0.29799995247550104,0.29079995247550106,0.00800000038,0.00800000038,3.6320001725199998e-06,-0.0003603603774774775,1.7410884536916797e-08
0.298399952465401,0.29119995246540104,0.00800000038,0.00800000038,3.6320001725199998e-06,-0.0003603603774774775,1.7410884536916797e-08
0.29879995245530105,0.29159995245530107,0.00800000038,0.00400000019,3.6320001725199998e-06,-0.00018018018873873875,1.5248722169349223e-08
0.29919995244520103,0.29199995244520105,0.0,0.0160000008,0.0,-0.0007207207567567568,1.1531532684684713e-08
0.299599952435101,0.29239995243510103,-0.00800000038,0.00400000019,-3.6320001725199998e-06,-0.00018018018873873875,1.5248722169349223e-08
0.29999995242500105,0.29279995242500106,0.00800000038,0.0160000008,3.6320001725199998e-06,-0.0007207207567567568,2.6059534064844746e-08
0.30039995241490103,0.29319995241490104,0.0,0.0,0.0,-0.0,0.0
0.30079995240480106,0.2935999524048011,0.00800000038,0.0120000001,3.6320001725199998e-06,-0.0005405405450450451,2.101448797475463e-08
0.30119995239470104,0.29399995239470106,0.00800000038,0.0160000008,3.6320001725199998e-06,-0.0007207207567567568,2.6059534064844746e-08
0.301599952384601,0.29439995238460104,0.0,0.00800000038,0.0,-0.0003603603774774775,2.8828831567567637e-09
0.30199995237450106,0.2947999523745011,0.00800000038,0.0160000008,3.6320001725199998e-06,-0.0007207207567567568,2.6059534064844746e-08
0.30239995236440104,0.29519995236440105,0.0160000008,0.0120000001,7.2640003632e-06,-0.0005405405450450451,6.459849240579475e-08
0.302799952354301,0.29559995235430103,0.0,-0.00800000038,0.0,0.0003603603774774775,2.8828831567567637e-09
0.30319995234420105,0.29599995234420107,0.00800000038,0.0,3.6320001725199998e-06,-0.0,1.4528001380160033e-08
0.30359995233410103,0.29639995233410105,0.00800000038,-0.00400000019,3.6320001725199998e-06,0.00018018018873873875,1.5248722169349223e-08
0.30399995232400107,0.2967999523240011,0.0,0.00400000019,0.0,-0.00018018018873873875,7.207207891891909e-10
0.30439995231390105,0.29719995231390106,0.00800000038,0.00800000038,3.6320001725199998e-06,-0.0003603603774774775,1.7410884536916797e-08
0.304799952303801,0.29759995230380104,0.0,0.00400000019,0.0,-0.00018018018873873875,7.207207891891909e-10
0.30519995229370106,0.2979999522937011,0.0,0.0,0.0,-0.0,0.0
0.30559995228360104,0.29839995228360106,0.00800000038,0.00800000038,3.6320001725199998e-06,-0.0003603603774774775,1.7410884536916797e-08
0.305999952273501,0.29879995227350103,0.00800000038,0.00800000038,3.6320001725199998e-06,-0.0003603603774774775,1.7410884536916797e-08
0.30639995226340105,0.29919995226340107,0.00800000038,0.0120000001,3.6320001725199998e-06,-0.0005405405450450451,2.101448797475463e-08
0.30679995225330103,0.29959995225330105,0.00800000038,0.0160000008,3.6320001725199998e-06,-0.0007207207567567568,2.6059534064844746e-08
0.307199952243201,0.29999995224320103,0.00800000038,0.00800000038,3.6320001725199998e-06,-0.0003603603774774775,1.7410884536916797e-08
0.30759995223310105,0.30039995223310106,0.00800000038,0.0160000008,3.6320001725199998e-06,-0.0007207207567567568,2.6059534064844746e-08
0.30799995222300103,0.30079995222300104,0.00800000038,0.00800000038,3.6320001725199998e-06,-0.0003603603774774775,1.7410884536916797e-08
0.30839995221290106,0.3011999522129011,0.0,0.00400000019,0.0,-0.00018018018873873875,7.207207891891909e-10
0.30879995220280104,0.30159995220280106,0.0,0.0120000001,0.0,-0.0005405405450450451,6.486486594594596e-09
0.309199952192701,0.30199995219270104,0.0,0.0160000008,0.0,-0.0007207207567567568,1.1531532684684713e-08
0.30959995218260106,0.3023999521826011,0.00800000038,0.00800000038,3.6320001725199998e-06,-0.0003603603774774775,1.7410884536916797e-08
0.30999995217250104,0.30279995217250105,0.00800000038,0.0,3.6320001725199998e-06,-0.0,1.4528001380160033e-08
0.310399952162401,0.30319995216240103,0.0,0.00400000019,0.0,-0.00018018018873873875,7.207207891891909e-10
0.31079995215230105,0.30359995215230107,0.0,0.0,0.0,-0.0,0.0
0.31119995214220103,0.30399995214220105,0.0,-0.00400000019,0.0,0.00018018018873873875,7.207207891891909e-10
0.31159995213210107,0.3043999521321011,0.0,0.0160000008,0.0,-0.0007207207567567568,1.1531532684684713e-08
0.31199995212200105,0.30479995212200106,0.0,0.00800000038,0.0,-0.0003603603774774775,2.8828831567567637e-09
0.312399952111901,0.30519995211190104,0.00800000038,0.00800000038,3.6320001725199998e-06,-0.0003603603774774775,1.7410884536916797e-08
0.31279995210180106,0.3055999521018011,0.0,0.0120000001,0.0,-0.0005405405450450451,6.486486594594596e-09
0.31319995209170104,0.30599995209170106,0.00800000038,0.00800000038,3.6320001725199998e-06,-0.0003603603774774775,1.7410884536916797e-08
0.313599952081601,0.30639995208160103,0.0,0.00800000038,0.0,-0.0003603603774774775,2.8828831567567637e-09
0.31399995207150105,0.30679995207150107,0.00800000038,0.0160000008,3.6320001725199998e-06,-0.0007207207567567568,2.6059534064844746e-08
0.31439995206140103,0.30719995206140105,0.00800000038,0.0120000001,3.6320001725199998e-06,-0.0005405405450450451,2.101448797475463e-08
0.31479995205130107,0.3075999520513011,0.0160000008,0.0200000014,7.2640003632e-06,-0.0009009009639639639,7.613002635174078e-08
0.31519995204120105,0.30799995204120106,0.0,0.0,0.0,-0.0,0.0
0.315599952031101,0.30839995203110104,0.0,-0.00400000019,0.0,0.00018018018873873875,7.207207891891909e-10
0.31599995202100106,0.3087999520210011,0.0,0.00400000019,0.0,-0.00018018018873873875,7.207207891891909e-10
0.31639995201090104,0.30919995201090106,0.00800000038,0.0160000008,3.6320001725199998e-06,-0.0007207207567567568,2.6059534064844746e-08
0.316799952000801,0.30959995200080104,0.0,0.00800000038,0.0,-0.0003603603774774775,2.8828831567567637e-09
0.31719995199070106,0.3099999519907011,0.00800000038,0.00400000019,3.6320001725199998e-06,-0.00018018018873873875,1.5248722169349223e-08
0.31759995198060104,0.31039995198060105,0.00800000038,0.0,3.6320001725199998e-06,-0.0,1.4528001380160033e-08
0.317999951970501,0.31079995197050103,0.00800000038,0.00400000019,3.6320001725199998e-06,-0.00018018018873873875,1.5248722169349223e-08
0.31839995196040105,0.31119995196040107,0.0160000008,0.0160000008,7.2640003632e-06,-0.0007207207567567568,6.964353849588485e-08
0.31879995195030103,0.31159995195030105,0.0,0.00800000038,0.0,-0.0003603603774774775,2.8828831567567637e-09
0.31919995194020107,0.3119999519402011,0.00800000038,0.00400000019,3.6320001725199998e-06,-0.00018018018873873875,1.5248722169349223e-08
0.31959995193010104,0.31239995193010106,0.00800000038,0.0160000008,3.6320001725199998e-06,-0.0007207207567567568,2.6059534064844746e-08
0.319999951920001,0.31279995192000104,0.00800000038,0.00800000038,3.6320001725199998e-06,-0.0003603603774774775,1.7410884536916797e-08
0.32039995190990106,0.3131999519099011,0.0160000008,0.0160000008,7.2640003632e-06,-0.0007207207567567568,6.964353849588485e-08
0.32079995189980104,0.31359995189980105,0.0,0.00800000038,0.0,-0.0003603603774774775,2.8828831567567637e-09
0.321199951889701,0.31399995188970103,0.0,0.00400000019,0.0,-0.00018018018873873875,7.207207891891909e-10
0.32159995187960105,0.31439995187960107,0.00800000038,-0.00800000038,3.6320001725199998e-06,0.0003603603774774775,1.7410884536916797e-08
0.32199995186950103,0.31479995186950105,0.0,0.00400000019,0.0,-0.00018018018873873875,7.207207891891909e-10
0.32239995185940107,0.3151999518594011,0.0,0.00800000038,0.0,-0.0003603603774774775,2.8828831567567637e-09
0.32279995184930105,0.31559995184930106,0.0,0.00800000038,0.0,-0.0003603603774774775,2.8828831567567637e-09
0.323199951839201,0.31599995183920104,0.0,0.00800000038,0.0,-0.0003603603774774775,2.8828831567567637e-09
0.32359995182910106,0.3163999518291011,0.0,0.00400000019,0.0,-0.00018018018873873875,7.207207891891909e-10
0.32399995181900104,0.31679995181900106,0.00800000038,0.00400000019,3.6320001725199998e-06,-0.00018018018873873875,1.5248722169349223e-08
0.324399951808901,0.31719995180890104,0.0,0.00400000019,0.0,-0.00018018018873873875,7.207207891891909e-10
0.32479995179880106,0.3175999517988011,0.0,0.0160000008,0.0,-0.0007207207567567568,1.1531532684684713e-08
0.32519995178870104,0.31799995178870105,0.0,0.00800000038,0.0,-0.0003603603774774775,2.8828831567567637e-09
0.325599951778601,0.31839995177860103,0.0,0.00400000019,0.0,-0.00018018018873873875,7.207207891891909e-10
0.32599995176850105,0.31879995176850107,0.0,0.00400000019,0.0,-0.00018018018873873875,7.207207891891909e-10
0.32639995175840103,0.31919995175840105,0.0,0.00400000019,0.0,-0.00018018018873873875,7.207207891891909e-10
0.32679995174830107,0.3195999517483011,0.00800000038,-0.00400000019,3.6320001725199998e-06,0.00018018018873873875,1.5248722169349223e-08
0.32719995173820104,0.31999995173820106,0.0,0.0160000008,0.0,-0.0007207207567567568,1.1531532684684713e-08
0.327599951728101,0.32039995172810104,0.0160000008,0.0120000001,7.2640003632e-06,-0.0005405405450450451,6.459849240579475e-08
0.32799995171800106,0.3207999517180011,0.00800000038,0.00800000038,3.6320001725199998e-06,-0.0003603603774774775,1.7410884536916797e-08
0.32839995170790104,0.32119995170790105,0.0,0.0,0.0,-0.0,0.0
0.328799951697801,0.32159995169780103,0.0,0.0160000008,0.0,-0.0007207207567567568,1.1531532684684713e-08
0.32919995168770105,0.32199995168770107,0.0,0.0120000001,0.0,-0.0005405405450450451,6.486486594594596e-09
0.32959995167760103,0.32239995167760105,0.0,0.0160000008,0.0,-0.0007207207567567568,1.1531532684684713e-08
0.32999995166750107,0.3227999516675011,0.00800000038,0.0160000008,3.6320001725199998e-06,-0.0007207207567567568,2.6059534064844746e-08
0.33039995165740105,0.32319995165740106,0.00800000038,0.0160000008,3.6320001725199998e-06,-0.0007207207567567568,2.6059534064844746e-08
0.330799951647301,0.32359995164730104,0.00800000038,0.00800000038,3.6320001725199998e-06,-0.0003603603774774775,1.7410884536916797e-08
0.33119995163720106,0.3239999516372011,0.0160000008,0.0160000008,7.2640003632e-06,-0.0007207207567567568,6.964353849588485e-08
0.33159995162710104,0.32439995162710106,0.0,0.0160000008,0.0,-0.0007207207567567568,1.1531532684684713e-08
0.331999951617001,0.32479995161700104,0.00800000038,0.00800000038,3.6320001725199998e-06,-0.0003603603774774775,1.7410884536916797e-08
0.33239995160690106,0.32519995160690107,0.00800000038,-0.00400000019,3.6320001725199998e-06,0.00018018018873873875,1.5248722169349223e-08
0.33279995159680104,0.32559995159680105,0.0160000008,0.0200000014,7.2640003632e-06,-0.0009009009639639639,7.613002635174078e-08
0.333199951586701,0.32599995158670103,0.00800000038,0.00800000038,3.6320001725199998e-06,-0.0003603603774774775,1.7410884536916797e-08
0.33359995157660105,0.32639995157660107,0.0,-0.0120000001,0.0,0.0005405405450450451,6.486486594594596e-09
0.33399995156650103,0.32679995156650105,0.0,0.0160000008,0.0,-0.0007207207567567568,1.1531532684684713e-08
0.33439995155640106,0.3271999515564011,0.00800000038,0.00400000019,3.6320001725199998e-06,-0.00018018018873873875,1.5248722169349223e-08
0.33479995154630104,0.32759995154630106,0.00800000038,0.0160000008,3.6320001725199998e-06,-0.0007207207567567568,2.6059534064844746e-08
0.335199951536201,0.32799995153620104,0.00800000038,0.00400000019,3.6320001725199998e-06,-0.00018018018873873875,1.5248722169349223e-08
0.33559995152610106,0.3283999515261011,0.00800000038,0.0160000008,3.6320001725199998e-06,-0.0007207207567567568,2.6059534064844746e-08
0.33599995151600104,0.32879995151600105,0.0,0.00400000019,0.0,-0.00018018018873873875,7.207207891891909e-10
0.336399951505901,0.32919995150590103,0.00800000038,-0.00400000019,3.6320001725199998e-06,0.00018018018873873875,1.5248722169349223e-08
0.33679995149580105,0.32959995149580107,0.0,0.0120000001,0.0,-0.0005405405450450451,6.486486594594596e-09
0.33719995148570103,0.32999995148570105,0.0,0.0160000008,0.0,-0.0007207207567567568,1.1531532684684713e-08
0.33759995147560107,0.3303999514756011,0.0,-0.00800000038,0.0,0.0003603603774774775,2.8828831567567637e-09
0.33799995146550105,0.33079995146550106,0.00800000038,0.00800000038,3.6320001725199998e-06,-0.0003603603774774775,1.7410884536916797e-08
0.338399951455401,0.33119995145540104,0.00800000038,0.0,3.6320001725199998e-06,-0.0,1.4528001380160033e-08
0.33879995144530106,0.3315999514453011,0.0,0.0,0.0,-0.0,0.0
0.33919995143520104,0.33199995143520106,0.0,-0.00400000019,0.0,0.00018018018873873875,7.207207891891909e-10
0.339599951425101,0.33239995142510104,0.0,0.00800000038,0.0,-0.0003603603774774775,2.8828831567567637e-09
0.33999995141500106,0.33279995141500107,-0.00800000038,-0.00400000019,-3.6320001725199998e-06,0.00018018018873873875,1.5248722169349223e-08
0.34039995140490104,0.33319995140490105,0.00800000038,0.00400000019,3.6320001725199998e-06,-0.00018018018873873875,1.5248722169349223e-08
0.34079995139480107,0.3335999513948011,0.0160000008,0.0120000001,7.2640003632e-06,-0.0005405405450450451,6.459849240579475e-08
0.34119995138470105,0.33399995138470107,0.0160000008,0.0160000008,7.2640003632e-06,-0.0007207207567567568,6.964353849588485e-08
0.34159995137460103,0.33439995137460105,0.00800000038,0.00400000019,3.6320001725199998e-06,-0.00018018018873873875,1.5248722169349223e-08
0.34199995136450106,0.3347999513645011,0.00800000038,0.00800000038,3.6320001725199998e-06,-0.0003603603774774775,1.7410884536916797e-08
0.34239995135440104,0.33519995135440106,0.0160000008,0.0160000008,7.2640003632e-06,-0.0007207207567567568,6.964353849588485e-08
0.342799951344301,0.33559995134430104,0.00800000038,0.00400000019,3.6320001725199998e-06,-0.00018018018873873875,1.5248722169349223e-08
0.34319995133420106,0.3359999513342011,0.0,0.00800000038,0.0,-0.0003603603774774775,2.8828831567567637e-09
0.34359995132410104,0.33639995132410105,0.0,0.00800000038,0.0,-0.0003603603774774775,2.8828831567567637e-09
0.343999951314001,0.33679995131400103,0.0,0.00800000038,0.0,-0.0003603603774774775,2.8828831567567637e-09
0.34439995130390105,0.33719995130390107,0.00800000038,0.0160000008,3.6320001725199998e-06,-0.0007207207567567568,2.6059534064844746e-08
0.34479995129380103,0.33759995129380105,0.0160000008,0.0120000001,7.2640003632e-06,-0.0005405405450450451,6.459849240579475e-08
0.34519995128370107,0.3379999512837011,0.00800000038,0.0,3.6320001725199998e-06,-0.0,1.4528001380160033e-08
0.34559995127360105,0.33839995127360106,0.00800000038,0.02400000021,3.6320001725199998e-06,-0.0010810810905405406,4.0473947780160036e-08
0.345999951263501,0.33879995126350104,0.0160000008,0.00800000038,7.2640003632e-06,-0.0003603603774774775,6.099488896795691e-08
0.34639995125340106,0.3391999512534011,0.0,0.00400000019,0.0,-0.00018018018873873875,7.207207891891909e-10
0.34679995124330104,0.33959995124330106,0.00800000038,0.0160000008,3.6320001725199998e-06,-0.0007207207567567568,2.6059534064844746e-08
0.347199951233201,0.33999995123320104,0.00800000038,0.00800000038,3.6320001725199998e-06,-0.0003603603774774775,1.7410884536916797e-08
0.34759995122310106,0.34039995122310107,0.0160000008,0.0120000001,7.2640003632e-06,-0.0005405405450450451,6.459849240579475e-08
0.34799995121300104,0.34079995121300105,0.0,-0.0120000001,0.0,0.0005405405450450451,6.486486594594596e-09
0.34839995120290107,0.3411999512029011,0.00800000038,-0.00400000019,3.6320001725199998e-06,0.00018018018873873875,1.5248722169349223e-08
0.34879995119280105,0.34159995119280107,0.00800000038,0.0120000001,3.6320001725199998e-06,-0.0005405405450450451,2.101448797475463e-08
0.34919995118270103,0.34199995118270105,0.0,-0.00400000019,0.0,0.00018018018873873875,7.207207891891909e-10
0.34959995117260106,0.3423999511726011,0.0160000008,0.00800000038,7.2640003632e-06,-0.0003603603774774775,6.099488896795691e-08
0.34999995116250104,0.34279995116250106,0.0,0.00400000019,0.0,-0.00018018018873873875,7.207207891891909e-10
0.350399951152401,0.34319995115240104,0.0160000008,0.00800000038,7.2640003632e-06,-0.0003603603774774775,6.099488896795691e-08
0.35079995114230106,0.3435999511423011,0.00800000038,0.0,3.6320001725199998e-06,-0.0,1.4528001380160033e-08
0.35119995113220104,0.34399995113220105,0.0,0.0120000001,0.0,-0.0005405405450450451,6.486486594594596e-09
0.351599951122101,0.34439995112210103,0.00800000038,0.0160000008,3.6320001725199998e-06,-0.0007207207567567568,2.6059534064844746e-08
0.35199995111200105,0.34479995111200107,0.00800000038,0.00400000019,3.6320001725199998e-06,-0.00018018018873873875,1.5248722169349223e-08
0.35239995110190103,0.34519995110190105,0.0,0.00800000038,0.0,-0.0003603603774774775,2.8828831567567637e-09
0.35279995109180107,0.3455999510918011,0.00800000038,0.0,3.6320001725199998e-06,-0.0,1.4528001380160033e-08
0.35319995108170105,0.34599995108170106,0.0,0.00400000019,0.0,-0.00018018018873873875,7.207207891891909e-10
0.353599951071601,0.34639995107160104,0.0,0.0,0.0,-0.0,0.0
0.35399995106150106,0.3467999510615011,0.0,0.00400000019,0.0,-0.00018018018873873875,7.207207891891909e-10
0.35439995105140104,0.34719995105140106,0.00800000038,0.00800000038,3.6320001725199998e-06,-0.0003603603774774775,1.7410884536916797e-08
0.354799951041301,0.34759995104130104,0.0160000008,0.0120000001,7.2640003632e-06,-0.0005405405450450451,6.459849240579475e-08
0.35519995103120106,0.34799995103120107,0.0,0.0,0.0,-0.0,0.0
0.35559995102110104,0.34839995102110105,0.0160000008,0.00800000038,7.2640003632e-06,-0.0003603603774774775,6.099488896795691e-08
0.35599995101100107,0.3487999510110011,0.0,0.00400000019,0.0,-0.00018018018873873875,7.207207891891909e-10
0.35639995100090105,0.34919995100090107,0.00800000038,0.0,3.6320001725199998e-06,-0.0,1.4528001380160033e-08
0.35679995099080103,0.34959995099080104,0.0,0.0,0.0,-0.0,0.0
0.35719995098070106,0.3499999509807011,0.00800000038,0.00400000019,3.6320001725199998e-06,-0.00018018018873873875,1.5248722169349223e-08
0.35759995097060104,0.35039995097060106,0.00800000038,0.0160000008,3.6320001725199998e-06,-0.0007207207567567568,2.6059534064844746e-08
0.357999950960501,0.35079995096050104,0.00800000038,-0.00400000019,3.6320001725199998e-06,0.00018018018873873875,1.5248722169349223e-08
0.35839995095040106,0.3511999509504011,0.0,0.00400000019,0.0,-0.00018018018873873875,7.207207891891909e-10
0.35879995094030104,0.35159995094030105,0.0160000008,0.0160000008,7.2640003632e-06,-0.0007207207567567568,6.964353849588485e-08
0.359199950930201,0.35199995093020103,0.00800000038,0.00400000019,3.6320001725199998e-06,-0.00018018018873873875,1.5248722169349223e-08
0.35959995092010105,0.35239995092010107,0.0,0.0,0.0,-0.0,0.0
0.35999995091000103,0.35279995091000105,0.00800000038,0.00400000019,3.6320001725199998e-06,-0.00018018018873873875,1.5248722169349223e-08
0.36039995089990107,0.3531999508999011,0.00800000038,0.00800000038,3.6320001725199998e-06,-0.0003603603774774775,1.7410884536916797e-08
0.36079995088980105,0.35359995088980106,0.0,0.00800000038,0.0,-0.0003603603774774775,2.8828831567567637e-09
0.361199950879701,0.35399995087970104,0.00800000038,0.0200000014,3.6320001725199998e-06,-0.0009009009639639639,3.254602192070066e-08
0.36159995086960106,0.3543999508696011,0.0,-0.00400000019,0.0,0.00018018018873873875,7.207207891891909e-10
0.36199995085950104,0.35479995085950106,0.0,-0.0160000008,0.0,0.0007207207567567568,1.1531532684684713e-08
0.362399950849401,0.35519995084940104,0.0,0.00800000038,0.0,-0.0003603603774774775,2.8828831567567637e-09
0.36279995083930106,0.35559995083930107,-0.00800000038,0.00800000038,-3.6320001725199998e-06,-0.0003603603774774775,1.7410884536916797e-08
0.36319995082920103,0.35599995082920105,-0.00800000038,0.0,-3.6320001725199998e-06,-0.0,1.4528001380160033e-08
0.36359995081910107,0.3563999508191011,0.00800000038,0.0120000001,3.6320001725199998e-06,-0.0005405405450450451,2.101448797475463e-08
0.36399995080900105,0.35679995080900107,-0.00800000038,0.0,-3.6320001725199998e-06,-0.0,1.4528001380160033e-08
0.36439995079890103,0.35719995079890104,0.00800000038,0.0160000008,3.6320001725199998e-06,-0.0007207207567567568,2.6059534064844746e-08
0.36479995078880106,0.3575999507888011,0.0,0.0,0.0,-0.0,0.0
0.36519995077870104,0.35799995077870106,0.0,0.00400000019,0.0,-0.00018018018873873875,7.207207891891909e-10
0.365599950768601,0.35839995076860104,0.0,0.00800000038,0.0,-0.0003603603774774775,2.8828831567567637e-09
0.36599995075850106,0.3587999507585011,0.00800000038,0.00400000019,3.6320001725199998e-06,-0.00018018018873873875,1.5248722169349223e-08
0.36639995074840104,0.35919995074840105,0.00800000038,0.0160000008,3.6320001725199998e-06,-0.0007207207567567568,2.6059534064844746e-08
0.366799950738301,0.35959995073830103,0.00800000038,0.0160000008,3.6320001725199998e-06,-0.0007207207567567568,2.6059534064844746e-08
0.36719995072820105,0.35999995072820107,0.0,0.0,0.0,-0.0,0.0
0.36759995071810103,0.36039995071810105,0.0,0.00800000038,0.0,-0.0003603603774774775,2.8828831567567637e-09
0.36799995070800107,0.3607999507080011,0.00800000038,0.0160000008,3.6320001725199998e-06,-0.0007207207567567568,2.6059534064844746e-08
0.36839995069790105,0.36119995069790106,0.0,0.00800000038,0.0,-0.0003603603774774775,2.8828831567567637e-09
0.368799950687801,0.36159995068780104,0.0160000008,0.0200000014,7.2640003632e-06,-0.0009009009639639639,7.613002635174078e-08
0.36919995067770106,0.3619999506777011,0.00800000038,0.00800000038,3.6320001725199998e-06,-0.0003603603774774775,1.7410884536916797e-08
0.36959995066760104,0.36239995066760106,0.0,-0.00400000019,0.0,0.00018018018873873875,7.207207891891909e-10
0.369999950657501,0.36279995065750104,0.00800000038,-0.0120000001,3.6320001725199998e-06,0.0005405405450450451,2.101448797475463e-08
0.37039995064740106,0.36319995064740107,0.00800000038,0.02400000021,3.6320001725199998e-06,-0.0010810810905405406,4.0473947780160036e-08
0.37079995063730103,0.36359995063730105,0.0,0.00400000019,0.0,-0.00018018018873873875,7.207207891891909e-10
0.37119995062720107,0.3639999506272011,0.00800000038,0.0120000001,3.6320001725199998e-06,-0.0005405405450450451,2.101448797475463e-08
0.37159995061710105,0.36439995061710106,0.00800000038,0.0,3.6320001725199998e-06,-0.0,1.4528001380160033e-08
0.37199995060700103,0.36479995060700104,0.00800000038,0.0160000008,3.6320001725199998e-06,-0.0007207207567567568,2.6059534064844746e-08
0.37239995059690106,0.3651999505969011,0.0,0.00400000019,0.0,-0.00018018018873873875,7.207207891891909e-10
0.37279995058680104,0.36559995058680106,0.00800000038,0.00800000038,3.6320001725199998e-06,-0.0003603603774774775,1.7410884536916797e-08
0.373199950576701,0.36599995057670104,0.0,-0.00400000019,0.0,0.00018018018873873875,7.207207891891909e-10
0.37359995056660106,0.3663999505666011,0.0,-0.00400000019,0.0,0.00018018018873873875,7.207207891891909e-10
0.37399995055650104,0.36679995055650105,0.0,0.00400000019,0.0,-0.00018018018873873875,7.207207891891909e-10
0.3743999505464011,0.3671999505464011,0.00800000038,0.0,3.6320001725199998e-06,-0.0,1.4528001380160033e-08
0.37479995053630105,0.36759995053630107,0.00800000038,0.0160000008,3.6320001725199998e-06,-0.0007207207567567568,2.6059534064844746e-08
0.37519995052620103,0.36799995052620105,0.00800000038,0.0120000001,3.6320001725199998e-06,-0.0005405405450450451,2.101448797475463e-08
0.37559995051610107,0.3683999505161011,0.0,0.0,0.0,-0.0,0.0
0.37599995050600105,0.36879995050600106,0.00800000038,0.0160000008,3.6320001725199998e-06,-0.0007207207567567568,2.6059534064844746e-08
0.376399950495901,0.36919995049590104,0.0,0.0120000001,0.0,-0.0005405405450450451,6.486486594594596e-09
0.37679995048580106,0.3695999504858011,0.0,0.00400000019,0.0,-0.00018018018873873875,7.207207891891909e-10
0.37719995047570104,0.36999995047570106,0.0,0.00800000038,0.0,-0.0003603603774774775,2.8828831567567637e-09
0.377599950465601,0.37039995046560104,0.00800000038,0.0160000008,3.6320001725199998e-06,-0.0007207207567567568,2.6059534064844746e-08
0.37799995045550105,0.37079995045550107,0.00800000038,0.0,3.6320001725199998e-06,-0.0,1.4528001380160033e-08
0.37839995044540103,0.37119995044540105,0.00800000038,0.0160000008,3.6320001725199998e-06,-0.0007207207567567568,2.6059534064844746e-08
0.37879995043530107,0.3715999504353011,0.00800000038,0.00400000019,3.6320001725199998e-06,-0.00018018018873873875,1.5248722169349223e-08
0.37919995042520105,0.37199995042520106,0.00800000038,0.0120000001,3.6320001725199998e-06,-0.0005405405450450451,2.101448797475463e-08
0.37959995041510103,0.37239995041510104,0.00800000038,0.00800000038,3.6320001725199998e-06,-0.0003603603774774775,1.7410884536916797e-08
0.37999995040500106,0.3727999504050011,0.00800000038,0.00400000019,3.6320001725199998e-06,-0.00018018018873873875,1.5248722169349223e-08
0.38039995039490104,0.37319995039490106,0.0,0.00800000038,0.0,-0.0003603603774774775,2.8828831567567637e-09
0.380799950384801,0.37359995038480104,0.00800000038,0.00800000038,3.6320001725199998e-06,-0.0003603603774774775,1.7410884536916797e-08
0.38119995037470106,0.3739999503747011,0.0160000008,-0.00400000019,7.2640003632e-06,0.00018018018873873875,5.883272660038934e-08
0.38159995036460104,0.37439995036460105,0.00800000038,0.00400000019,3.6320001725199998e-06,-0.00018018018873873875,1.5248722169349223e-08
0.38199995035450107,0.3747999503545011,0.0,-0.00400000019,0.0,0.00018018018873873875,7.207207891891909e-10
0.38239995034440105,0.37519995034440107,0.0,0.0,0.0,-0.0,0.0
0.38279995033430103,0.37559995033430105,0.0,0.00800000038,0.0,-0.0003603603774774775,2.8828831567567637e-09
0.38319995032420107,0.3759999503242011,0.00800000038,0.0,3.6320001725199998e-06,-0.0,1.4528001380160033e-08
0.38359995031410105,0.37639995031410106,0.0160000008,0.0200000014,7.2640003632e-06,-0.0009009009639639639,7.613002635174078e-08
0.383999950304001,0.37679995030400104,0.00800000038,0.00800000038,3.6320001725199998e-06,-0.0003603603774774775,1.7410884536916797e-08
0.38439995029390106,0.3771999502939011,0.00800000038,0.00800000038,3.6320001725199998e-06,-0.0003603603774774775,1.7410884536916797e-08
0.38479995028380104,0.37759995028380106,0.0,0.00400000019,0.0,-0.00018018018873873875,7.207207891891909e-10
0.385199950273701,0.37799995027370104,0.0,0.00400000019,0.0,-0.00018018018873873875,7.207207891891909e-10
0.38559995026360105,0.37839995026360107,0.00800000038,0.0,3.6320001725199998e-06,-0.0,1.4528001380160033e-08
0.38599995025350103,0.37879995025350105,0.0,0.0160000008,0.0,-0.0007207207567567568,1.1531532684684713e-08
0.38639995024340107,0.3791999502434011,0.0,0.00800000038,0.0,-0.0003603603774774775,2.8828831567567637e-09
0.38679995023330105,0.37959995023330106,0.00800000038,-0.00400000019,3.6320001725199998e-06,0.00018018018873873875,1.5248722169349223e-08
0.38719995022320103,0.37999995022320104,0.00800000038,0.0160000008,3.6320001725199998e-06,-0.0007207207567567568,2.6059534064844746e-08
0.38759995021310106,0.3803999502131011,0.0,0.00800000038,0.0,-0.0003603603774774775,2.8828831567567637e-09
0.38799995020300104,0.38079995020300106,0.00800000038,-0.00400000019,3.6320001725199998e-06,0.00018018018873873875,1.5248722169349223e-08
0.388399950192901,0.38119995019290104,0.0,0.00400000019,0.0,-0.00018018018873873875,7.207207891891909e-10
0.38879995018280106,0.3815999501828011,0.0,0.00400000019,0.0,-0.00018018018873873875,7.207207891891909e-10
0.38919995017270104,0.38199995017270105,0.0,0.0120000001,0.0,-0.0005405405450450451,6.486486594594596e-09
0.38959995016260107,0.3823999501626011,0.0,0.00400000019,0.0,-0.00018018018873873875,7.207207891891909e-10
0.38999995015250105,0.38279995015250107,0.00800000038,0.00400000019,3.6320001725199998e-06,-0.00018018018873873875,1.5248722169349223e-08
0.39039995014240103,0.38319995014240105,0.00800000038,0.00800000038,3.6320001725199998e-06,-0.0003603603774774775,1.7410884536916797e-08
0.39079995013230107,0.3835999501323011,0.00800000038,0.02400000021,3.6320001725199998e-06,-0.0010810810905405406,4.0473947780160036e-08
0.39119995012220105,0.38399995012220106,-0.00800000038,0.0120000001,-3.6320001725199998e-06,-0.0005405405450450451,2.101448797475463e-08
0.391599950112101,0.38439995011210104,-0.00800000038,-0.00400000019,-3.6320001725199998e-06,0.00018018018873873875,1.5248722169349223e-08
0.39199995010200106,0.3847999501020011,0.00800000038,0.0120000001,3.6320001725199998e-06,-0.0005405405450450451,2.101448797475463e-08
0.39239995009190104,0.38519995009190106,0.0,0.00800000038,0.0,-0.0003603603774774775,2.8828831567567637e-09
0.392799950081801,0.38559995008180104,0.00800000038,0.0120000001,3.6320001725199998e-06,-0.0005405405450450451,2.101448797475463e-08
0.39319995007170105,0.38599995007170107,0.0,0.00800000038,0.0,-0.0003603603774774775,2.8828831567567637e-09
0.39359995006160103,0.38639995006160105,0.0,0.00800000038,0.0,-0.0003603603774774775,2.8828831567567637e-09
0.39399995005150107,0.3867999500515011,-0.00800000038,0.0,-3.6320001725199998e-06,-0.0,1.4528001380160033e-08
0.39439995004140105,0.38719995004140106,-0.00800000038,-0.0120000001,-3.6320001725199998e-06,0.0005405405450450451,2.101448797475463e-08
0.39479995003130103,0.38759995003130104,0.0,-0.00400000019,0.0,0.00018018018873873875,7.207207891891909e-10
0.39519995002120106,0.3879999500212011,0.0,0.0120000001,0.0,-0.0005405405450450451,6.486486594594596e-09
0.39559995001110104,0.38839995001110106,0.00800000038,0.0120000001,3.6320001725199998e-06,-0.0005405405450450451,2.101448797475463e-08
0.395999950001001,0.38879995000100104,0.0,0.0120000001,0.0,-0.0005405405450450451,6.486486594594596e-09
0.39639994999090106,0.3891999499909011,0.0,0.0120000001,0.0,-0.0005405405450450451,6.486486594594596e-09
0.39679994998080104,0.38959994998080105,0.0,0.0,0.0,-0.0,0.0
0.39719994997070107,0.3899999499707011,0.0,0.0,0.0,-0.0,0.0
0.39759994996060105,0.39039994996060107,0.0,0.0120000001,0.0,-0.0005405405450450451,6.486486594594596e-09
0.39799994995050103,0.39079994995050105,0.0,0.0160000008,0.0,-0.0007207207567567568,1.1531532684684713e-08
0.39839994994040107,0.3911999499404011,0.00800000038,0.0160000008,3.6320001725199998e-06,-0.0007207207567567568,2.6059534064844746e-08
0.39879994993030105,0.39159994993030106,0.0,0.00800000038,0.0,-0.0003603603774774775,2.8828831567567637e-09
0.399199949920201,0.39199994992020104,0.0160000008,0.02800000086,7.2640003632e-06,-0.0012612613,9.342732329588486e-08
0.39959994991010106,0.3923999499101011,0.00800000038,0.02800000086,3.6320001725199998e-06,-0.0012612613,4.984331886484475e-08
0.39999994990000104,0.39279994990000106,0.0,-0.00400000019,0.0,0.00018018018873873875,7.207207891891909e-10
0.4003999498899011,0.3931999498899011,0.00800000038,0.00400000019,3.6320001725199998e-06,-0.00018018018873873875,1.5248722169349223e-08
0.40079994987980105,0.39359994987980107,0.00800000038,0.0160000008,3.6320001725199998e-06,-0.0007207207567567568,2.6059534064844746e-08
0.40119994986970103,0.39399994986970105,0.00800000038,0.0160000008,3.6320001725199998e-06,-0.0007207207567567568,2.6059534064844746e-08
0.40159994985960107,0.3943999498596011,0.00800000038,0.00400000019,3.6320001725199998e-06,-0.00018018018873873875,1.5248722169349223e-08
0.40199994984950105,0.39479994984950106,0.00800000038,0.0120000001,3.6320001725199998e-06,-0.0005405405450450451,2.101448797475463e-08
0.402399949839401,0.39519994983940104,0.00800000038,0.00800000038,3.6320001725199998e-06,-0.0003603603774774775,1.7410884536916797e-08
0.40279994982930106,0.3955999498293011,0.0160000008,0.0160000008,7.2640003632e-06,-0.0007207207567567568,6.964353849588485e-08
0.40319994981920104,0.39599994981920106,0.0,-0.00800000038,0.0,0.0003603603774774775,2.8828831567567637e-09
0.403599949809101,0.39639994980910104,-0.00800000038,-0.00400000019,-3.6320001725199998e-06,0.00018018018873873875,1.5248722169349223e-08
0.40399994979900106,0.3967999497990011,0.0,0.00800000038,0.0,-0.0003603603774774775,2.8828831567567637e-09
0.40439994978890104,0.39719994978890105,0.0,-0.00400000019,0.0,0.00018018018873873875,7.207207891891909e-10
0.40479994977880107,0.3975999497788011,0.0,0.00400000019,0.0,-0.00018018018873873875,7.207207891891909e-10
0.40519994976870105,0.39799994976870107,0.0,-0.00400000019,0.0,0.00018018018873873875,7.207207891891909e-10
0.40559994975860103,0.39839994975860105,0.00800000038,0.00800000038,3.6320001725199998e-06,-0.0003603603774774775,1.7410884536916797e-08
0.40599994974850107,0.3987999497485011,0.0,0.00800000038,0.0,-0.0003603603774774775,2.8828831567567637e-09
0.40639994973840105,0.39919994973840106,0.0,0.0,0.0,-0.0,0.0
0.406799949728301,0.39959994972830104,0.00800000038,0.0120000001,3.6320001725199998e-06,-0.0005405405450450451,2.101448797475463e-08
0.40719994971820106,0.3999999497182011,0.00800000038,0.00800000038,3.6320001725199998e-06,-0.0003603603774774775,1.7410884536916797e-08
0.40759994970810104,0.40039994970810106,0.0,-0.00400000019,0.0,0.00018018018873873875,7.207207891891909e-10
0.4079999496980011,0.4007999496980011,0.0,0.0120000001,0.0,-0.0005405405450450451,6.486486594594596e-09
0.40839994968790105,0.40119994968790107,0.00800000038,0.00800000038,3.6320001725199998e-06,-0.0003603603774774775,1.7410884536916797e-08
0.40879994967780103,0.40159994967780105,0.0,0.00800000038,0.0,-0.0003603603774774775,2.8828831567567637e-09
0.40919994966770107,0.4019999496677011,0.00800000038,0.00800000038,3.6320001725199998e-06,-0.0003603603774774775,1.7410884536916797e-08
0.40959994965760105,0.40239994965760106,0.00800000038,0.0200000014,3.6320001725199998e-06,-0.0009009009639639639,3.254602192070066e-08
0.409999949647501,0.40279994964750104,0.0,-0.00400000019,0.0,0.00018018018873873875,7.207207891891909e-10
0.41039994963740106,0.4031999496374011,0.00800000038,0.00800000038,3.6320001725199998e-06,-0.0003603603774774775,1.7410884536916797e-08
0.41079994962730104,0.40359994962730106,0.0,0.0,0.0,-0.0,0.0
0.411199949617201,0.40399994961720104,0.0,-0.00400000019,0.0,0.00018018018873873875,7.207207891891909e-10
0.41159994960710106,0.4043999496071011,0.00800000038,0.0160000008,3.6320001725199998e-06,-0.0007207207567567568,2.6059534064844746e-08
0.41199994959700104,0.40479994959700105,0.0,0.00400000019,0.0,-0.00018018018873873875,7.207207891891909e-10
0.41239994958690107,0.4051999495869011,-0.00800000038,0.00400000019,-3.6320001725199998e-06,-0.00018018018873873875,1.5248722169349223e-08
0.41279994957680105,0.40559994957680107,0.0,0.02400000021,0.0,-0.0010810810905405406,2.5945946400000002e-08
0.41319994956670103,0.40599994956670105,0.00800000038,0.0120000001,3.6320001725199998e-06,-0.0005405405450450451,2.101448797475463e-08
0.41359994955660107,0.4063999495566011,0.0,0.0120000001,0.0,-0.0005405405450450451,6.486486594594596e-09
0.41399994954650104,0.40679994954650106,0.0160000008,0.0160000008,7.2640003632e-06,-0.0007207207567567568,6.964353849588485e-08
0.414399949536401,0.40719994953640104,0.0,0.00800000038,0.0,-0.0003603603774774775,2.8828831567567637e-09
0.41479994952630106,0.4075999495263011,0.0,0.00800000038,0.0,-0.0003603603774774775,2.8828831567567637e-09
0.41519994951620104,0.40799994951620105,0.0,0.0,0.0,-0.0,0.0
0.4155999495061011,0.4083999495061011,0.00800000038,0.0120000001,3.6320001725199998e-06,-0.0005405405450450451,2.101448797475463e-08
0.41599994949600105,0.40879994949600107,0.00800000038,0.0160000008,3.6320001725199998e-06,-0.0007207207567567568,2.6059534064844746e-08
0.41639994948590103,0.40919994948590105,0.0,0.00800000038,0.0,-0.0003603603774774775,2.8828831567567637e-09
0.41679994947580107,0.4095999494758011,0.00800000038,0.0120000001,3.6320001725199998e-06,-0.0005405405450450451,2.101448797475463e-08
0.41719994946570105,0.40999994946570106,0.0,0.00400000019,0.0,-0.00018018018873873875,7.207207891891909e-10
0.417599949455601,0.41039994945560104,0.00800000038,0.00800000038,3.6320001725199998e-06,-0.0003603603774774775,1.7410884536916797e-08
0.41799994944550106,0.4107999494455011,0.0,-0.00400000019,0.0,0.00018018018873873875,7.207207891891909e-10
0.41839994943540104,0.41119994943540106,0.0,-0.00800000038,0.0,0.0003603603774774775,2.8828831567567637e-09
0.418799949425301,0.41159994942530104,0.0,0.0,0.0,-0.0,0.0
0.41919994941520106,0.41199994941520107,0.00800000038,0.00800000038,3.6320001725199998e-06,-0.0003603603774774775,1.7410884536916797e-08
0.41959994940510104,0.41239994940510105,0.00800000038,0.00400000019,3.6320001725199998e-06,-0.00018018018873873875,1.5248722169349223e-08
0.41999994939500107,0.4127999493950011,0.00800000038,0.0,3.6320001725199998e-06,-0.0,1.4528001380160033e-08
0.42039994938490105,0.41319994938490107,0.00800000038,0.0160000008,3.6320001725199998e-06,-0.0007207207567567568,2.6059534064844746e-08
0.42079994937480103,0.41359994937480105,0.0,0.00400000019,0.0,-0.00018018018873873875,7.207207891891909e-10
0.42119994936470107,0.4139999493647011,0.0,0.00400000019,0.0,-0.00018018018873873875,7.207207891891909e-10
0.42159994935460104,0.41439994935460106,0.00800000038,0.0,3.6320001725199998e-06,-0.0,1.4528001380160033e-08
0.421999949344501,0.41479994934450104,0.0,0.0120000001,0.0,-0.0005405405450450451,6.486486594594596e-09
0.42239994933440106,0.4151999493344011,0.00800000038,0.0160000008,3.6320001725199998e-06,-0.0007207207567567568,2.6059534064844746e-08
0.42279994932430104,0.41559994932430105,0.0,-0.00400000019,0.0,0.00018018018873873875,7.207207891891909e-10
0.4231999493142011,0.4159999493142011,0.0,0.00800000038,0.0,-0.0003603603774774775,2.8828831567567637e-09
0.42359994930410105,0.41639994930410107,0.00800000038,0.00800000038,3.6320001725199998e-06,-0.0003603603774774775,1.7410884536916797e-08
0.42399994929400103,0.41679994929400105,0.00800000038,0.00800000038,3.6320001725199998e-06,-0.0003603603774774775,1.7410884536916797e-08
0.42439994928390107,0.4171999492839011,0.0,0.0,0.0,-0.0,0.0
0.42479994927380105,0.41759994927380106,0.00800000038,0.00400000019,3.6320001725199998e-06,-0.00018018018873873875,1.5248722169349223e-08
0.425199949263701,0.41799994926370104,0.0,-0.00400000019,0.0,0.00018018018873873875,7.207207891891909e-10
0.42559994925360106,0.4183999492536011,0.0,0.00800000038,0.0,-0.0003603603774774775,2.8828831567567637e-09
0.42599994924350104,0.41879994924350106,0.00800000038,0.00800000038,3.6320001725199998e-06,-0.0003603603774774775,1.7410884536916797e-08
0.4263999492334011,0.4191999492334011,0.0,0.0,0.0,-0.0,0.0
0.42679994922330106,0.41959994922330107,0.0,0.00400000019,0.0,-0.00018018018873873875,7.207207891891909e-10
0.42719994921320104,0.41999994921320105,0.0,0.0,0.0,-0.0,0.0
0.42759994920310107,0.4203999492031011,0.0,0.0120000001,0.0,-0.0005405405450450451,6.486486594594596e-09
0.42799994919300105,0.42079994919300107,0.0,0.00400000019,0.0,-0.00018018018873873875,7.207207891891909e-10
0.42839994918290103,0.42119994918290105,0.0,-0.00400000019,0.0,0.00018018018873873875,7.207207891891909e-10
0.42879994917280106,0.4215999491728011,0.00800000038,0.0,3.6320001725199998e-06,-0.0,1.4528001380160033e-08
0.42919994916270104,0.42199994916270106,0.0,0.00400000019,0.0,-0.00018018018873873875,7.207207891891909e-10
0.429599949152601,0.42239994915260104,0.0,0.00800000038,0.0,-0.0003603603774774775,2.8828831567567637e-09
0.42999994914250106,0.4227999491425011,0.0,0.00800000038,0.0,-0.0003603603774774775,2.8828831567567637e-09
0.43039994913240104,0.42319994913240105,0.0,0.0,0.0,-0.0,0.0
0.4307999491223011,0.4235999491223011,0.0,-0.00400000019,0.0,0.00018018018873873875,7.207207891891909e-10
0.43119994911220105,0.42399994911220107,0.0,0.00400000019,0.0,-0.00018018018873873875,7.207207891891909e-10
0.43159994910210103,0.42439994910210105,0.00800000038,0.00800000038,3.6320001725199998e-06,-0.0003603603774774775,1.7410884536916797e-08
0.43199994909200107,0.4247999490920011,0.0,0.0,0.0,-0.0,0.0
0.43239994908190105,0.42519994908190106,0.0,0.0120000001,0.0,-0.0005405405450450451,6.486486594594596e-09
0.432799949071801,0.42559994907180104,0.0,0.00400000019,0.0,-0.00018018018873873875,7.207207891891909e-10
0.43319994906170106,0.4259999490617011,0.00800000038,0.0120000001,3.6320001725199998e-06,-0.0005405405450450451,2.101448797475463e-08
0.43359994905160104,0.42639994905160106,0.0,0.00800000038,0.0,-0.0003603603774774775,2.8828831567567637e-09
0.4339999490415011,0.4267999490415011,0.00800000038,0.0160000008,3.6320001725199998e-06,-0.0007207207567567568,2.6059534064844746e-08
0.43439994903140106,0.42719994903140107,0.0160000008,0.00800000038,7.2640003632e-06,-0.0003603603774774775,6.099488896795691e-08
0.43479994902130104,0.42759994902130105,0.00800000038,0.0160000008,3.6320001725199998e-06,-0.0007207207567567568,2.6059534064844746e-08
0.43519994901120107,0.4279999490112011,-0.00800000038,0.00800000038,-3.6320001725199998e-06,-0.0003603603774774775,1.7410884536916797e-08
0.43559994900110105,0.42839994900110107,0.00800000038,-0.00400000019,3.6320001725199998e-06,0.00018018018873873875,1.5248722169349223e-08
0.43599994899100103,0.42879994899100105,0.0,-0.00800000038,0.0,0.0003603603774774775,2.8828831567567637e-09
0.43639994898090106,0.4291999489809011,0.00800000038,-0.00400000019,3.6320001725199998e-06,0.00018018018873873875,1.5248722169349223e-08
0.43679994897080104,0.42959994897080106,0.00800000038,0.00800000038,3.6320001725199998e-06,-0.0003603603774774775,1.7410884536916797e-08
0.437199948960701,0.42999994896070104,0.00800000038,0.0,3.6320001725199998e-06,-0.0,1.4528001380160033e-08
0.43759994895060106,0.4303999489506011,0.00800000038,0.0160000008,3.6320001725199998e-06,-0.0007207207567567568,2.6059534064844746e-08
0.43799994894050104,0.43079994894050105,0.0,0.02400000021,0.0,-0.0010810810905405406,2.5945946400000002e-08
0.4383999489304011,0.4311999489304011,0.0,0.0,0.0,-0.0,0.0
0.43879994892030105,0.43159994892030107,0.0,0.0120000001,0.0,-0.0005405405450450451,6.486486594594596e-09
0.43919994891020103,0.43199994891020105,0.0,0.00800000038,0.0,-0.0003603603774774775,2.8828831567567637e-09
0.43959994890010107,0.4323999489001011,0.0,0.00800000038,0.0,-0.0003603603774774775,2.8828831567567637e-09
0.43999994889000105,0.43279994889000106,0.0,0.0,0.0,-0.0,0.0
0.440399948879901,0.43319994887990104,0.00800000038,0.00800000038,3.6320001725199998e-06,-0.0003603603774774775,1.7410884536916797e-08
0.44079994886980106,0.4335999488698011,0.00800000038,0.0160000008,3.6320001725199998e-06,-0.0007207207567567568,2.6059534064844746e-08
0.44119994885970104,0.43399994885970106,-0.00800000038,-0.00400000019,-3.6320001725199998e-06,0.00018018018873873875,1.5248722169349223e-08
0.4415999488496011,0.4343999488496011,0.0,0.0,0.0,-0.0,0.0
0.44199994883950106,0.43479994883950107,0.0160000008,0.0120000001,7.2640003632e-06,-0.0005405405450450451,6.459849240579475e-08
0.44239994882940104,0.43519994882940105,0.00800000038,0.0200000014,3.6320001725199998e-06,-0.0009009009639639639,3.254602192070066e-08
0.44279994881930107,0.4355999488193011,-0.00800000038,0.0,-3.6320001725199998e-06,-0.0,1.4528001380160033e-08
0.44319994880920105,0.43599994880920107,0.0,0.0,0.0,-0.0,0.0
0.44359994879910103,0.43639994879910105,0.0,0.00400000019,0.0,-0.00018018018873873875,7.207207891891909e-10
0.44399994878900106,0.4367999487890011,0.0,0.0,0.0,-0.0,0.0
0.44439994877890104,0.43719994877890106,0.00800000038,0.00800000038,3.6320001725199998e-06,-0.0003603603774774775,1.7410884536916797e-08
0.444799948768801,0.43759994876880104,0.0,0.0,0.0,-0.0,0.0
0.44519994875870106,0.4379999487587011,0.0,0.00800000038,0.0,-0.0003603603774774775,2.8828831567567637e-09
0.44559994874860104,0.43839994874860105,0.0,-0.00400000019,0.0,0.00018018018873873875,7.207207891891909e-10
0.4459999487385011,0.4387999487385011,0.0160000008,0.0120000001,7.2640003632e-06,-0.0005405405450450451,6.459849240579475e-08
0.44639994872840105,0.43919994872840107,0.0,0.00800000038,0.0,-0.0003603603774774775,2.8828831567567637e-09
0.44679994871830103,0.43959994871830105,0.0160000008,0.00800000038,7.2640003632e-06,-0.0003603603774774775,6.099488896795691e-08
0.44719994870820107,0.4399999487082011,0.0,-0.0160000008,0.0,0.0007207207567567568,1.1531532684684713e-08
0.44759994869810105,0.44039994869810106,0.0,0.00400000019,0.0,-0.00018018018873873875,7.207207891891909e-10
0.447999948688001,0.44079994868800104,0.0,0.0,0.0,-0.0,0.0
0.44839994867790106,0.4411999486779011,0.00800000038,0.0160000008,3.6320001725199998e-06,-0.0007207207567567568,2.6059534064844746e-08
0.44879994866780104,0.44159994866780106,0.0,0.0,0.0,-0.0,0.0
0.4491999486577011,0.4419999486577011,0.0,0.00400000019,0.0,-0.00018018018873873875,7.207207891891909e-10
0.44959994864760106,0.44239994864760107,0.0,0.00800000038,0.0,-0.0003603603774774775,2.8828831567567637e-09
0.44999994863750103,0.44279994863750105,0.00800000038,0.00800000038,3.6320001725199998e-06,-0.0003603603774774775,1.7410884536916797e-08
0.45039994862740107,0.4431999486274011,0.0,0.0120000001,0.0,-0.0005405405450450451,6.486486594594596e-09
0.45079994861730105,0.44359994861730107,0.00800000038,0.00800000038,3.6320001725199998e-06,-0.0003603603774774775,1.7410884536916797e-08
0.45119994860720103,0.44399994860720104,0.00800000038,0.0160000008,3.6320001725199998e-06,-0.0007207207567567568,2.6059534064844746e-08
0.45159994859710106,0.4443999485971011,0.00800000038,0.0,3.6320001725199998e-06,-0.0,1.4528001380160033e-08
0.45199994858700104,0.44479994858700106,0.00800000038,0.0120000001,3.6320001725199998e-06,-0.0005405405450450451,2.101448797475463e-08
0.452399948576901,0.44519994857690104,0.00800000038,-0.00400000019,3.6320001725199998e-06,0.00018018018873873875,1.5248722169349223e-08
0.45279994856680106,0.4455999485668011,0.0,0.00400000019,0.0,-0.00018018018873873875,7.207207891891909e-10
0.45319994855670104,0.44599994855670105,0.00800000038,0.0160000008,3.6320001725199998e-06,-0.0007207207567567568,2.6059534064844746e-08
0.4535999485466011,0.4463999485466011,0.00800000038,0.0120000001,3.6320001725199998e-06,-0.0005405405450450451,2.101448797475463e-08
0.45399994853650105,0.44679994853650107,0.0,0.00800000038,0.0,-0.0003603603774774775,2.8828831567567637e-09
0.45439994852640103,0.44719994852640105,0.00800000038,0.0120000001,3.6320001725199998e-06,-0.0005405405450450451,2.101448797475463e-08
0.45479994851630107,0.4475999485163011,0.0,0.0120000001,0.0,-0.0005405405450450451,6.486486594594596e-09
0.45519994850620105,0.44799994850620106,-0.00800000038,-0.00400000019,-3.6320001725199998e-06,0.00018018018873873875,1.5248722169349223e-08
0.455599948496101,0.44839994849610104,0.0,-0.00800000038,0.0,0.0003603603774774775,2.8828831567567637e-09
0.45599994848600106,0.4487999484860011,0.0,0.00400000019,0.0,-0.00018018018873873875,7.207207891891909e-10
0.45639994847590104,0.44919994847590106,0.0,0.0120000001,0.0,-0.0005405405450450451,6.486486594594596e-09
0.4567999484658011,0.4495999484658011,0.0,0.0120000001,0.0,-0.0005405405450450451,6.486486594594596e-09
0.45719994845570106,0.44999994845570107,0.0,0.00800000038,0.0,-0.0003603603774774775,2.8828831567567637e-09
0.45759994844560103,0.45039994844560105,0.00800000038,0.00800000038,3.6320001725199998e-06,-0.0003603603774774775,1.7410884536916797e-08
0.45799994843550107,0.4507999484355011,0.00800000038,0.0120000001,3.6320001725199998e-06,-0.0005405405450450451,2.101448797475463e-08
0.45839994842540105,0.45119994842540107,0.0,0.00800000038,0.0,-0.0003603603774774775,2.8828831567567637e-09
0.45879994841530103,0.45159994841530104,0.0,0.0,0.0,-0.0,0.0
0.45919994840520106,0.4519999484052011,0.0,0.0200000014,0.0,-0.0009009009639639639,1.801802054054063e-08
0.45959994839510104,0.45239994839510106,0.0,-0.00400000019,0.0,0.00018018018873873875,7.207207891891909e-10
0.4599999483850011,0.4527999483850011,0.00800000038,0.00800000038,3.6320001725199998e-06,-0.0003603603774774775,1.7410884536916797e-08
0.46039994837490106,0.4531999483749011,0.0,0.0,0.0,-0.0,0.0
0.46079994836480104,0.45359994836480105,0.00800000038,-0.00400000019,3.6320001725199998e-06,0.00018018018873873875,1.5248722169349223e-08
0.4611999483547011,0.4539999483547011,0.00800000038,0.00400000019,3.6320001725199998e-06,-0.00018018018873873875,1.5248722169349223e-08
0.46159994834460105,0.45439994834460107,0.0,0.00400000019,0.0,-0.00018018018873873875,7.207207891891909e-10
0.46199994833450103,0.45479994833450105,0.0,0.0200000014,0.0,-0.0009009009639639639,1.801802054054063e-08
0.46239994832440107,0.4551999483244011,0.0,0.00400000019,0.0,-0.00018018018873873875,7.207207891891909e-10
0.46279994831430105,0.45559994831430106,0.0,0.0160000008,0.0,-0.0007207207567567568,1.1531532684684713e-08
0.463199948304201,0.45599994830420104,0.00800000038,0.00400000019,3.6320001725199998e-06,-0.00018018018873873875,1.5248722169349223e-08
0.46359994829410106,0.4563999482941011,0.0,0.00800000038,0.0,-0.0003603603774774775,2.8828831567567637e-09
0.46399994828400104,0.45679994828400106,0.00800000038,0.00400000019,3.6320001725199998e-06,-0.00018018018873873875,1.5248722169349223e-08
0.4643999482739011,0.4571999482739011,0.0,0.0,0.0,-0.0,0.0
0.46479994826380105,0.45759994826380107,0.0,0.0,0.0,-0.0,0.0
0.46519994825370103,0.45799994825370105,0.0160000008,0.00800000038,7.2640003632e-06,-0.0003603603774774775,6.099488896795691e-08
0.46559994824360107,0.4583999482436011,0.0,0.00800000038,0.0,-0.0003603603774774775,2.8828831567567637e-09
0.46599994823350105,0.45879994823350106,0.0160000008,0.0160000008,7.2640003632e-06,-0.0007207207567567568,6.964353849588485e-08
0.46639994822340103,0.45919994822340104,0.0,0.00800000038,0.0,-0.0003603603774774775,2.8828831567567637e-09
0.46679994821330106,0.4595999482133011,0.00800000038,0.0160000008,3.6320001725199998e-06,-0.0007207207567567568,2.6059534064844746e-08
0.46719994820320104,0.45999994820320106,0.0,0.0200000014,0.0,-0.0009009009639639639,1.801802054054063e-08
0.4675999481931011,0.4603999481931011,0.00800000038,0.0160000008,3.6320001725199998e-06,-0.0007207207567567568,2.6059534064844746e-08
0.46799994818300106,0.4607999481830011,0.0,0.00400000019,0.0,-0.00018018018873873875,7.207207891891909e-10
0.46839994817290104,0.46119994817290105,0.0,0.00800000038,0.0,-0.0003603603774774775,2.8828831567567637e-09
0.4687999481628011,0.4615999481628011,0.00800000038,0.00800000038,3.6320001725199998e-06,-0.0003603603774774775,1.7410884536916797e-08
0.46919994815270105,0.46199994815270107,0.00800000038,0.0160000008,3.6320001725199998e-06,-0.0007207207567567568,2.6059534064844746e-08
0.46959994814260103,0.46239994814260105,0.0,0.00800000038,0.0,-0.0003603603774774775,2.8828831567567637e-09
0.46999994813250107,0.4627999481325011,0.00800000038,0.0160000008,3.6320001725199998e-06,-0.0007207207567567568,2.6059534064844746e-08
0.47039994812240105,0.46319994812240106,0.00800000038,0.00400000019,3.6320001725199998e-06,-0.00018018018873873875,1.5248722169349223e-08
0.470799948112301,0.46359994811230104,0.0,0.00400000019,0.0,-0.00018018018873873875,7.207207891891909e-10
0.47119994810220106,0.4639999481022011,0.00800000038,0.0200000014,3.6320001725199998e-06,-0.0009009009639639639,3.254602192070066e-08
0.47159994809210104,0.46439994809210106,0.0,0.00800000038,0.0,-0.0003603603774774775,2.8828831567567637e-09
0.4719999480820011,0.4647999480820011,0.00800000038,0.0120000001,3.6320001725199998e-06,-0.0005405405450450451,2.101448797475463e-08
0.47239994807190105,0.46519994807190107,0.00800000038,0.00400000019,3.6320001725199998e-06,-0.00018018018873873875,1.5248722169349223e-08
0.47279994806180103,0.46559994806180105,0.0,0.0160000008,0.0,-0.0007207207567567568,1.1531532684684713e-08
0.47319994805170107,0.4659999480517011,0.0,0.00400000019,0.0,-0.00018018018873873875,7.207207891891909e-10
0.47359994804160105,0.46639994804160106,0.00800000038,0.0120000001,3.6320001725199998e-06,-0.0005405405450450451,2.101448797475463e-08
0.47399994803150103,0.46679994803150104,0.0,-0.00800000038,0.0,0.0003603603774774775,2.8828831567567637e-09
0.47439994802140106,0.4671999480214011,0.00800000038,0.0200000014,3.6320001725199998e-06,-0.0009009009639639639,3.254602192070066e-08
0.47479994801130104,0.46759994801130106,0.00800000038,0.00400000019,3.6320001725199998e-06,-0.00018018018873873875,1.5248722169349223e-08
0.4751999480012011,0.4679999480012011,0.0,0.0120000001,0.0,-0.0005405405450450451,6.486486594594596e-09
0.47559994799110106,0.4683999479911011,0.0,0.00400000019,0.0,-0.00018018018873873875,7.207207891891909e-10
0.47599994798100104,0.46879994798100105,0.00800000038,-0.00400000019,3.6320001725199998e-06,0.00018018018873873875,1.5248722169349223e-08
0.47639994797090107,0.4691999479709011,0.0,-0.00800000038,0.0,0.0003603603774774775,2.8828831567567637e-09
0.47679994796080105,0.46959994796080107,0.0,0.0160000008,0.0,-0.0007207207567567568,1.1531532684684713e-08
0.47719994795070103,0.46999994795070105,0.0,0.0,0.0,-0.0,0.0
0.47759994794060107,0.4703999479406011,0.0,0.00800000038,0.0,-0.0003603603774774775,2.8828831567567637e-09
0.47799994793050105,0.47079994793050106,0.0160000008,0.0160000008,7.2640003632e-06,-0.0007207207567567568,6.964353849588485e-08
0.478399947920401,0.47119994792040104,0.0,0.00800000038,0.0,-0.0003603603774774775,2.8828831567567637e-09
0.47879994791030106,0.4715999479103011,0.00800000038,0.0120000001,3.6320001725199998e-06,-0.0005405405450450451,2.101448797475463e-08
0.47919994790020104,0.47199994790020106,0.0160000008,0.0160000008,7.2640003632e-06,-0.0007207207567567568,6.964353849588485e-08
0.4795999478901011,0.4723999478901011,0.0160000008,0.00800000038,7.2640003632e-06,-0.0003603603774774775,6.099488896795691e-08
0.47999994788000105,0.47279994788000107,0.00800000038,0.0120000001,3.6320001725199998e-06,-0.0005405405450450451,2.101448797475463e-08
0.48039994786990103,0.47319994786990105,-0.00800000038,-0.00800000038,-3.6320001725199998e-06,0.0003603603774774775,1.7410884536916797e-08
0.48079994785980107,0.4735999478598011,0.0,-0.00400000019,0.0,0.00018018018873873875,7.207207891891909e-10
0.48119994784970105,0.47399994784970106,0.00800000038,0.00400000019,3.6320001725199998e-06,-0.00018018018873873875,1.5248722169349223e-08
0.48159994783960103,0.47439994783960104,0.0,0.0,0.0,-0.0,0.0
0.48199994782950106,0.4747999478295011,0.0,0.00400000019,0.0,-0.00018018018873873875,7.207207891891909e-10
0.48239994781940104,0.47519994781940106,0.00800000038,-0.00800000038,3.6320001725199998e-06,0.0003603603774774775,1.7410884536916797e-08
0.4827999478093011,0.4755999478093011,0.0,-0.00800000038,0.0,0.0003603603774774775,2.8828831567567637e-09
0.48319994779920106,0.4759999477992011,0.0,0.0160000008,0.0,-0.0007207207567567568,1.1531532684684713e-08
0.48359994778910104,0.47639994778910105,0.0,0.0160000008,0.0,-0.0007207207567567568,1.1531532684684713e-08
0.48399994777900107,0.4767999477790011,0.0,-0.00800000038,0.0,0.0003603603774774775,2.8828831567567637e-09
0.48439994776890105,0.47719994776890107,0.00800000038,-0.00400000019,3.6320001725199998e-06,0.00018018018873873875,1.5248722169349223e-08
0.48479994775880103,0.47759994775880105,0.0160000008,0.0160000008,7.2640003632e-06,-0.0007207207567567568,6.964353849588485e-08
0.48519994774870107,0.4779999477487011,0.0,0.0160000008,0.0,-0.0007207207567567568,1.1531532684684713e-08
0.48559994773860105,0.47839994773860106,0.00800000038,0.0,3.6320001725199998e-06,-0.0,1.4528001380160033e-08
0.4859999477285011,0.4787999477285011,0.0,0.00800000038,0.0,-0.0003603603774774775,2.8828831567567637e-09
0.48639994771840106,0.4791999477184011,0.00800000038,0.00800000038,3.6320001725199998e-06,-0.0003603603774774775,1.7410884536916797e-08
0.48679994770830104,0.47959994770830106,0.0160000008,0.0200000014,7.2640003632e-06,-0.0009009009639639639,7.613002635174078e-08
0.4871999476982011,0.4799999476982011,0.0,0.00400000019,0.0,-0.00018018018873873875,7.207207891891909e-10
0.48759994768810105,0.48039994768810107,0.0,0.00800000038,0.0,-0.0003603603774774775,2.8828831567567637e-09
0.48799994767800103,0.48079994767800105,0.00800000038,0.00400000019,3.6320001725199998e-06,-0.00018018018873873875,1.5248722169349223e-08
0.48839994766790107,0.4811999476679011,0.0,0.0,0.0,-0.0,0.0
0.48879994765780105,0.48159994765780106,0.00800000038,0.00800000038,3.6320001725199998e-06,-0.0003603603774774775,1.7410884536916797e-08
0.48919994764770103,0.48199994764770104,0.00800000038,0.0120000001,3.6320001725199998e-06,-0.0005405405450450451,2.101448797475463e-08
0.48959994763760106,0.4823999476376011,0.0160000008,0.0160000008,7.2640003632e-06,-0.0007207207567567568,6.964353849588485e-08
0.48999994762750104,0.48279994762750106,0.00800000038,0.0,3.6320001725199998e-06,-0.0,1.4528001380160033e-08
0.4903999476174011,0.4831999476174011,0.00800000038,0.00800000038,3.6320001725199998e-06,-0.0003603603774774775,1.7410884536916797e-08
0.49079994760730106,0.4835999476073011,0.0,0.00800000038,0.0,-0.0003603603774774775,2.8828831567567637e-09
0.49119994759720104,0.48399994759720105,0.00800000038,0.00800000038,3.6320001725199998e-06,-0.0003603603774774775,1.7410884536916797e-08
0.49159994758710107,0.4843999475871011,0.00800000038,0.00400000019,3.6320001725199998e-06,-0.00018018018873873875,1.5248722169349223e-08
0.49199994757700105,0.48479994757700107,0.0,-0.00400000019,0.0,0.00018018018873873875,7.207207891891909e-10
0.49239994756690103,0.48519994756690105,0.0,-0.00400000019,0.0,0.00018018018873873875,7.207207891891909e-10
0.49279994755680107,0.4855999475568011,0.00800000038,0.0200000014,3.6320001725199998e-06,-0.0009009009639639639,3.254602192070066e-08
0.49319994754670105,0.48599994754670106,0.0,0.0160000008,0.0,-0.0007207207567567568,1.1531532684684713e-08
0.4935999475366011,0.4863999475366011,0.0,0.00400000019,0.0,-0.00018018018873873875,7.207207891891909e-10
0.49399994752650106,0.4867999475265011,0.00800000038,0.0200000014,3.6320001725199998e-06,-0.0009009009639639639,3.254602192070066e-08
0.49439994751640104,0.48719994751640106,0.0160000008,0.0160000008,7.2640003632e-06,-0.0007207207567567568,6.964353849588485e-08
0.4947999475063011,0.4875999475063011,0.0,0.00400000019,0.0,-0.00018018018873873875,7.207207891891909e-10
0.49519994749620105,0.48799994749620107,0.0,0.0,0.0,-0.0,0.0
0.49559994748610103,0.48839994748610105,0.00800000038,0.00800000038,3.6320001725199998e-06,-0.0003603603774774775,1.7410884536916797e-08
0.49599994747600107,0.4887999474760011,0.0160000008,0.0160000008,7.2640003632e-06,-0.0007207207567567568,6.964353849588485e-08
0.49639994746590105,0.48919994746590106,0.0,0.0,0.0,-0.0,0.0
0.496799947455801,0.48959994745580104,0.0,-0.0120000001,0.0,0.0005405405450450451,6.486486594594596e-09
0.49719994744570106,0.4899999474457011,0.0,0.0,0.0,-0.0,0.0
0.49759994743560104,0.49039994743560106,0.0160000008,0.0160000008,7.2640003632e-06,-0.0007207207567567568,6.964353849588485e-08
0.4979999474255011,0.4907999474255011,0.0,0.0,0.0,-0.0,0.0
0.49839994741540106,0.4911999474154011,0.00800000038,0.00800000038,3.6320001725199998e-06,-0.0003603603774774775,1.7410884536916797e-08
0.49879994740530104,0.49159994740530105,0.00800000038,0.00400000019,3.6320001725199998e-06,-0.00018018018873873875,1.5248722169349223e-08
0.49919994739520107,0.4919999473952011,0.0160000008,0.00400000019,7.2640003632e-06,-0.00018018018873873875,5.883272660038934e-08
0.49959994738510105,0.49239994738510107,0.0,0.00400000019,0.0,-0.00018018018873873875,7.207207891891909e-10
